 Cod. Tipo Entidad ; Tipo Entidad ; Cód. Entidad ; Entidad ; Cód. País ; País ; Cod CCAA ; CCAA ; Cod. Provincia ; Provincia ; Cód. Municipio ; Municipio/Población ; Domicilio ; CP ; Tipo 
BP ; BANCOS ; 0003 ; BANCO DE DEPOSITOS, S.A. (0003) ; ES ; ESPAÑA ; 12 ; MADRID             ; 28 ; Madrid ; 079 ; MADRID ; ZZ JOSE ORTEGA Y GASSET 00029 ; 28006 ; Operativas ; 
BP ; BANCOS ; 0011 ; ALLFUNDS BANK, S.A. (0011) ; ES ; ESPAÑA ; 12 ; MADRID             ; 28 ; Madrid ; 079 ; MADRID ; CL PADRES DOMINICOS 7 ; 28050 ; Operativas ; 
BP ; BANCOS ; 0019 ; DEUTSCHE BANK, S.A.E. (0019) ; ES ; ESPAÑA ; 12 ; MADRID             ; 28 ; Madrid ; 005 ; ALCALA DE HENARES ; ZZ NATIVIDAD, 2.  ; 28805 ; Operativas ; 
BP ; BANCOS ; 0019 ; DEUTSCHE BANK, S.A.E. (0019) ; ES ; ESPAÑA ; 12 ; MADRID             ; 28 ; Madrid ; 006 ; ALCOBENDAS ; ZZ BRUSELAS, 5  ; 28108 ; Operativas ; 
BP ; BANCOS ; 0019 ; DEUTSCHE BANK, S.A.E. (0019) ; ES ; ESPAÑA ; 12 ; MADRID             ; 28 ; Madrid ; 006 ; ALCOBENDAS ; ZZ CAPITAN FRANCISCO SANCHEZ LOPEZ, 6.  ; 28100 ; Operativas ; 
BP ; BANCOS ; 0019 ; DEUTSCHE BANK, S.A.E. (0019) ; ES ; ESPAÑA ; 12 ; MADRID             ; 28 ; Madrid ; 007 ; ALCORCON ; ZZ MAYOR, 12(OF.PRINCIPAL)  ; 28921 ; Operativas ; 
BP ; BANCOS ; 0019 ; DEUTSCHE BANK, S.A.E. (0019) ; ES ; ESPAÑA ; 12 ; MADRID             ; 28 ; Madrid ; 013 ; ARANJUEZ ; ZZ ALMIBAR, 87.  ; 28300 ; Operativas ; 
BP ; BANCOS ; 0019 ; DEUTSCHE BANK, S.A.E. (0019) ; ES ; ESPAÑA ; 12 ; MADRID             ; 28 ; Madrid ; 022 ; BOADILLA DEL MONTE ; AV DEL INFANTE DON LUIS 8 ; 28860 ; Operativas ; 
BP ; BANCOS ; 0019 ; DEUTSCHE BANK, S.A.E. (0019) ; ES ; ESPAÑA ; 12 ; MADRID             ; 28 ; Madrid ; 065 ; GETAFE ; ZZ MADRID, 14.  ; 28901 ; Operativas ; 
BP ; BANCOS ; 0019 ; DEUTSCHE BANK, S.A.E. (0019) ; ES ; ESPAÑA ; 12 ; MADRID             ; 28 ; Madrid ; 079 ; MADRID ; AV DONOSTIARRA, 26.  ; 28027 ; Operativas ; 
BP ; BANCOS ; 0019 ; DEUTSCHE BANK, S.A.E. (0019) ; ES ; ESPAÑA ; 12 ; MADRID             ; 28 ; Madrid ; 079 ; MADRID ; ZZ LOPEZ DE HOYOS, 121.  ; 28002 ; Operativas ; 
BP ; BANCOS ; 0019 ; DEUTSCHE BANK, S.A.E. (0019) ; ES ; ESPAÑA ; 12 ; MADRID             ; 28 ; Madrid ; 079 ; MADRID ; ZZ CALERUEGA, 1.  ; 28033 ; Operativas ; 
BP ; BANCOS ; 0019 ; DEUTSCHE BANK, S.A.E. (0019) ; ES ; ESPAÑA ; 12 ; MADRID             ; 28 ; Madrid ; 079 ; MADRID ; CL ORTEGA Y GASSET 62 ; 28006 ; Operativas ; 
BP ; BANCOS ; 0019 ; DEUTSCHE BANK, S.A.E. (0019) ; ES ; ESPAÑA ; 12 ; MADRID             ; 28 ; Madrid ; 079 ; MADRID ; CL ALBERTO AGUILERA 1 ; 28016 ; Operativas ; 
BP ; BANCOS ; 0019 ; DEUTSCHE BANK, S.A.E. (0019) ; ES ; ESPAÑA ; 12 ; MADRID             ; 28 ; Madrid ; 079 ; MADRID ; CL SOR ANGELA DE LA CRUZ 20 ; 28020 ; Operativas ; 
BP ; BANCOS ; 0019 ; DEUTSCHE BANK, S.A.E. (0019) ; ES ; ESPAÑA ; 12 ; MADRID             ; 28 ; Madrid ; 079 ; MADRID ; ZZ P.DE LA CASTELLANA, 18(OF.PRINCIPAL)  ; 28046 ; Operativas ; 
BP ; BANCOS ; 0019 ; DEUTSCHE BANK, S.A.E. (0019) ; ES ; ESPAÑA ; 12 ; MADRID             ; 28 ; Madrid ; 079 ; MADRID ; AV DE LOS ANDES 12 ; 28042 ; Operativas ; 
BP ; BANCOS ; 0019 ; DEUTSCHE BANK, S.A.E. (0019) ; ES ; ESPAÑA ; 12 ; MADRID             ; 28 ; Madrid ; 079 ; MADRID ; PS DE LA CASTELLANA 66 ; 28046 ; Operativas ; 
BP ; BANCOS ; 0019 ; DEUTSCHE BANK, S.A.E. (0019) ; ES ; ESPAÑA ; 12 ; MADRID             ; 28 ; Madrid ; 079 ; MADRID ; ZZ PEREZ DE VICTORIA, 3 ARAVACA.  ; 28023 ; Operativas ; 
BP ; BANCOS ; 0019 ; DEUTSCHE BANK, S.A.E. (0019) ; ES ; ESPAÑA ; 12 ; MADRID             ; 28 ; Madrid ; 080 ; MAJADAHONDA ; ZZ GRAN VIA, 27  ; 28220 ; Operativas ; 
BP ; BANCOS ; 0019 ; DEUTSCHE BANK, S.A.E. (0019) ; ES ; ESPAÑA ; 12 ; MADRID             ; 28 ; Madrid ; 106 ; PARLA ; ZZ SEVERO OCHOA, 18  ; 28981 ; Operativas ; 
BP ; BANCOS ; 0019 ; DEUTSCHE BANK, S.A.E. (0019) ; ES ; ESPAÑA ; 12 ; MADRID             ; 28 ; Madrid ; 113 ; PINTO ; ZZ NACION DOMINICANA 22  ; 28320 ; Operativas ; 
BP ; BANCOS ; 0019 ; DEUTSCHE BANK, S.A.E. (0019) ; ES ; ESPAÑA ; 12 ; MADRID             ; 28 ; Madrid ; 115 ; POZUELO DE ALARCON ; ZZ AVDA EUROPA, 14  ; 28224 ; Operativas ; 
BP ; BANCOS ; 0019 ; DEUTSCHE BANK, S.A.E. (0019) ; ES ; ESPAÑA ; 12 ; MADRID             ; 28 ; Madrid ; 123 ; RIVAS-VACIAMADRID ; ZZ PABLO IGLESIAS, 79  ; 28529 ; Operativas ; 
BP ; BANCOS ; 0019 ; DEUTSCHE BANK, S.A.E. (0019) ; ES ; ESPAÑA ; 12 ; MADRID             ; 28 ; Madrid ; 127 ; ROZAS DE MADRID (LAS) ; ZZ REAL, 31  ; 28230 ; Operativas ; 
BP ; BANCOS ; 0019 ; DEUTSCHE BANK, S.A.E. (0019) ; ES ; ESPAÑA ; 12 ; MADRID             ; 28 ; Madrid ; 148 ; TORREJON DE ARDOZ ; ZZ PESQUERA, 3     (OF PRAL)  ; 28850 ; Operativas ; 
BP ; BANCOS ; 0019 ; DEUTSCHE BANK, S.A.E. (0019) ; ES ; ESPAÑA ; 12 ; MADRID             ; 28 ; Madrid ; 903 ; TRES CANTOS ; AV COLMENAR VIEJO, 22 SEC LITERATOS  ; 28760 ; Operativas ; 
BP ; BANCOS ; 0036 ; SANTANDER INVESTMENT, S.A. (0036) ; ES ; ESPAÑA ; 12 ; MADRID             ; 28 ; Madrid ; 022 ; BOADILLA DEL MONTE ; AV DE CANTABRIA S/N ; 28022 ; Operativas ; 
BP ; BANCOS ; 0038 ; CACEIS BANK SPAIN S.A. (0038) ; ES ; ESPAÑA ; 12 ; MADRID             ; 28 ; Madrid ; 079 ; MADRID ; AV GRAN VIA DE HORTALEZA 3 ; 28033 ; Operativas ; 
BP ; BANCOS ; 0049 ; BANCO SANTANDER, S.A. (0049) ; ES ; ESPAÑA ; 12 ; MADRID             ; 28 ; Madrid ; 002 ; AJALVIR ; CL FRAGUA, 2 0002 ; 28864 ; Operativas ; 
BP ; BANCOS ; 0049 ; BANCO SANTANDER, S.A. (0049) ; ES ; ESPAÑA ; 12 ; MADRID             ; 28 ; Madrid ; 005 ; ALCALA DE HENARES ; AV COMPLUTENSE 57 ; 28805 ; Operativas ; 
BP ; BANCOS ; 0049 ; BANCO SANTANDER, S.A. (0049) ; ES ; ESPAÑA ; 12 ; MADRID             ; 28 ; Madrid ; 005 ; ALCALA DE HENARES ; CL CDAD. RESIDENCIAL UNIVERSITARIA LOCAL 3 S/N ; 28805 ; Operativas ; 
BP ; BANCOS ; 0049 ; BANCO SANTANDER, S.A. (0049) ; ES ; ESPAÑA ; 12 ; MADRID             ; 28 ; Madrid ; 005 ; ALCALA DE HENARES ; CL JOSE MARIA PEREDA, 4 0004 ; 28806 ; Operativas ; 
BP ; BANCOS ; 0049 ; BANCO SANTANDER, S.A. (0049) ; ES ; ESPAÑA ; 12 ; MADRID             ; 28 ; Madrid ; 005 ; ALCALA DE HENARES ; CL ANTONIO MACHADO, 1 0001 ; 28805 ; Operativas ; 
BP ; BANCOS ; 0049 ; BANCO SANTANDER, S.A. (0049) ; ES ; ESPAÑA ; 12 ; MADRID             ; 28 ; Madrid ; 005 ; ALCALA DE HENARES ; AV JUAN CARLOS I 13 ; 28806 ; Operativas ; 
BP ; BANCOS ; 0049 ; BANCO SANTANDER, S.A. (0049) ; ES ; ESPAÑA ; 12 ; MADRID             ; 28 ; Madrid ; 005 ; ALCALA DE HENARES ; CL TORRELAGUNA, 4 0004 ; 28807 ; Operativas ; 
BP ; BANCOS ; 0049 ; BANCO SANTANDER, S.A. (0049) ; ES ; ESPAÑA ; 12 ; MADRID             ; 28 ; Madrid ; 005 ; ALCALA DE HENARES ; CL LIBREROS, 19 0019 ; 28801 ; Operativas ; 
BP ; BANCOS ; 0049 ; BANCO SANTANDER, S.A. (0049) ; ES ; ESPAÑA ; 12 ; MADRID             ; 28 ; Madrid ; 005 ; ALCALA DE HENARES ; AV AV. DE LOS REYES CATOLICOS, 4 0004 ; 28802 ; Operativas ; 
BP ; BANCOS ; 0049 ; BANCO SANTANDER, S.A. (0049) ; ES ; ESPAÑA ; 12 ; MADRID             ; 28 ; Madrid ; 005 ; ALCALA DE HENARES ; CL JUAN DE AUSTRIA, 6 0006 ; 28805 ; Operativas ; 
BP ; BANCOS ; 0049 ; BANCO SANTANDER, S.A. (0049) ; ES ; ESPAÑA ; 12 ; MADRID             ; 28 ; Madrid ; 006 ; ALCOBENDAS ; CL AZALEA 1 ; 28109 ; Operativas ; 
BP ; BANCOS ; 0049 ; BANCO SANTANDER, S.A. (0049) ; ES ; ESPAÑA ; 12 ; MADRID             ; 28 ; Madrid ; 006 ; ALCOBENDAS ; CL CONSTITUCION 86 ; 28100 ; Operativas ; 
BP ; BANCOS ; 0049 ; BANCO SANTANDER, S.A. (0049) ; ES ; ESPAÑA ; 12 ; MADRID             ; 28 ; Madrid ; 006 ; ALCOBENDAS ; PZ PL. PUEBLO, 10 0010 ; 28100 ; Operativas ; 
BP ; BANCOS ; 0049 ; BANCO SANTANDER, S.A. (0049) ; ES ; ESPAÑA ; 12 ; MADRID             ; 28 ; Madrid ; 006 ; ALCOBENDAS ; AV BRUSELAS 6 ; 28108 ; Operativas ; 
BP ; BANCOS ; 0049 ; BANCO SANTANDER, S.A. (0049) ; ES ; ESPAÑA ; 12 ; MADRID             ; 28 ; Madrid ; 006 ; ALCOBENDAS ; CL BEGONIA, 113 LOCAL 3 (C.C.LOS CEDROS) 0113 ; 28109 ; Operativas ; 
BP ; BANCOS ; 0049 ; BANCO SANTANDER, S.A. (0049) ; ES ; ESPAÑA ; 12 ; MADRID             ; 28 ; Madrid ; 006 ; ALCOBENDAS ; PS PO. LA CHOPERA, 178 0178 ; 28100 ; Operativas ; 
BP ; BANCOS ; 0049 ; BANCO SANTANDER, S.A. (0049) ; ES ; ESPAÑA ; 12 ; MADRID             ; 28 ; Madrid ; 006 ; ALCOBENDAS ; PS ALCOBENDAS 10 ; 28109 ; Operativas ; 
BP ; BANCOS ; 0049 ; BANCO SANTANDER, S.A. (0049) ; ES ; ESPAÑA ; 12 ; MADRID             ; 28 ; Madrid ; 006 ; ALCOBENDAS ; PZ PL. LA MORALEJA, S-N S/N ; 28109 ; Operativas ; 
BP ; BANCOS ; 0049 ; BANCO SANTANDER, S.A. (0049) ; ES ; ESPAÑA ; 12 ; MADRID             ; 28 ; Madrid ; 007 ; ALCORCON ; PZ PL. PRINCIPES DE ESPAÑA, 3 0003 ; 28924 ; Operativas ; 
BP ; BANCOS ; 0049 ; BANCO SANTANDER, S.A. (0049) ; ES ; ESPAÑA ; 12 ; MADRID             ; 28 ; Madrid ; 007 ; ALCORCON ; AV AV. DE LAS RETAMAS, 13 0013 ; 28922 ; Operativas ; 
BP ; BANCOS ; 0049 ; BANCO SANTANDER, S.A. (0049) ; ES ; ESPAÑA ; 12 ; MADRID             ; 28 ; Madrid ; 007 ; ALCORCON ; PQ PARQUE BUJARUELO, 33  LOCALES 7.1 Y 6.2 0033 ; 28924 ; Operativas ; 
BP ; BANCOS ; 0049 ; BANCO SANTANDER, S.A. (0049) ; ES ; ESPAÑA ; 12 ; MADRID             ; 28 ; Madrid ; 007 ; ALCORCON ; CL Mayor 55 ; 28922 ; Operativas ; 
BP ; BANCOS ; 0049 ; BANCO SANTANDER, S.A. (0049) ; ES ; ESPAÑA ; 12 ; MADRID             ; 28 ; Madrid ; 007 ; ALCORCON ; CL MUNICH, 4 0004 ; 28923 ; Operativas ; 
BP ; BANCOS ; 0049 ; BANCO SANTANDER, S.A. (0049) ; ES ; ESPAÑA ; 12 ; MADRID             ; 28 ; Madrid ; 007 ; ALCORCON ; AV AVENIDA DE LA LIBERTAD 4 ; 28924 ; Operativas ; 
BP ; BANCOS ; 0049 ; BANCO SANTANDER, S.A. (0049) ; ES ; ESPAÑA ; 12 ; MADRID             ; 28 ; Madrid ; 009 ; ALGETE ; CL MAYOR, 48 0048 ; 28110 ; Operativas ; 
BP ; BANCOS ; 0049 ; BANCO SANTANDER, S.A. (0049) ; ES ; ESPAÑA ; 12 ; MADRID             ; 28 ; Madrid ; 010 ; ALPEDRETE ; CL DEL MAESTRO, 4 0004 ; 28430 ; Operativas ; 
BP ; BANCOS ; 0049 ; BANCO SANTANDER, S.A. (0049) ; ES ; ESPAÑA ; 12 ; MADRID             ; 28 ; Madrid ; 013 ; ARANJUEZ ; CL STUART, 66 0066 ; 28300 ; Operativas ; 
BP ; BANCOS ; 0049 ; BANCO SANTANDER, S.A. (0049) ; ES ; ESPAÑA ; 12 ; MADRID             ; 28 ; Madrid ; 014 ; ARGANDA DEL REY ; AV DEL EJERCITO, 1 S/N ; 28500 ; Operativas ; 
BP ; BANCOS ; 0049 ; BANCO SANTANDER, S.A. (0049) ; ES ; ESPAÑA ; 12 ; MADRID             ; 28 ; Madrid ; 014 ; ARGANDA DEL REY ; CL Real 7 ; 28500 ; Operativas ; 
BP ; BANCOS ; 0049 ; BANCO SANTANDER, S.A. (0049) ; ES ; ESPAÑA ; 12 ; MADRID             ; 28 ; Madrid ; 015 ; ARROYOMOLINOS ; PZ ESPAÑA 2 ; 28939 ; Operativas ; 
BP ; BANCOS ; 0049 ; BANCO SANTANDER, S.A. (0049) ; ES ; ESPAÑA ; 12 ; MADRID             ; 28 ; Madrid ; 022 ; BOADILLA DEL MONTE ; AV ADOLFO SUAREZ 14 ; 28660 ; Operativas ; 
BP ; BANCOS ; 0049 ; BANCO SANTANDER, S.A. (0049) ; ES ; ESPAÑA ; 12 ; MADRID             ; 28 ; Madrid ; 022 ; BOADILLA DEL MONTE ; AV AV. CANTABRIA, S-N S/N ; 28660 ; Operativas ; 
BP ; BANCOS ; 0049 ; BANCO SANTANDER, S.A. (0049) ; ES ; ESPAÑA ; 12 ; MADRID             ; 28 ; Madrid ; 022 ; BOADILLA DEL MONTE ; AV AV. INFANTE DON LUIS, 9 0009 ; 28660 ; Operativas ; 
BP ; BANCOS ; 0049 ; BANCO SANTANDER, S.A. (0049) ; ES ; ESPAÑA ; 12 ; MADRID             ; 28 ; Madrid ; 022 ; BOADILLA DEL MONTE ; CR UR MONTEPRINCIPE CR BOADILLA KM 5.3 S/N ; 28668 ; Operativas ; 
BP ; BANCOS ; 0049 ; BANCO SANTANDER, S.A. (0049) ; ES ; ESPAÑA ; 12 ; MADRID             ; 28 ; Madrid ; 026 ; BRUNETE ; CL REAL DE SAN SEBASTIAN 10 ; 28690 ; Operativas ; 
BP ; BANCOS ; 0049 ; BANCO SANTANDER, S.A. (0049) ; ES ; ESPAÑA ; 12 ; MADRID             ; 28 ; Madrid ; 040 ; CIEMPOZUELOS ; CL VENTURA RODRIGUEZ 0016 ; 28350 ; Operativas ; 
BP ; BANCOS ; 0049 ; BANCO SANTANDER, S.A. (0049) ; ES ; ESPAÑA ; 12 ; MADRID             ; 28 ; Madrid ; 045 ; COLMENAR VIEJO ; CL MARQUES DE SANTILLANA 0018 ; 28770 ; Operativas ; 
BP ; BANCOS ; 0049 ; BANCO SANTANDER, S.A. (0049) ; ES ; ESPAÑA ; 12 ; MADRID             ; 28 ; Madrid ; 045 ; COLMENAR VIEJO ; PS PO. DE CRISTO, S-N (RES.STA.TERESA) S/N ; 28770 ; Operativas ; 
BP ; BANCOS ; 0049 ; BANCO SANTANDER, S.A. (0049) ; ES ; ESPAÑA ; 12 ; MADRID             ; 28 ; Madrid ; 047 ; COLLADO VILLALBA ; CL REAL, 46 0046 ; 28400 ; Operativas ; 
BP ; BANCOS ; 0049 ; BANCO SANTANDER, S.A. (0049) ; ES ; ESPAÑA ; 12 ; MADRID             ; 28 ; Madrid ; 047 ; COLLADO VILLALBA ; CL REAL, 20 0020 ; 28400 ; Operativas ; 
BP ; BANCOS ; 0049 ; BANCO SANTANDER, S.A. (0049) ; ES ; ESPAÑA ; 12 ; MADRID             ; 28 ; Madrid ; 049 ; COSLADA ; AV AV. PRINCIPES DE ESPAÑA, 45 (CTRO.CIAL.) 0045 ; 28820 ; Operativas ; 
BP ; BANCOS ; 0049 ; BANCO SANTANDER, S.A. (0049) ; ES ; ESPAÑA ; 12 ; MADRID             ; 28 ; Madrid ; 049 ; COSLADA ; AV CONSTITUCION 0085 ; 28820 ; Operativas ; 
BP ; BANCOS ; 0049 ; BANCO SANTANDER, S.A. (0049) ; ES ; ESPAÑA ; 12 ; MADRID             ; 28 ; Madrid ; 049 ; COSLADA ; AV AV. DE LA CONSTITUCION 39 ; 28820 ; Operativas ; 
BP ; BANCOS ; 0049 ; BANCO SANTANDER, S.A. (0049) ; ES ; ESPAÑA ; 12 ; MADRID             ; 28 ; Madrid ; 049 ; COSLADA ; AV AV. DE LA CONSTITUCION, 76 0076 ; 28820 ; Operativas ; 
BP ; BANCOS ; 0049 ; BANCO SANTANDER, S.A. (0049) ; ES ; ESPAÑA ; 12 ; MADRID             ; 28 ; Madrid ; 053 ; DAGANZO DE ARRIBA ; CL PINTOR VELAZQUEZ, 2 0002 ; 28814 ; Operativas ; 
BP ; BANCOS ; 0049 ; BANCO SANTANDER, S.A. (0049) ; ES ; ESPAÑA ; 12 ; MADRID             ; 28 ; Madrid ; 054 ; ESCORIAL (EL) ; CL ALFONSO XII, 13 0013 ; 28280 ; Operativas ; 
BP ; BANCOS ; 0049 ; BANCO SANTANDER, S.A. (0049) ; ES ; ESPAÑA ; 12 ; MADRID             ; 28 ; Madrid ; 058 ; FUENLABRADA ; CL LA PLAZA, 27 0027 ; 28944 ; Operativas ; 
BP ; BANCOS ; 0049 ; BANCO SANTANDER, S.A. (0049) ; ES ; ESPAÑA ; 12 ; MADRID             ; 28 ; Madrid ; 058 ; FUENLABRADA ; CL CONSTITUCION, 65 0065 ; 28946 ; Operativas ; 
BP ; BANCOS ; 0049 ; BANCO SANTANDER, S.A. (0049) ; ES ; ESPAÑA ; 12 ; MADRID             ; 28 ; Madrid ; 058 ; FUENLABRADA ; AV AV. PORTUGAL, 38 0038 ; 28943 ; Operativas ; 
BP ; BANCOS ; 0049 ; BANCO SANTANDER, S.A. (0049) ; ES ; ESPAÑA ; 12 ; MADRID             ; 28 ; Madrid ; 058 ; FUENLABRADA ; CL LEGANES, 35 0035 ; 28945 ; Operativas ; 
BP ; BANCOS ; 0049 ; BANCO SANTANDER, S.A. (0049) ; ES ; ESPAÑA ; 12 ; MADRID             ; 28 ; Madrid ; 058 ; FUENLABRADA ; CL FRANCIA, 12 0012 ; 28943 ; Operativas ; 
BP ; BANCOS ; 0049 ; BANCO SANTANDER, S.A. (0049) ; ES ; ESPAÑA ; 12 ; MADRID             ; 28 ; Madrid ; 058 ; FUENLABRADA ; PZ PL. DE ORENSE, 10 (LOS NARANJOS) 0010 ; 28942 ; Operativas ; 
BP ; BANCOS ; 0049 ; BANCO SANTANDER, S.A. (0049) ; ES ; ESPAÑA ; 12 ; MADRID             ; 28 ; Madrid ; 061 ; GALAPAGAR ; PZ PL. DE LA MAJA, S-N S/N ; 28260 ; Operativas ; 
BP ; BANCOS ; 0049 ; BANCO SANTANDER, S.A. (0049) ; ES ; ESPAÑA ; 12 ; MADRID             ; 28 ; Madrid ; 065 ; GETAFE ; AV AV. DE ESPAÑA, 11-13 0011 ; 28903 ; Operativas ; 
BP ; BANCOS ; 0049 ; BANCO SANTANDER, S.A. (0049) ; ES ; ESPAÑA ; 12 ; MADRID             ; 28 ; Madrid ; 065 ; GETAFE ; AV AV. JUAN CARLOS I 16 ; 28905 ; Operativas ; 
BP ; BANCOS ; 0049 ; BANCO SANTANDER, S.A. (0049) ; ES ; ESPAÑA ; 12 ; MADRID             ; 28 ; Madrid ; 065 ; GETAFE ; CL JARDINES, 3 0003 ; 28901 ; Operativas ; 
BP ; BANCOS ; 0049 ; BANCO SANTANDER, S.A. (0049) ; ES ; ESPAÑA ; 12 ; MADRID             ; 28 ; Madrid ; 065 ; GETAFE ; CL MADRID 75 ; 28902 ; Operativas ; 
BP ; BANCOS ; 0049 ; BANCO SANTANDER, S.A. (0049) ; ES ; ESPAÑA ; 12 ; MADRID             ; 28 ; Madrid ; 065 ; GETAFE ; AV AV. MARIA ZAMBRANO, 4 0004 ; 28903 ; Operativas ; 
BP ; BANCOS ; 0049 ; BANCO SANTANDER, S.A. (0049) ; ES ; ESPAÑA ; 12 ; MADRID             ; 28 ; Madrid ; 065 ; GETAFE ; CL MADRID,126 EDIF.15 FAC.HUMANID. 0126 ; 28903 ; Operativas ; 
BP ; BANCOS ; 0049 ; BANCO SANTANDER, S.A. (0049) ; ES ; ESPAÑA ; 12 ; MADRID             ; 28 ; Madrid ; 066 ; GRIÑON ; PZ DE LA GRAMA 0004 ; 28971 ; Operativas ; 
BP ; BANCOS ; 0049 ; BANCO SANTANDER, S.A. (0049) ; ES ; ESPAÑA ; 12 ; MADRID             ; 28 ; Madrid ; 068 ; GUADARRAMA ; CL ALFONSO SERNA 17 ; 28440 ; Operativas ; 
BP ; BANCOS ; 0049 ; BANCO SANTANDER, S.A. (0049) ; ES ; ESPAÑA ; 12 ; MADRID             ; 28 ; Madrid ; 073 ; HUMANES DE MADRID ; CL MADRID 38-40 ; 28970 ; Operativas ; 
BP ; BANCOS ; 0049 ; BANCO SANTANDER, S.A. (0049) ; ES ; ESPAÑA ; 12 ; MADRID             ; 28 ; Madrid ; 074 ; LEGANES ; CL BUTARQUE, 15 0015 ; 28911 ; Operativas ; 
BP ; BANCOS ; 0049 ; BANCO SANTANDER, S.A. (0049) ; ES ; ESPAÑA ; 12 ; MADRID             ; 28 ; Madrid ; 074 ; LEGANES ; CL RIO MANZANARES, 35 0035 ; 28913 ; Operativas ; 
BP ; BANCOS ; 0049 ; BANCO SANTANDER, S.A. (0049) ; ES ; ESPAÑA ; 12 ; MADRID             ; 28 ; Madrid ; 074 ; LEGANES ; CL BUREBA, 17 0017 ; 28915 ; Operativas ; 
BP ; BANCOS ; 0049 ; BANCO SANTANDER, S.A. (0049) ; ES ; ESPAÑA ; 12 ; MADRID             ; 28 ; Madrid ; 074 ; LEGANES ; CL Esteban Terradas 11 ; 28914 ; Operativas ; 
BP ; BANCOS ; 0049 ; BANCO SANTANDER, S.A. (0049) ; ES ; ESPAÑA ; 12 ; MADRID             ; 28 ; Madrid ; 074 ; LEGANES ; AV AV. JUAN CARLOS I, 57 0057 ; 28916 ; Operativas ; 
BP ; BANCOS ; 0049 ; BANCO SANTANDER, S.A. (0049) ; ES ; ESPAÑA ; 12 ; MADRID             ; 28 ; Madrid ; 074 ; LEGANES ; PZ PL. DE ESPAÑA, 11 0011 ; 28911 ; Operativas ; 
BP ; BANCOS ; 0049 ; BANCO SANTANDER, S.A. (0049) ; ES ; ESPAÑA ; 12 ; MADRID             ; 28 ; Madrid ; 074 ; LEGANES ; CL LOS MONEGROS, 13 0013 ; 28915 ; Operativas ; 
BP ; BANCOS ; 0049 ; BANCO SANTANDER, S.A. (0049) ; ES ; ESPAÑA ; 12 ; MADRID             ; 28 ; Madrid ; 079 ; MADRID ; CL FUENCARRAL, 79 0079 ; 28004 ; Operativas ; 
BP ; BANCOS ; 0049 ; BANCO SANTANDER, S.A. (0049) ; ES ; ESPAÑA ; 12 ; MADRID             ; 28 ; Madrid ; 079 ; MADRID ; CL SERRANO, 57 0057 ; 28006 ; Operativas ; 
BP ; BANCOS ; 0049 ; BANCO SANTANDER, S.A. (0049) ; ES ; ESPAÑA ; 12 ; MADRID             ; 28 ; Madrid ; 079 ; MADRID ; CL ARAPILES, 6-8 0006 ; 28015 ; Operativas ; 
BP ; BANCOS ; 0049 ; BANCO SANTANDER, S.A. (0049) ; ES ; ESPAÑA ; 12 ; MADRID             ; 28 ; Madrid ; 079 ; MADRID ; CL ATOCHA, 55 0055 ; 28012 ; Operativas ; 
BP ; BANCOS ; 0049 ; BANCO SANTANDER, S.A. (0049) ; ES ; ESPAÑA ; 12 ; MADRID             ; 28 ; Madrid ; 079 ; MADRID ; CL PRINCESA, 31 0031 ; 28008 ; Operativas ; 
BP ; BANCOS ; 0049 ; BANCO SANTANDER, S.A. (0049) ; ES ; ESPAÑA ; 12 ; MADRID             ; 28 ; Madrid ; 079 ; MADRID ; CL LOPEZ DE HOYOS, 126 0126 ; 28002 ; Operativas ; 
BP ; BANCOS ; 0049 ; BANCO SANTANDER, S.A. (0049) ; ES ; ESPAÑA ; 12 ; MADRID             ; 28 ; Madrid ; 079 ; MADRID ; AV AV. DE BRUSELAS, 68 0068 ; 28028 ; Operativas ; 
BP ; BANCOS ; 0049 ; BANCO SANTANDER, S.A. (0049) ; ES ; ESPAÑA ; 12 ; MADRID             ; 28 ; Madrid ; 079 ; MADRID ; PS PO. DE LAS DELICIAS, 112 0112 ; 28045 ; Operativas ; 
BP ; BANCOS ; 0049 ; BANCO SANTANDER, S.A. (0049) ; ES ; ESPAÑA ; 12 ; MADRID             ; 28 ; Madrid ; 079 ; MADRID ; CL MARCELO USERA 43 ; 28026 ; Operativas ; 
BP ; BANCOS ; 0049 ; BANCO SANTANDER, S.A. (0049) ; ES ; ESPAÑA ; 12 ; MADRID             ; 28 ; Madrid ; 079 ; MADRID ; CL Doctor Gomez Ulla 2 ; 28028 ; Operativas ; 
BP ; BANCOS ; 0049 ; BANCO SANTANDER, S.A. (0049) ; ES ; ESPAÑA ; 12 ; MADRID             ; 28 ; Madrid ; 079 ; MADRID ; PS PO. DEL GENERAL MARTINEZ CAMPOS, 35 0035 ; 28010 ; Operativas ; 
BP ; BANCOS ; 0049 ; BANCO SANTANDER, S.A. (0049) ; ES ; ESPAÑA ; 12 ; MADRID             ; 28 ; Madrid ; 079 ; MADRID ; PS PO. DE LA CASTELLANA, 140 0140 ; 28046 ; Operativas ; 
BP ; BANCOS ; 0049 ; BANCO SANTANDER, S.A. (0049) ; ES ; ESPAÑA ; 12 ; MADRID             ; 28 ; Madrid ; 079 ; MADRID ; PZ PL. CONDE DE CASAL, 7 0007 ; 28007 ; Operativas ; 
BP ; BANCOS ; 0049 ; BANCO SANTANDER, S.A. (0049) ; ES ; ESPAÑA ; 12 ; MADRID             ; 28 ; Madrid ; 079 ; MADRID ; CL EMILIO MUÑOZ, 13 0013 ; 28037 ; Operativas ; 
BP ; BANCOS ; 0049 ; BANCO SANTANDER, S.A. (0049) ; ES ; ESPAÑA ; 12 ; MADRID             ; 28 ; Madrid ; 079 ; MADRID ; CL CEA BERMUDEZ 51 ; 28003 ; Operativas ; 
BP ; BANCOS ; 0049 ; BANCO SANTANDER, S.A. (0049) ; ES ; ESPAÑA ; 12 ; MADRID             ; 28 ; Madrid ; 079 ; MADRID ; CL HERNANI, 73 0073 ; 28020 ; Operativas ; 
BP ; BANCOS ; 0049 ; BANCO SANTANDER, S.A. (0049) ; ES ; ESPAÑA ; 12 ; MADRID             ; 28 ; Madrid ; 079 ; MADRID ; CL MAR CASPIO, 25 0025 ; 28033 ; Operativas ; 
BP ; BANCOS ; 0049 ; BANCO SANTANDER, S.A. (0049) ; ES ; ESPAÑA ; 12 ; MADRID             ; 28 ; Madrid ; 079 ; MADRID ; CR CTRA. VILLAVERDE A VALLECAS, KM. 3,800 S/N ; 28053 ; Operativas ; 
BP ; BANCOS ; 0049 ; BANCO SANTANDER, S.A. (0049) ; ES ; ESPAÑA ; 12 ; MADRID             ; 28 ; Madrid ; 079 ; MADRID ; CL Oca 80 ; 28025 ; Operativas ; 
BP ; BANCOS ; 0049 ; BANCO SANTANDER, S.A. (0049) ; ES ; ESPAÑA ; 12 ; MADRID             ; 28 ; Madrid ; 079 ; MADRID ; CL FRANCOS RODRIGUEZ, 56 0056 ; 28039 ; Operativas ; 
BP ; BANCOS ; 0049 ; BANCO SANTANDER, S.A. (0049) ; ES ; ESPAÑA ; 12 ; MADRID             ; 28 ; Madrid ; 079 ; MADRID ; CL ARTURO SORIA, 320 0320 ; 28033 ; Operativas ; 
BP ; BANCOS ; 0049 ; BANCO SANTANDER, S.A. (0049) ; ES ; ESPAÑA ; 12 ; MADRID             ; 28 ; Madrid ; 079 ; MADRID ; CL FERMIN CABALLERO, 69 0069 ; 28034 ; Operativas ; 
BP ; BANCOS ; 0049 ; BANCO SANTANDER, S.A. (0049) ; ES ; ESPAÑA ; 12 ; MADRID             ; 28 ; Madrid ; 079 ; MADRID ; PZ PL. MARIANO DE CAVIA, 1 0001 ; 28007 ; Operativas ; 
BP ; BANCOS ; 0049 ; BANCO SANTANDER, S.A. (0049) ; ES ; ESPAÑA ; 12 ; MADRID             ; 28 ; Madrid ; 079 ; MADRID ; AV AV. BADAJOZ, 7 0007 ; 28027 ; Operativas ; 
BP ; BANCOS ; 0049 ; BANCO SANTANDER, S.A. (0049) ; ES ; ESPAÑA ; 12 ; MADRID             ; 28 ; Madrid ; 079 ; MADRID ; CL EMILIO FERRARI, 69 0069 ; 28017 ; Operativas ; 
BP ; BANCOS ; 0049 ; BANCO SANTANDER, S.A. (0049) ; ES ; ESPAÑA ; 12 ; MADRID             ; 28 ; Madrid ; 079 ; MADRID ; CL MELCHOR FERNANDEZ ALMAGRO, 44 0044 ; 28029 ; Operativas ; 
BP ; BANCOS ; 0049 ; BANCO SANTANDER, S.A. (0049) ; ES ; ESPAÑA ; 12 ; MADRID             ; 28 ; Madrid ; 079 ; MADRID ; CL CRUZ DEL SUR, 4 0004 ; 28007 ; Operativas ; 
BP ; BANCOS ; 0049 ; BANCO SANTANDER, S.A. (0049) ; ES ; ESPAÑA ; 12 ; MADRID             ; 28 ; Madrid ; 079 ; MADRID ; CL BATEL, 7 0007 ; 28042 ; Operativas ; 
BP ; BANCOS ; 0049 ; BANCO SANTANDER, S.A. (0049) ; ES ; ESPAÑA ; 12 ; MADRID             ; 28 ; Madrid ; 079 ; MADRID ; CL Juan de Mena 8 ; 28014 ; Operativas ; 
BP ; BANCOS ; 0049 ; BANCO SANTANDER, S.A. (0049) ; ES ; ESPAÑA ; 12 ; MADRID             ; 28 ; Madrid ; 079 ; MADRID ; CL FERMIN CABALLERO, 32 0032 ; 28034 ; Operativas ; 
BP ; BANCOS ; 0049 ; BANCO SANTANDER, S.A. (0049) ; ES ; ESPAÑA ; 12 ; MADRID             ; 28 ; Madrid ; 079 ; MADRID ; CL ELOY GONZALO, 19 0019 ; 28010 ; Operativas ; 
BP ; BANCOS ; 0049 ; BANCO SANTANDER, S.A. (0049) ; ES ; ESPAÑA ; 12 ; MADRID             ; 28 ; Madrid ; 079 ; MADRID ; CL ALCALDE SAINZ DE BARANDA, 29 0029 ; 28009 ; Operativas ; 
BP ; BANCOS ; 0049 ; BANCO SANTANDER, S.A. (0049) ; ES ; ESPAÑA ; 12 ; MADRID             ; 28 ; Madrid ; 079 ; MADRID ; CL CONDE DE PEÑALVER, 46 0046 ; 28006 ; Operativas ; 
BP ; BANCOS ; 0049 ; BANCO SANTANDER, S.A. (0049) ; ES ; ESPAÑA ; 12 ; MADRID             ; 28 ; Madrid ; 079 ; MADRID ; PS PO. DE LAS DELICIAS, 24 0024 ; 28045 ; Operativas ; 
BP ; BANCOS ; 0049 ; BANCO SANTANDER, S.A. (0049) ; ES ; ESPAÑA ; 12 ; MADRID             ; 28 ; Madrid ; 079 ; MADRID ; CL CAMARENA, 103 0103 ; 28047 ; Operativas ; 
BP ; BANCOS ; 0049 ; BANCO SANTANDER, S.A. (0049) ; ES ; ESPAÑA ; 12 ; MADRID             ; 28 ; Madrid ; 079 ; MADRID ; CL URUGUAY, 16-18 0016 ; 28016 ; Operativas ; 
BP ; BANCOS ; 0049 ; BANCO SANTANDER, S.A. (0049) ; ES ; ESPAÑA ; 12 ; MADRID             ; 28 ; Madrid ; 079 ; MADRID ; CL SANGENJO, 25-27 0025 ; 28034 ; Operativas ; 
BP ; BANCOS ; 0049 ; BANCO SANTANDER, S.A. (0049) ; ES ; ESPAÑA ; 12 ; MADRID             ; 28 ; Madrid ; 079 ; MADRID ; AV AV. CANTABRIA, 21 0021 ; 28042 ; Operativas ; 
BP ; BANCOS ; 0049 ; BANCO SANTANDER, S.A. (0049) ; ES ; ESPAÑA ; 12 ; MADRID             ; 28 ; Madrid ; 079 ; MADRID ; GL BILBAO 6 ; 28004 ; Operativas ; 
BP ; BANCOS ; 0049 ; BANCO SANTANDER, S.A. (0049) ; ES ; ESPAÑA ; 12 ; MADRID             ; 28 ; Madrid ; 079 ; MADRID ; CL Velazquez 25 ; 28001 ; Operativas ; 
BP ; BANCOS ; 0049 ; BANCO SANTANDER, S.A. (0049) ; ES ; ESPAÑA ; 12 ; MADRID             ; 28 ; Madrid ; 079 ; MADRID ; CL BARQUILLO 49 ; 28004 ; Operativas ; 
BP ; BANCOS ; 0049 ; BANCO SANTANDER, S.A. (0049) ; ES ; ESPAÑA ; 12 ; MADRID             ; 28 ; Madrid ; 079 ; MADRID ; CL DIEGO DE LEON 55 ; 28006 ; Operativas ; 
BP ; BANCOS ; 0049 ; BANCO SANTANDER, S.A. (0049) ; ES ; ESPAÑA ; 12 ; MADRID             ; 28 ; Madrid ; 079 ; MADRID ; CL FERRAZ 43 ; 28008 ; Operativas ; 
BP ; BANCOS ; 0049 ; BANCO SANTANDER, S.A. (0049) ; ES ; ESPAÑA ; 12 ; MADRID             ; 28 ; Madrid ; 079 ; MADRID ; CL O DONNELL 26 ; 28009 ; Operativas ; 
BP ; BANCOS ; 0049 ; BANCO SANTANDER, S.A. (0049) ; ES ; ESPAÑA ; 12 ; MADRID             ; 28 ; Madrid ; 079 ; MADRID ; CL GENERAL RICARDOS 178 ; 28025 ; Operativas ; 
BP ; BANCOS ; 0049 ; BANCO SANTANDER, S.A. (0049) ; ES ; ESPAÑA ; 12 ; MADRID             ; 28 ; Madrid ; 079 ; MADRID ; CL GAZTAMBIDE 51 ; 28015 ; Operativas ; 
BP ; BANCOS ; 0049 ; BANCO SANTANDER, S.A. (0049) ; ES ; ESPAÑA ; 12 ; MADRID             ; 28 ; Madrid ; 079 ; MADRID ; CL FRANCISCO SILVELA 126 ; 28002 ; Operativas ; 
BP ; BANCOS ; 0049 ; BANCO SANTANDER, S.A. (0049) ; ES ; ESPAÑA ; 12 ; MADRID             ; 28 ; Madrid ; 079 ; MADRID ; CL Orense 19 ; 28020 ; Operativas ; 
BP ; BANCOS ; 0049 ; BANCO SANTANDER, S.A. (0049) ; ES ; ESPAÑA ; 12 ; MADRID             ; 28 ; Madrid ; 079 ; MADRID ; AV DE REINA VICTORIA 68 ; 28003 ; Operativas ; 
BP ; BANCOS ; 0049 ; BANCO SANTANDER, S.A. (0049) ; ES ; ESPAÑA ; 12 ; MADRID             ; 28 ; Madrid ; 079 ; MADRID ; CL SEGOVIA 43 ; 28005 ; Operativas ; 
BP ; BANCOS ; 0049 ; BANCO SANTANDER, S.A. (0049) ; ES ; ESPAÑA ; 12 ; MADRID             ; 28 ; Madrid ; 079 ; MADRID ; AV DE ABRANTES 54 ; 28025 ; Operativas ; 
BP ; BANCOS ; 0049 ; BANCO SANTANDER, S.A. (0049) ; ES ; ESPAÑA ; 12 ; MADRID             ; 28 ; Madrid ; 079 ; MADRID ; PS DE LA CASTELLANA 160 ; 28046 ; Operativas ; 
BP ; BANCOS ; 0049 ; BANCO SANTANDER, S.A. (0049) ; ES ; ESPAÑA ; 12 ; MADRID             ; 28 ; Madrid ; 079 ; MADRID ; CL POETA JOAN MARAGALL 66 ; 28020 ; Operativas ; 
BP ; BANCOS ; 0049 ; BANCO SANTANDER, S.A. (0049) ; ES ; ESPAÑA ; 12 ; MADRID             ; 28 ; Madrid ; 079 ; MADRID ; CL GENOVA 15 ; 28004 ; Operativas ; 
BP ; BANCOS ; 0049 ; BANCO SANTANDER, S.A. (0049) ; ES ; ESPAÑA ; 12 ; MADRID             ; 28 ; Madrid ; 079 ; MADRID ; CL Alcala 6 ; 28014 ; Operativas ; 
BP ; BANCOS ; 0049 ; BANCO SANTANDER, S.A. (0049) ; ES ; ESPAÑA ; 12 ; MADRID             ; 28 ; Madrid ; 079 ; MADRID ; CL ALCALA, 74 0074 ; 28009 ; Operativas ; 
BP ; BANCOS ; 0049 ; BANCO SANTANDER, S.A. (0049) ; ES ; ESPAÑA ; 12 ; MADRID             ; 28 ; Madrid ; 079 ; MADRID ; CL SANTA ENGRACIA, 162-164 0162 ; 28003 ; Operativas ; 
BP ; BANCOS ; 0049 ; BANCO SANTANDER, S.A. (0049) ; ES ; ESPAÑA ; 12 ; MADRID             ; 28 ; Madrid ; 079 ; MADRID ; GL RUIZ GIMENEZ 1 ; 28015 ; Operativas ; 
BP ; BANCOS ; 0049 ; BANCO SANTANDER, S.A. (0049) ; ES ; ESPAÑA ; 12 ; MADRID             ; 28 ; Madrid ; 079 ; MADRID ; PS RECOLETOS 19 ; 28004 ; Operativas ; 
BP ; BANCOS ; 0049 ; BANCO SANTANDER, S.A. (0049) ; ES ; ESPAÑA ; 12 ; MADRID             ; 28 ; Madrid ; 079 ; MADRID ; PS DE LA CASTELLANA 77 ; 28046 ; Operativas ; 
BP ; BANCOS ; 0049 ; BANCO SANTANDER, S.A. (0049) ; ES ; ESPAÑA ; 12 ; MADRID             ; 28 ; Madrid ; 079 ; MADRID ; CL MARIO MORENO CANTINFLAS 47-49 ; 28052 ; Operativas ; 
BP ; BANCOS ; 0049 ; BANCO SANTANDER, S.A. (0049) ; ES ; ESPAÑA ; 12 ; MADRID             ; 28 ; Madrid ; 079 ; MADRID ; CL SAN GERMAN 0020 ; 28020 ; Operativas ; 
BP ; BANCOS ; 0049 ; BANCO SANTANDER, S.A. (0049) ; ES ; ESPAÑA ; 12 ; MADRID             ; 28 ; Madrid ; 079 ; MADRID ; CL ALCALA, 445 0445 ; 28027 ; Operativas ; 
BP ; BANCOS ; 0049 ; BANCO SANTANDER, S.A. (0049) ; ES ; ESPAÑA ; 12 ; MADRID             ; 28 ; Madrid ; 079 ; MADRID ; CL HERMOSILLA, 101 0101 ; 28006 ; Operativas ; 
BP ; BANCOS ; 0049 ; BANCO SANTANDER, S.A. (0049) ; ES ; ESPAÑA ; 12 ; MADRID             ; 28 ; Madrid ; 079 ; MADRID ; AV AV. MEDITERRANEO, 30 0030 ; 28007 ; Operativas ; 
BP ; BANCOS ; 0049 ; BANCO SANTANDER, S.A. (0049) ; ES ; ESPAÑA ; 12 ; MADRID             ; 28 ; Madrid ; 079 ; MADRID ; PS PO. ALBERTO PALACIOS, 9 0009 ; 28021 ; Operativas ; 
BP ; BANCOS ; 0049 ; BANCO SANTANDER, S.A. (0049) ; ES ; ESPAÑA ; 12 ; MADRID             ; 28 ; Madrid ; 079 ; MADRID ; CL OSA MAYOR, 90 ARAVACA 0090 ; 28023 ; Operativas ; 
BP ; BANCOS ; 0049 ; BANCO SANTANDER, S.A. (0049) ; ES ; ESPAÑA ; 12 ; MADRID             ; 28 ; Madrid ; 079 ; MADRID ; CL PRINCIPE DE VERGARA, 204 0204 ; 28002 ; Operativas ; 
BP ; BANCOS ; 0049 ; BANCO SANTANDER, S.A. (0049) ; ES ; ESPAÑA ; 12 ; MADRID             ; 28 ; Madrid ; 079 ; MADRID ; CL ANTONIO LOPEZ 46 ; 28019 ; Operativas ; 
BP ; BANCOS ; 0049 ; BANCO SANTANDER, S.A. (0049) ; ES ; ESPAÑA ; 12 ; MADRID             ; 28 ; Madrid ; 079 ; MADRID ; CL POETA JOAN MARAGALL 0060 ; 28020 ; Operativas ; 
BP ; BANCOS ; 0049 ; BANCO SANTANDER, S.A. (0049) ; ES ; ESPAÑA ; 12 ; MADRID             ; 28 ; Madrid ; 079 ; MADRID ; CL CLAUDIO COELLO, 114 0114 ; 28006 ; Operativas ; 
BP ; BANCOS ; 0049 ; BANCO SANTANDER, S.A. (0049) ; ES ; ESPAÑA ; 12 ; MADRID             ; 28 ; Madrid ; 079 ; MADRID ; CL QUINTANA, 19 0019 ; 28008 ; Operativas ; 
BP ; BANCOS ; 0049 ; BANCO SANTANDER, S.A. (0049) ; ES ; ESPAÑA ; 12 ; MADRID             ; 28 ; Madrid ; 079 ; MADRID ; CL CLARA DEL REY, 62 0062 ; 28002 ; Operativas ; 
BP ; BANCOS ; 0049 ; BANCO SANTANDER, S.A. (0049) ; ES ; ESPAÑA ; 12 ; MADRID             ; 28 ; Madrid ; 079 ; MADRID ; AV AV. MORATALAZ, 151 0151 ; 28030 ; Operativas ; 
BP ; BANCOS ; 0049 ; BANCO SANTANDER, S.A. (0049) ; ES ; ESPAÑA ; 12 ; MADRID             ; 28 ; Madrid ; 079 ; MADRID ; CL LUCHANA, 33-35 0033 ; 28010 ; Operativas ; 
BP ; BANCOS ; 0049 ; BANCO SANTANDER, S.A. (0049) ; ES ; ESPAÑA ; 12 ; MADRID             ; 28 ; Madrid ; 079 ; MADRID ; CL CACERES, 55 0055 ; 28045 ; Operativas ; 
BP ; BANCOS ; 0049 ; BANCO SANTANDER, S.A. (0049) ; ES ; ESPAÑA ; 12 ; MADRID             ; 28 ; Madrid ; 079 ; MADRID ; CL JOSE DEL HIERRO, 51 0051 ; 28027 ; Operativas ; 
BP ; BANCOS ; 0049 ; BANCO SANTANDER, S.A. (0049) ; ES ; ESPAÑA ; 12 ; MADRID             ; 28 ; Madrid ; 079 ; MADRID ; CL ARTURO SORIA 187 ; 28043 ; Operativas ; 
BP ; BANCOS ; 0049 ; BANCO SANTANDER, S.A. (0049) ; ES ; ESPAÑA ; 12 ; MADRID             ; 28 ; Madrid ; 079 ; MADRID ; CL JOSE DE CADALSO, 25 0025 ; 28044 ; Operativas ; 
BP ; BANCOS ; 0049 ; BANCO SANTANDER, S.A. (0049) ; ES ; ESPAÑA ; 12 ; MADRID             ; 28 ; Madrid ; 079 ; MADRID ; CL AZCONA 17 ; 28028 ; Operativas ; 
BP ; BANCOS ; 0049 ; BANCO SANTANDER, S.A. (0049) ; ES ; ESPAÑA ; 12 ; MADRID             ; 28 ; Madrid ; 079 ; MADRID ; PS PO. DE LA CASTELLANA, 144 0144 ; 28046 ; Operativas ; 
BP ; BANCOS ; 0049 ; BANCO SANTANDER, S.A. (0049) ; ES ; ESPAÑA ; 12 ; MADRID             ; 28 ; Madrid ; 079 ; MADRID ; CL FUENTE CARRANTONA, 39 0039 ; 28030 ; Operativas ; 
BP ; BANCOS ; 0049 ; BANCO SANTANDER, S.A. (0049) ; ES ; ESPAÑA ; 12 ; MADRID             ; 28 ; Madrid ; 079 ; MADRID ; AV COMPLUTENSE 10 ; 28040 ; Operativas ; 
BP ; BANCOS ; 0049 ; BANCO SANTANDER, S.A. (0049) ; ES ; ESPAÑA ; 12 ; MADRID             ; 28 ; Madrid ; 079 ; MADRID ; CL VENTISQUERO DE LA CONDESA, 13 0013 ; 28035 ; Operativas ; 
BP ; BANCOS ; 0049 ; BANCO SANTANDER, S.A. (0049) ; ES ; ESPAÑA ; 12 ; MADRID             ; 28 ; Madrid ; 079 ; MADRID ; CL SUECIA, 54 0054 ; 28022 ; Operativas ; 
BP ; BANCOS ; 0049 ; BANCO SANTANDER, S.A. (0049) ; ES ; ESPAÑA ; 12 ; MADRID             ; 28 ; Madrid ; 079 ; MADRID ; AV AV. DE LOS ANDES, 48 (ARROYO SANTO) 0048 ; 28042 ; Operativas ; 
BP ; BANCOS ; 0049 ; BANCO SANTANDER, S.A. (0049) ; ES ; ESPAÑA ; 12 ; MADRID             ; 28 ; Madrid ; 079 ; MADRID ; CL BRAVO MURILLO, 127 0127 ; 28020 ; Operativas ; 
BP ; BANCOS ; 0049 ; BANCO SANTANDER, S.A. (0049) ; ES ; ESPAÑA ; 12 ; MADRID             ; 28 ; Madrid ; 079 ; MADRID ; CL GRAN VIA, 80 0080 ; 28013 ; Operativas ; 
BP ; BANCOS ; 0049 ; BANCO SANTANDER, S.A. (0049) ; ES ; ESPAÑA ; 12 ; MADRID             ; 28 ; Madrid ; 079 ; MADRID ; AV AV. ALBUFERA 27 ; 28038 ; Operativas ; 
BP ; BANCOS ; 0049 ; BANCO SANTANDER, S.A. (0049) ; ES ; ESPAÑA ; 12 ; MADRID             ; 28 ; Madrid ; 079 ; MADRID ; CL ALMAGRO, 24 0024 ; 28010 ; Operativas ; 
BP ; BANCOS ; 0049 ; BANCO SANTANDER, S.A. (0049) ; ES ; ESPAÑA ; 12 ; MADRID             ; 28 ; Madrid ; 079 ; MADRID ; CL HERMANOS PINZON, 3 0003 ; 28036 ; Operativas ; 
BP ; BANCOS ; 0049 ; BANCO SANTANDER, S.A. (0049) ; ES ; ESPAÑA ; 12 ; MADRID             ; 28 ; Madrid ; 079 ; MADRID ; CL DIEGO DE LEON, 41 0041 ; 28006 ; Operativas ; 
BP ; BANCOS ; 0049 ; BANCO SANTANDER, S.A. (0049) ; ES ; ESPAÑA ; 12 ; MADRID             ; 28 ; Madrid ; 079 ; MADRID ; CL GALDO, 1 0001 ; 28013 ; Operativas ; 
BP ; BANCOS ; 0049 ; BANCO SANTANDER, S.A. (0049) ; ES ; ESPAÑA ; 12 ; MADRID             ; 28 ; Madrid ; 079 ; MADRID ; AV AV. AMERICA, 29 0029 ; 28002 ; Operativas ; 
BP ; BANCOS ; 0049 ; BANCO SANTANDER, S.A. (0049) ; ES ; ESPAÑA ; 12 ; MADRID             ; 28 ; Madrid ; 079 ; MADRID ; PS PO. DE LA CASTELLANA, 178 0178 ; 28046 ; Operativas ; 
BP ; BANCOS ; 0049 ; BANCO SANTANDER, S.A. (0049) ; ES ; ESPAÑA ; 12 ; MADRID             ; 28 ; Madrid ; 079 ; MADRID ; PS PO. SAN FRANCISCO DE SALES 0035 ; 28003 ; Operativas ; 
BP ; BANCOS ; 0049 ; BANCO SANTANDER, S.A. (0049) ; ES ; ESPAÑA ; 12 ; MADRID             ; 28 ; Madrid ; 079 ; MADRID ; PZ PL. CORREGIDOR SANCHO CORDOBA, 1 0001 ; 28030 ; Operativas ; 
BP ; BANCOS ; 0049 ; BANCO SANTANDER, S.A. (0049) ; ES ; ESPAÑA ; 12 ; MADRID             ; 28 ; Madrid ; 079 ; MADRID ; CL MARCELO USERA, 106 0106 ; 28026 ; Operativas ; 
BP ; BANCOS ; 0049 ; BANCO SANTANDER, S.A. (0049) ; ES ; ESPAÑA ; 12 ; MADRID             ; 28 ; Madrid ; 079 ; MADRID ; CL JUAN BRAVO 2 ; 28006 ; Operativas ; 
BP ; BANCOS ; 0049 ; BANCO SANTANDER, S.A. (0049) ; ES ; ESPAÑA ; 12 ; MADRID             ; 28 ; Madrid ; 079 ; MADRID ; AV AVENIDA DE CANTABRIA S/N ; 28660 ; Operativas ; 
BP ; BANCOS ; 0049 ; BANCO SANTANDER, S.A. (0049) ; ES ; ESPAÑA ; 12 ; MADRID             ; 28 ; Madrid ; 079 ; MADRID ; AV AVENIDA DE GENERAL PERON 30 ; 28020 ; Operativas ; 
BP ; BANCOS ; 0049 ; BANCO SANTANDER, S.A. (0049) ; ES ; ESPAÑA ; 12 ; MADRID             ; 28 ; Madrid ; 079 ; MADRID ; CL JOSE ABASCAL 55 ; 28003 ; Operativas ; 
BP ; BANCOS ; 0049 ; BANCO SANTANDER, S.A. (0049) ; ES ; ESPAÑA ; 12 ; MADRID             ; 28 ; Madrid ; 079 ; MADRID ; CL LAGASCA, 40 00040 ; 28001 ; Operativas ; 
BP ; BANCOS ; 0049 ; BANCO SANTANDER, S.A. (0049) ; ES ; ESPAÑA ; 12 ; MADRID             ; 28 ; Madrid ; 079 ; MADRID ; CL PRINCIPE DE VERGARA 49 ; 28006 ; Operativas ; 
BP ; BANCOS ; 0049 ; BANCO SANTANDER, S.A. (0049) ; ES ; ESPAÑA ; 12 ; MADRID             ; 28 ; Madrid ; 079 ; MADRID ; CL JUAN BRAVO 28 ; 28006 ; Operativas ; 
BP ; BANCOS ; 0049 ; BANCO SANTANDER, S.A. (0049) ; ES ; ESPAÑA ; 12 ; MADRID             ; 28 ; Madrid ; 079 ; MADRID ; PZ Sagrados Corazones 1 ; 28036 ; Operativas ; 
BP ; BANCOS ; 0049 ; BANCO SANTANDER, S.A. (0049) ; ES ; ESPAÑA ; 12 ; MADRID             ; 28 ; Madrid ; 079 ; MADRID ; CL VILLANUEVA 2 ; 28001 ; Operativas ; 
BP ; BANCOS ; 0049 ; BANCO SANTANDER, S.A. (0049) ; ES ; ESPAÑA ; 12 ; MADRID             ; 28 ; Madrid ; 079 ; MADRID ; CL JUAN LUCA DE TENA 9 ; 28027 ; Operativas ; 
BP ; BANCOS ; 0049 ; BANCO SANTANDER, S.A. (0049) ; ES ; ESPAÑA ; 12 ; MADRID             ; 28 ; Madrid ; 079 ; MADRID ; CL VELAZQUEZ 31 ; 28001 ; Operativas ; 
BP ; BANCOS ; 0049 ; BANCO SANTANDER, S.A. (0049) ; ES ; ESPAÑA ; 12 ; MADRID             ; 28 ; Madrid ; 079 ; MADRID ; AV JUAN ANTONIO SAMARANCH C/V C/ LUIS MOYA BLANCO 20 ; 28055 ; Operativas ; 
BP ; BANCOS ; 0049 ; BANCO SANTANDER, S.A. (0049) ; ES ; ESPAÑA ; 12 ; MADRID             ; 28 ; Madrid ; 079 ; MADRID ; CL RIOS ROSAS 40 ; 28003 ; Operativas ; 
BP ; BANCOS ; 0049 ; BANCO SANTANDER, S.A. (0049) ; ES ; ESPAÑA ; 12 ; MADRID             ; 28 ; Madrid ; 079 ; MADRID ; CL ENRIQUE LARRETA, 14 0014 ; 28036 ; Operativas ; 
BP ; BANCOS ; 0049 ; BANCO SANTANDER, S.A. (0049) ; ES ; ESPAÑA ; 12 ; MADRID             ; 28 ; Madrid ; 079 ; MADRID ; CM CAMINO VIEJO DE LEGANES, 119 0119 ; 28025 ; Operativas ; 
BP ; BANCOS ; 0049 ; BANCO SANTANDER, S.A. (0049) ; ES ; ESPAÑA ; 12 ; MADRID             ; 28 ; Madrid ; 079 ; MADRID ; AV AV. GENERAL, 22 0022 ; 28042 ; Operativas ; 
BP ; BANCOS ; 0049 ; BANCO SANTANDER, S.A. (0049) ; ES ; ESPAÑA ; 12 ; MADRID             ; 28 ; Madrid ; 079 ; MADRID ; CL CARDENAL HERRERA ORIA, 245 0245 ; 28035 ; Operativas ; 
BP ; BANCOS ; 0049 ; BANCO SANTANDER, S.A. (0049) ; ES ; ESPAÑA ; 12 ; MADRID             ; 28 ; Madrid ; 079 ; MADRID ; PS PO. DE LA FLORIDA, 59 0059 ; 28008 ; Operativas ; 
BP ; BANCOS ; 0049 ; BANCO SANTANDER, S.A. (0049) ; ES ; ESPAÑA ; 12 ; MADRID             ; 28 ; Madrid ; 079 ; MADRID ; CL RAFAEL FINAT, 34 0034 ; 28044 ; Operativas ; 
BP ; BANCOS ; 0049 ; BANCO SANTANDER, S.A. (0049) ; ES ; ESPAÑA ; 12 ; MADRID             ; 28 ; Madrid ; 079 ; MADRID ; CL OLIVA DE PLASENCIA, 1 0001 ; 28044 ; Operativas ; 
BP ; BANCOS ; 0049 ; BANCO SANTANDER, S.A. (0049) ; ES ; ESPAÑA ; 12 ; MADRID             ; 28 ; Madrid ; 079 ; MADRID ; CL MARIA ANTONIA, 14 0014 ; 28026 ; Operativas ; 
BP ; BANCOS ; 0049 ; BANCO SANTANDER, S.A. (0049) ; ES ; ESPAÑA ; 12 ; MADRID             ; 28 ; Madrid ; 079 ; MADRID ; AV AV. DE LA VERBENA DE LA PALOMA, 1 0001 ; 28041 ; Operativas ; 
BP ; BANCOS ; 0049 ; BANCO SANTANDER, S.A. (0049) ; ES ; ESPAÑA ; 12 ; MADRID             ; 28 ; Madrid ; 079 ; MADRID ; CL VILLAPALACIOS, 34 0034 ; 28021 ; Operativas ; 
BP ; BANCOS ; 0049 ; BANCO SANTANDER, S.A. (0049) ; ES ; ESPAÑA ; 12 ; MADRID             ; 28 ; Madrid ; 079 ; MADRID ; CL MEZQUITA, 20 0020 ; 28041 ; Operativas ; 
BP ; BANCOS ; 0049 ; BANCO SANTANDER, S.A. (0049) ; ES ; ESPAÑA ; 12 ; MADRID             ; 28 ; Madrid ; 079 ; MADRID ; CL PEDRO LABORDE, 54 0054 ; 28018 ; Operativas ; 
BP ; BANCOS ; 0049 ; BANCO SANTANDER, S.A. (0049) ; ES ; ESPAÑA ; 12 ; MADRID             ; 28 ; Madrid ; 079 ; MADRID ; AV AV. DE DAROCA, 317 0317 ; 28032 ; Operativas ; 
BP ; BANCOS ; 0049 ; BANCO SANTANDER, S.A. (0049) ; ES ; ESPAÑA ; 12 ; MADRID             ; 28 ; Madrid ; 079 ; MADRID ; CL San Cipriano 29 ; 28032 ; Operativas ; 
BP ; BANCOS ; 0049 ; BANCO SANTANDER, S.A. (0049) ; ES ; ESPAÑA ; 12 ; MADRID             ; 28 ; Madrid ; 079 ; MADRID ; CL SAN MAXIMILIANO, 18-20 0018 ; 28017 ; Operativas ; 
BP ; BANCOS ; 0049 ; BANCO SANTANDER, S.A. (0049) ; ES ; ESPAÑA ; 12 ; MADRID             ; 28 ; Madrid ; 079 ; MADRID ; CR CTRA. DE CANILLAS, 70 0070 ; 28043 ; Operativas ; 
BP ; BANCOS ; 0049 ; BANCO SANTANDER, S.A. (0049) ; ES ; ESPAÑA ; 12 ; MADRID             ; 28 ; Madrid ; 079 ; MADRID ; CL TOLEDO, 133 0133 ; 28005 ; Operativas ; 
BP ; BANCOS ; 0049 ; BANCO SANTANDER, S.A. (0049) ; ES ; ESPAÑA ; 12 ; MADRID             ; 28 ; Madrid ; 079 ; MADRID ; CL LOPEZ DE HOYOS, 353 0353 ; 28043 ; Operativas ; 
BP ; BANCOS ; 0049 ; BANCO SANTANDER, S.A. (0049) ; ES ; ESPAÑA ; 12 ; MADRID             ; 28 ; Madrid ; 079 ; MADRID ; PZ PL. DE SANTA BARBARA, 5 0005 ; 28004 ; Operativas ; 
BP ; BANCOS ; 0049 ; BANCO SANTANDER, S.A. (0049) ; ES ; ESPAÑA ; 12 ; MADRID             ; 28 ; Madrid ; 079 ; MADRID ; CL SANCHEZ BARCAIZTEGUI 3 ; 28007 ; Operativas ; 
BP ; BANCOS ; 0049 ; BANCO SANTANDER, S.A. (0049) ; ES ; ESPAÑA ; 12 ; MADRID             ; 28 ; Madrid ; 079 ; MADRID ; CL POETA JOAN MARAGALL 37 ; 28020 ; Operativas ; 
BP ; BANCOS ; 0049 ; BANCO SANTANDER, S.A. (0049) ; ES ; ESPAÑA ; 12 ; MADRID             ; 28 ; Madrid ; 079 ; MADRID ; CL TROYA, 26 0026 ; 28022 ; Operativas ; 
BP ; BANCOS ; 0049 ; BANCO SANTANDER, S.A. (0049) ; ES ; ESPAÑA ; 12 ; MADRID             ; 28 ; Madrid ; 079 ; MADRID ; CL San Gerardo 2 ; 28035 ; Operativas ; 
BP ; BANCOS ; 0049 ; BANCO SANTANDER, S.A. (0049) ; ES ; ESPAÑA ; 12 ; MADRID             ; 28 ; Madrid ; 079 ; MADRID ; PS PO. DE LAS DELICIAS, 51 0051 ; 28045 ; Operativas ; 
BP ; BANCOS ; 0049 ; BANCO SANTANDER, S.A. (0049) ; ES ; ESPAÑA ; 12 ; MADRID             ; 28 ; Madrid ; 079 ; MADRID ; PS PO. DE EXTREMADURA, 117 0117 ; 28011 ; Operativas ; 
BP ; BANCOS ; 0049 ; BANCO SANTANDER, S.A. (0049) ; ES ; ESPAÑA ; 12 ; MADRID             ; 28 ; Madrid ; 079 ; MADRID ; CL MON.DEL ESCORIAL C-V MON.SAMOS S/N ; 28049 ; Operativas ; 
BP ; BANCOS ; 0049 ; BANCO SANTANDER, S.A. (0049) ; ES ; ESPAÑA ; 12 ; MADRID             ; 28 ; Madrid ; 079 ; MADRID ; PS SAN MILLAN DE LA COGOLLA 16 ; 28050 ; Operativas ; 
BP ; BANCOS ; 0049 ; BANCO SANTANDER, S.A. (0049) ; ES ; ESPAÑA ; 12 ; MADRID             ; 28 ; Madrid ; 079 ; MADRID ; AV AV. PESETA,S-N C-V MORALES S/N ; 28044 ; Operativas ; 
BP ; BANCOS ; 0049 ; BANCO SANTANDER, S.A. (0049) ; ES ; ESPAÑA ; 12 ; MADRID             ; 28 ; Madrid ; 079 ; MADRID ; PZ ARIEL, 4 PORTAL 1-LOCAL 2 0004 ; 28045 ; Operativas ; 
BP ; BANCOS ; 0049 ; BANCO SANTANDER, S.A. (0049) ; ES ; ESPAÑA ; 12 ; MADRID             ; 28 ; Madrid ; 079 ; MADRID ; CL LAS ALPUJARRAS P.2A Y 2B L3 S/N ; 28032 ; Operativas ; 
BP ; BANCOS ; 0049 ; BANCO SANTANDER, S.A. (0049) ; ES ; ESPAÑA ; 12 ; MADRID             ; 28 ; Madrid ; 079 ; MADRID ; AV AV DEL ENSANCHE,67 PAU VALLECAS 0067 ; 28051 ; Operativas ; 
BP ; BANCOS ; 0049 ; BANCO SANTANDER, S.A. (0049) ; ES ; ESPAÑA ; 12 ; MADRID             ; 28 ; Madrid ; 079 ; MADRID ; AV AV. MONFORTE DE LEMOS, 193 0193 ; 28035 ; Operativas ; 
BP ; BANCOS ; 0049 ; BANCO SANTANDER, S.A. (0049) ; ES ; ESPAÑA ; 12 ; MADRID             ; 28 ; Madrid ; 079 ; MADRID ; PS PS ARTILLEROS SN AULA 9 S/N ; 28032 ; Operativas ; 
BP ; BANCOS ; 0049 ; BANCO SANTANDER, S.A. (0049) ; ES ; ESPAÑA ; 12 ; MADRID             ; 28 ; Madrid ; 079 ; MADRID ; CL Rios Rosas,21 21 ; 28006 ; Operativas ; 
BP ; BANCOS ; 0049 ; BANCO SANTANDER, S.A. (0049) ; ES ; ESPAÑA ; 12 ; MADRID             ; 28 ; Madrid ; 079 ; MADRID ; CL JOSE ABASCAL 18 ; 28003 ; Operativas ; 
BP ; BANCOS ; 0049 ; BANCO SANTANDER, S.A. (0049) ; ES ; ESPAÑA ; 12 ; MADRID             ; 28 ; Madrid ; 079 ; MADRID ; CL MAYOR 5 ; 28013 ; Operativas ; 
BP ; BANCOS ; 0049 ; BANCO SANTANDER, S.A. (0049) ; ES ; ESPAÑA ; 12 ; MADRID             ; 28 ; Madrid ; 079 ; MADRID ; CL RODRIGUEZ SAN PEDRO 72 ; 28015 ; Operativas ; 
BP ; BANCOS ; 0049 ; BANCO SANTANDER, S.A. (0049) ; ES ; ESPAÑA ; 12 ; MADRID             ; 28 ; Madrid ; 079 ; MADRID ; CL ALCALA 372 ; 28027 ; Operativas ; 
BP ; BANCOS ; 0049 ; BANCO SANTANDER, S.A. (0049) ; ES ; ESPAÑA ; 12 ; MADRID             ; 28 ; Madrid ; 079 ; MADRID ; CL PANAMA 6 ; 28036 ; Operativas ; 
BP ; BANCOS ; 0049 ; BANCO SANTANDER, S.A. (0049) ; ES ; ESPAÑA ; 12 ; MADRID             ; 28 ; Madrid ; 079 ; MADRID ; CL Anastro 13 ; 28033 ; Operativas ; 
BP ; BANCOS ; 0049 ; BANCO SANTANDER, S.A. (0049) ; ES ; ESPAÑA ; 12 ; MADRID             ; 28 ; Madrid ; 079 ; MADRID ; CL JULIO PALACIOS, 23 (RESIDENCIAL MANILA) 0023 ; 28029 ; Operativas ; 
BP ; BANCOS ; 0049 ; BANCO SANTANDER, S.A. (0049) ; ES ; ESPAÑA ; 12 ; MADRID             ; 28 ; Madrid ; 079 ; MADRID ; CL ARTURO SORIA, 99 0099 ; 28043 ; Operativas ; 
BP ; BANCOS ; 0049 ; BANCO SANTANDER, S.A. (0049) ; ES ; ESPAÑA ; 12 ; MADRID             ; 28 ; Madrid ; 079 ; MADRID ; PS PO. DE LA CASTELLANA, 24 0024 ; 28046 ; Operativas ; 
BP ; BANCOS ; 0049 ; BANCO SANTANDER, S.A. (0049) ; ES ; ESPAÑA ; 12 ; MADRID             ; 28 ; Madrid ; 079 ; MADRID ; CL NURIA, 57 0057 ; 28034 ; Operativas ; 
BP ; BANCOS ; 0049 ; BANCO SANTANDER, S.A. (0049) ; ES ; ESPAÑA ; 12 ; MADRID             ; 28 ; Madrid ; 079 ; MADRID ; CL VIRGEN DE LAS VIÑAS, 14 0014 ; 28031 ; Operativas ; 
BP ; BANCOS ; 0049 ; BANCO SANTANDER, S.A. (0049) ; ES ; ESPAÑA ; 12 ; MADRID             ; 28 ; Madrid ; 079 ; MADRID ; CL CAMPEZO, 14 0014 ; 28022 ; Operativas ; 
BP ; BANCOS ; 0049 ; BANCO SANTANDER, S.A. (0049) ; ES ; ESPAÑA ; 12 ; MADRID             ; 28 ; Madrid ; 079 ; MADRID ; CL MACHU PICHU, 35 0035 ; 28043 ; Operativas ; 
BP ; BANCOS ; 0049 ; BANCO SANTANDER, S.A. (0049) ; ES ; ESPAÑA ; 12 ; MADRID             ; 28 ; Madrid ; 079 ; MADRID ; CL EINSTEIN, EDIFICIO PLAZA MAYOR UNIVERSIDAD SN ; 28049 ; Operativas ; 
BP ; BANCOS ; 0049 ; BANCO SANTANDER, S.A. (0049) ; ES ; ESPAÑA ; 12 ; MADRID             ; 28 ; Madrid ; 079 ; MADRID ; CL CL. MERCATOR S/N ; 28031 ; Operativas ; 
BP ; BANCOS ; 0049 ; BANCO SANTANDER, S.A. (0049) ; ES ; ESPAÑA ; 12 ; MADRID             ; 28 ; Madrid ; 079 ; MADRID ; CL EDIFICIO C.S.I.C. SERRANO, 113 0113 ; 28006 ; Operativas ; 
BP ; BANCOS ; 0049 ; BANCO SANTANDER, S.A. (0049) ; ES ; ESPAÑA ; 12 ; MADRID             ; 28 ; Madrid ; 079 ; MADRID ; CL PRINCIPE CARLOS,S-N SANCHINARRO S/N ; 28050 ; Operativas ; 
BP ; BANCOS ; 0049 ; BANCO SANTANDER, S.A. (0049) ; ES ; ESPAÑA ; 12 ; MADRID             ; 28 ; Madrid ; 079 ; MADRID ; CL SIERRA VIEJA, 59 0059 ; 28031 ; Operativas ; 
BP ; BANCOS ; 0049 ; BANCO SANTANDER, S.A. (0049) ; ES ; ESPAÑA ; 12 ; MADRID             ; 28 ; Madrid ; 079 ; MADRID ; CL CEBREROS, 26 0026 ; 28011 ; Operativas ; 
BP ; BANCOS ; 0049 ; BANCO SANTANDER, S.A. (0049) ; ES ; ESPAÑA ; 12 ; MADRID             ; 28 ; Madrid ; 079 ; MADRID ; PZ PL. MARQUES DE SALAMANCA, 3-4 0003 ; 28006 ; Operativas ; 
BP ; BANCOS ; 0049 ; BANCO SANTANDER, S.A. (0049) ; ES ; ESPAÑA ; 12 ; MADRID             ; 28 ; Madrid ; 079 ; MADRID ; CL ALCALA, 98 0098 ; 28009 ; Operativas ; 
BP ; BANCOS ; 0049 ; BANCO SANTANDER, S.A. (0049) ; ES ; ESPAÑA ; 12 ; MADRID             ; 28 ; Madrid ; 079 ; MADRID ; CL BRAVO MURILLO, 331 0331 ; 28020 ; Operativas ; 
BP ; BANCOS ; 0049 ; BANCO SANTANDER, S.A. (0049) ; ES ; ESPAÑA ; 12 ; MADRID             ; 28 ; Madrid ; 079 ; MADRID ; PZ CEBADA S/N ; 28005 ; Operativas ; 
BP ; BANCOS ; 0049 ; BANCO SANTANDER, S.A. (0049) ; ES ; ESPAÑA ; 12 ; MADRID             ; 28 ; Madrid ; 079 ; MADRID ; CL ALBERTO AGUILERA, 35 0035 ; 28015 ; Operativas ; 
BP ; BANCOS ; 0049 ; BANCO SANTANDER, S.A. (0049) ; ES ; ESPAÑA ; 12 ; MADRID             ; 28 ; Madrid ; 079 ; MADRID ; PZ PL. DE LEGAZPI, 1 0001 ; 28045 ; Operativas ; 
BP ; BANCOS ; 0049 ; BANCO SANTANDER, S.A. (0049) ; ES ; ESPAÑA ; 12 ; MADRID             ; 28 ; Madrid ; 079 ; MADRID ; CL GENERAL RICARDOS, 109 0109 ; 28019 ; Operativas ; 
BP ; BANCOS ; 0049 ; BANCO SANTANDER, S.A. (0049) ; ES ; ESPAÑA ; 12 ; MADRID             ; 28 ; Madrid ; 079 ; MADRID ; CL SAN BERNARDO, 8 0008 ; 28015 ; Operativas ; 
BP ; BANCOS ; 0049 ; BANCO SANTANDER, S.A. (0049) ; ES ; ESPAÑA ; 12 ; MADRID             ; 28 ; Madrid ; 079 ; MADRID ; CL ALCALA, 246 0246 ; 28027 ; Operativas ; 
BP ; BANCOS ; 0049 ; BANCO SANTANDER, S.A. (0049) ; ES ; ESPAÑA ; 12 ; MADRID             ; 28 ; Madrid ; 079 ; MADRID ; CL GOYA 25 ; 28001 ; Operativas ; 
BP ; BANCOS ; 0049 ; BANCO SANTANDER, S.A. (0049) ; ES ; ESPAÑA ; 12 ; MADRID             ; 28 ; Madrid ; 079 ; MADRID ; CL ALCALA 306 ; 28027 ; Operativas ; 
BP ; BANCOS ; 0049 ; BANCO SANTANDER, S.A. (0049) ; ES ; ESPAÑA ; 12 ; MADRID             ; 28 ; Madrid ; 079 ; MADRID ; GL GLORIETA DE EMBAJADORES, 3 0003 ; 28012 ; Operativas ; 
BP ; BANCOS ; 0049 ; BANCO SANTANDER, S.A. (0049) ; ES ; ESPAÑA ; 12 ; MADRID             ; 28 ; Madrid ; 079 ; MADRID ; AV AV. PADRE PIQUER, 5 0005 ; 28024 ; Operativas ; 
BP ; BANCOS ; 0049 ; BANCO SANTANDER, S.A. (0049) ; ES ; ESPAÑA ; 12 ; MADRID             ; 28 ; Madrid ; 079 ; MADRID ; PZ PRINCIPE DE VERGARA 277 ; 28016 ; Operativas ; 
BP ; BANCOS ; 0049 ; BANCO SANTANDER, S.A. (0049) ; ES ; ESPAÑA ; 12 ; MADRID             ; 28 ; Madrid ; 079 ; MADRID ; CL ISLA DE JAVA, 86 0086 ; 28034 ; Operativas ; 
BP ; BANCOS ; 0049 ; BANCO SANTANDER, S.A. (0049) ; ES ; ESPAÑA ; 12 ; MADRID             ; 28 ; Madrid ; 079 ; MADRID ; PZ PL. DE LA EMPERATRIZ, 7 0007 ; 28044 ; Operativas ; 
BP ; BANCOS ; 0049 ; BANCO SANTANDER, S.A. (0049) ; ES ; ESPAÑA ; 12 ; MADRID             ; 28 ; Madrid ; 079 ; MADRID ; CL CARLOS MARTIN ALVAREZ, 77-79 0077 ; 28018 ; Operativas ; 
BP ; BANCOS ; 0049 ; BANCO SANTANDER, S.A. (0049) ; ES ; ESPAÑA ; 12 ; MADRID             ; 28 ; Madrid ; 079 ; MADRID ; CL CLAUDIO COELLO, 9 0009 ; 28001 ; Operativas ; 
BP ; BANCOS ; 0049 ; BANCO SANTANDER, S.A. (0049) ; ES ; ESPAÑA ; 12 ; MADRID             ; 28 ; Madrid ; 079 ; MADRID ; CL BOLTAÑA, 68 0068 ; 28022 ; Operativas ; 
BP ; BANCOS ; 0049 ; BANCO SANTANDER, S.A. (0049) ; ES ; ESPAÑA ; 12 ; MADRID             ; 28 ; Madrid ; 080 ; MAJADAHONDA ; AV AV. ESPAÑA, 80 -ALTOS AVENIDA 0080 ; 28220 ; Operativas ; 
BP ; BANCOS ; 0049 ; BANCO SANTANDER, S.A. (0049) ; ES ; ESPAÑA ; 12 ; MADRID             ; 28 ; Madrid ; 080 ; MAJADAHONDA ; CL GRAN VIA, 1 0001 ; 28220 ; Operativas ; 
BP ; BANCOS ; 0049 ; BANCO SANTANDER, S.A. (0049) ; ES ; ESPAÑA ; 12 ; MADRID             ; 28 ; Madrid ; 080 ; MAJADAHONDA ; CR DE POZUELO 52 ; 28220 ; Operativas ; 
BP ; BANCOS ; 0049 ; BANCO SANTANDER, S.A. (0049) ; ES ; ESPAÑA ; 12 ; MADRID             ; 28 ; Madrid ; 080 ; MAJADAHONDA ; CL GRAN VIA, 2  P-1 0002 ; 28220 ; Operativas ; 
BP ; BANCOS ; 0049 ; BANCO SANTANDER, S.A. (0049) ; ES ; ESPAÑA ; 12 ; MADRID             ; 28 ; Madrid ; 080 ; MAJADAHONDA ; CL MORERAS S/N ; 28220 ; Operativas ; 
BP ; BANCOS ; 0049 ; BANCO SANTANDER, S.A. (0049) ; ES ; ESPAÑA ; 12 ; MADRID             ; 28 ; Madrid ; 084 ; MEJORADA DEL CAMPO ; AV DE LA CONSTITUCION, 23 S/N ; 28840 ; Operativas ; 
BP ; BANCOS ; 0049 ; BANCO SANTANDER, S.A. (0049) ; ES ; ESPAÑA ; 12 ; MADRID             ; 28 ; Madrid ; 089 ; MORALEJA DE ENMEDIO ; CL REAL 18 ; 28950 ; Operativas ; 
BP ; BANCOS ; 0049 ; BANCO SANTANDER, S.A. (0049) ; ES ; ESPAÑA ; 12 ; MADRID             ; 28 ; Madrid ; 090 ; MORALZARZAL ; PZ FRAGUA, 2 S/N ; 28411 ; Operativas ; 
BP ; BANCOS ; 0049 ; BANCO SANTANDER, S.A. (0049) ; ES ; ESPAÑA ; 12 ; MADRID             ; 28 ; Madrid ; 092 ; MOSTOLES ; CL DOS DE MAYO, 57 0057 ; 28934 ; Operativas ; 
BP ; BANCOS ; 0049 ; BANCO SANTANDER, S.A. (0049) ; ES ; ESPAÑA ; 12 ; MADRID             ; 28 ; Madrid ; 092 ; MOSTOLES ; AV DE LA CONSTITUCION 52 ; 28931 ; Operativas ; 
BP ; BANCOS ; 0049 ; BANCO SANTANDER, S.A. (0049) ; ES ; ESPAÑA ; 12 ; MADRID             ; 28 ; Madrid ; 092 ; MOSTOLES ; CL ANTONIO HERNANDEZ, 4 0004 ; 28931 ; Operativas ; 
BP ; BANCOS ; 0049 ; BANCO SANTANDER, S.A. (0049) ; ES ; ESPAÑA ; 12 ; MADRID             ; 28 ; Madrid ; 092 ; MOSTOLES ; CL MIGUEL ANGEL, 13 0013 ; 28932 ; Operativas ; 
BP ; BANCOS ; 0049 ; BANCO SANTANDER, S.A. (0049) ; ES ; ESPAÑA ; 12 ; MADRID             ; 28 ; Madrid ; 092 ; MOSTOLES ; AV IKER CASILLAS 34 ; 28935 ; Operativas ; 
BP ; BANCOS ; 0049 ; BANCO SANTANDER, S.A. (0049) ; ES ; ESPAÑA ; 12 ; MADRID             ; 28 ; Madrid ; 092 ; MOSTOLES ; CL TULIPAN S/N GALERIA COMERCIAL S/N ; 28933 ; Operativas ; 
BP ; BANCOS ; 0049 ; BANCO SANTANDER, S.A. (0049) ; ES ; ESPAÑA ; 12 ; MADRID             ; 28 ; Madrid ; 092 ; MOSTOLES ; AV AV. LIBERTAD, 26 0026 ; 28936 ; Operativas ; 
BP ; BANCOS ; 0049 ; BANCO SANTANDER, S.A. (0049) ; ES ; ESPAÑA ; 12 ; MADRID             ; 28 ; Madrid ; 092 ; MOSTOLES ; CL SIMON HERNANDEZ, 60 0060 ; 28937 ; Operativas ; 
BP ; BANCOS ; 0049 ; BANCO SANTANDER, S.A. (0049) ; ES ; ESPAÑA ; 12 ; MADRID             ; 28 ; Madrid ; 092 ; MOSTOLES ; CL VIOLETA 18 ; 28933 ; Operativas ; 
BP ; BANCOS ; 0049 ; BANCO SANTANDER, S.A. (0049) ; ES ; ESPAÑA ; 12 ; MADRID             ; 28 ; Madrid ; 096 ; NAVALCARNERO ; CL Escorial 23 ; 28600 ; Operativas ; 
BP ; BANCOS ; 0049 ; BANCO SANTANDER, S.A. (0049) ; ES ; ESPAÑA ; 12 ; MADRID             ; 28 ; Madrid ; 104 ; PARACUELLOS DE JARAMA ; CL REAL 30 ; 28860 ; Operativas ; 
BP ; BANCOS ; 0049 ; BANCO SANTANDER, S.A. (0049) ; ES ; ESPAÑA ; 12 ; MADRID             ; 28 ; Madrid ; 106 ; PARLA ; CL REAL, 10 0010 ; 28980 ; Operativas ; 
BP ; BANCOS ; 0049 ; BANCO SANTANDER, S.A. (0049) ; ES ; ESPAÑA ; 12 ; MADRID             ; 28 ; Madrid ; 106 ; PARLA ; CL PALOMA, 2 0002 ; 28980 ; Operativas ; 
BP ; BANCOS ; 0049 ; BANCO SANTANDER, S.A. (0049) ; ES ; ESPAÑA ; 12 ; MADRID             ; 28 ; Madrid ; 113 ; PINTO ; CL EGIDO DE LA FUENTE,13 0013 ; 28320 ; Operativas ; 
BP ; BANCOS ; 0049 ; BANCO SANTANDER, S.A. (0049) ; ES ; ESPAÑA ; 12 ; MADRID             ; 28 ; Madrid ; 115 ; POZUELO DE ALARCON ; CL SAGUNTO 5 ; 28223 ; Operativas ; 
BP ; BANCOS ; 0049 ; BANCO SANTANDER, S.A. (0049) ; ES ; ESPAÑA ; 12 ; MADRID             ; 28 ; Madrid ; 115 ; POZUELO DE ALARCON ; AV DE JUAN PABLO II 14 ; 28224 ; Operativas ; 
BP ; BANCOS ; 0049 ; BANCO SANTANDER, S.A. (0049) ; ES ; ESPAÑA ; 12 ; MADRID             ; 28 ; Madrid ; 115 ; POZUELO DE ALARCON ; CL CL . SAN LUCAS 4 ; 28223 ; Operativas ; 
BP ; BANCOS ; 0049 ; BANCO SANTANDER, S.A. (0049) ; ES ; ESPAÑA ; 12 ; MADRID             ; 28 ; Madrid ; 115 ; POZUELO DE ALARCON ; CL AQUILON, 2 0002 ; 28223 ; Operativas ; 
BP ; BANCOS ; 0049 ; BANCO SANTANDER, S.A. (0049) ; ES ; ESPAÑA ; 12 ; MADRID             ; 28 ; Madrid ; 115 ; POZUELO DE ALARCON ; AV AV.HUMERA S-N FAC.PSICOLOGIA S/N ; 28223 ; Operativas ; 
BP ; BANCOS ; 0049 ; BANCO SANTANDER, S.A. (0049) ; ES ; ESPAÑA ; 12 ; MADRID             ; 28 ; Madrid ; 115 ; POZUELO DE ALARCON ; CR UDAD.F.VITORIA M.C. CR.M515 KM 1.800 S/N ; 28223 ; Operativas ; 
BP ; BANCOS ; 0049 ; BANCO SANTANDER, S.A. (0049) ; ES ; ESPAÑA ; 12 ; MADRID             ; 28 ; Madrid ; 115 ; POZUELO DE ALARCON ; CL OSLO 1 ; 28224 ; Operativas ; 
BP ; BANCOS ; 0049 ; BANCO SANTANDER, S.A. (0049) ; ES ; ESPAÑA ; 12 ; MADRID             ; 28 ; Madrid ; 115 ; POZUELO DE ALARCON ; AV EUROPA 9 ; 28224 ; Operativas ; 
BP ; BANCOS ; 0049 ; BANCO SANTANDER, S.A. (0049) ; ES ; ESPAÑA ; 12 ; MADRID             ; 28 ; Madrid ; 123 ; RIVAS-VACIAMADRID ; AV AV. PABLO IGLESIAS, 79 0079 ; 28529 ; Operativas ; 
BP ; BANCOS ; 0049 ; BANCO SANTANDER, S.A. (0049) ; ES ; ESPAÑA ; 12 ; MADRID             ; 28 ; Madrid ; 123 ; RIVAS-VACIAMADRID ; AV AV. DE COVIBAR, 10 0010 ; 28521 ; Operativas ; 
BP ; BANCOS ; 0049 ; BANCO SANTANDER, S.A. (0049) ; ES ; ESPAÑA ; 12 ; MADRID             ; 28 ; Madrid ; 123 ; RIVAS-VACIAMADRID ; CL CL. MARIA ZAMBRANO, 3 0003 ; 28529 ; Operativas ; 
BP ; BANCOS ; 0049 ; BANCO SANTANDER, S.A. (0049) ; ES ; ESPAÑA ; 12 ; MADRID             ; 28 ; Madrid ; 127 ; ROZAS DE MADRID (LAS) ; CL CASTILLO DE AREVALO,3-EUROPOLIS 0003 ; 28230 ; Operativas ; 
BP ; BANCOS ; 0049 ; BANCO SANTANDER, S.A. (0049) ; ES ; ESPAÑA ; 12 ; MADRID             ; 28 ; Madrid ; 127 ; ROZAS DE MADRID (LAS) ; AV AV. REAL s/n ; 28230 ; Operativas ; 
BP ; BANCOS ; 0049 ; BANCO SANTANDER, S.A. (0049) ; ES ; ESPAÑA ; 12 ; MADRID             ; 28 ; Madrid ; 127 ; ROZAS DE MADRID (LAS) ; AV AV. CAMILO JOSE CELA, 10 0010 ; 28230 ; Operativas ; 
BP ; BANCOS ; 0049 ; BANCO SANTANDER, S.A. (0049) ; ES ; ESPAÑA ; 12 ; MADRID             ; 28 ; Madrid ; 129 ; SAN AGUSTIN DEL GUADALIX ; AV DE MADRID 33 ; 28750 ; Operativas ; 
BP ; BANCOS ; 0049 ; BANCO SANTANDER, S.A. (0049) ; ES ; ESPAÑA ; 12 ; MADRID             ; 28 ; Madrid ; 130 ; SAN FERNANDO DE HENARES ; AV AV. SOMORROSTRO, 46 (CTRO.CIAL.) 0046 ; 28830 ; Operativas ; 
BP ; BANCOS ; 0049 ; BANCO SANTANDER, S.A. (0049) ; ES ; ESPAÑA ; 12 ; MADRID             ; 28 ; Madrid ; 130 ; SAN FERNANDO DE HENARES ; AV CASTILLA,2(PQ.EMPRESARIAL S. FERNDO) S/N ; 28830 ; Operativas ; 
BP ; BANCOS ; 0049 ; BANCO SANTANDER, S.A. (0049) ; ES ; ESPAÑA ; 12 ; MADRID             ; 28 ; Madrid ; 130 ; SAN FERNANDO DE HENARES ; CL LIBERTAD 8 ; 28830 ; Operativas ; 
BP ; BANCOS ; 0049 ; BANCO SANTANDER, S.A. (0049) ; ES ; ESPAÑA ; 12 ; MADRID             ; 28 ; Madrid ; 131 ; SAN LORENZO DE EL ESCORIAL ; CL REY, 19 0019 ; 28200 ; Operativas ; 
BP ; BANCOS ; 0049 ; BANCO SANTANDER, S.A. (0049) ; ES ; ESPAÑA ; 12 ; MADRID             ; 28 ; Madrid ; 132 ; SAN MARTIN DE LA VEGA ; AV San Martín  Esquina calle Velazquez s/n ; 28330 ; Operativas ; 
BP ; BANCOS ; 0049 ; BANCO SANTANDER, S.A. (0049) ; ES ; ESPAÑA ; 12 ; MADRID             ; 28 ; Madrid ; 133 ; SAN MARTIN DE VALDEIGLESIAS ; CL PILAR 38 ; 28680 ; Operativas ; 
BP ; BANCOS ; 0049 ; BANCO SANTANDER, S.A. (0049) ; ES ; ESPAÑA ; 12 ; MADRID             ; 28 ; Madrid ; 134 ; SAN SEBASTIAN DE LOS REYES ; AV AV.TENERIFE CV BEATRIZ GALINDO S/N ; 28703 ; Operativas ; 
BP ; BANCOS ; 0049 ; BANCO SANTANDER, S.A. (0049) ; ES ; ESPAÑA ; 12 ; MADRID             ; 28 ; Madrid ; 134 ; SAN SEBASTIAN DE LOS REYES ; CL REAL 74 ; 28700 ; Operativas ; 
BP ; BANCOS ; 0049 ; BANCO SANTANDER, S.A. (0049) ; ES ; ESPAÑA ; 12 ; MADRID             ; 28 ; Madrid ; 134 ; SAN SEBASTIAN DE LOS REYES ; AV AV. VALDELASFUENTES, 23 0023 ; 28700 ; Operativas ; 
BP ; BANCOS ; 0049 ; BANCO SANTANDER, S.A. (0049) ; ES ; ESPAÑA ; 12 ; MADRID             ; 28 ; Madrid ; 134 ; SAN SEBASTIAN DE LOS REYES ; CL ALVARO MUÑOZ, 2 0002 ; 28700 ; Operativas ; 
BP ; BANCOS ; 0049 ; BANCO SANTANDER, S.A. (0049) ; ES ; ESPAÑA ; 12 ; MADRID             ; 28 ; Madrid ; 148 ; TORREJON DE ARDOZ ; AV PESQUERA 11 ; 28850 ; Operativas ; 
BP ; BANCOS ; 0049 ; BANCO SANTANDER, S.A. (0049) ; ES ; ESPAÑA ; 12 ; MADRID             ; 28 ; Madrid ; 148 ; TORREJON DE ARDOZ ; PZ PL. DE EUROPA, 1 0001 ; 28850 ; Operativas ; 
BP ; BANCOS ; 0049 ; BANCO SANTANDER, S.A. (0049) ; ES ; ESPAÑA ; 12 ; MADRID             ; 28 ; Madrid ; 148 ; TORREJON DE ARDOZ ; CL PLATINO 2 URB NUEVO PARQUE LOC 7 Y 8 S/N ; 28850 ; Operativas ; 
BP ; BANCOS ; 0049 ; BANCO SANTANDER, S.A. (0049) ; ES ; ESPAÑA ; 12 ; MADRID             ; 28 ; Madrid ; 148 ; TORREJON DE ARDOZ ; PZ MAYOR 15 ; 28850 ; Operativas ; 
BP ; BANCOS ; 0049 ; BANCO SANTANDER, S.A. (0049) ; ES ; ESPAÑA ; 12 ; MADRID             ; 28 ; Madrid ; 149 ; TORREJON DE LA CALZADA ; ZZ REAL, 17 S/N ; 28991 ; Operativas ; 
BP ; BANCOS ; 0049 ; BANCO SANTANDER, S.A. (0049) ; ES ; ESPAÑA ; 12 ; MADRID             ; 28 ; Madrid ; 152 ; TORRELODONES ; CL CARLOS PICABEA, 10-12 0010 ; 28250 ; Operativas ; 
BP ; BANCOS ; 0049 ; BANCO SANTANDER, S.A. (0049) ; ES ; ESPAÑA ; 12 ; MADRID             ; 28 ; Madrid ; 161 ; VALDEMORO ; CL AVUTARDAS 3 ; 28340 ; Operativas ; 
BP ; BANCOS ; 0049 ; BANCO SANTANDER, S.A. (0049) ; ES ; ESPAÑA ; 12 ; MADRID             ; 28 ; Madrid ; 161 ; VALDEMORO ; CL ESTRELLA DE ELOLA, 36 0036 ; 28340 ; Operativas ; 
BP ; BANCOS ; 0049 ; BANCO SANTANDER, S.A. (0049) ; ES ; ESPAÑA ; 12 ; MADRID             ; 28 ; Madrid ; 171 ; VILLA DEL PRADO ; CL LOS OFICIOS, 1 0001 ; 28630 ; Operativas ; 
BP ; BANCOS ; 0049 ; BANCO SANTANDER, S.A. (0049) ; ES ; ESPAÑA ; 12 ; MADRID             ; 28 ; Madrid ; 176 ; VILLANUEVA DE LA CAÑADA ; AV AV. UNIVERSIDAD, 1 0001 ; 28691 ; Operativas ; 
BP ; BANCOS ; 0049 ; BANCO SANTANDER, S.A. (0049) ; ES ; ESPAÑA ; 12 ; MADRID             ; 28 ; Madrid ; 176 ; VILLANUEVA DE LA CAÑADA ; CL REAL, 79 0079 ; 28691 ; Operativas ; 
BP ; BANCOS ; 0049 ; BANCO SANTANDER, S.A. (0049) ; ES ; ESPAÑA ; 12 ; MADRID             ; 28 ; Madrid ; 177 ; VILLANUEVA DEL PARDILLO ; AV AV. DE MADRID C-V ALAMEDA S-N S/N ; 28229 ; Operativas ; 
BP ; BANCOS ; 0049 ; BANCO SANTANDER, S.A. (0049) ; ES ; ESPAÑA ; 12 ; MADRID             ; 28 ; Madrid ; 180 ; VILLAREJO DE SALVANES ; PZ DE ESPAÑA 16 ; 28590 ; Operativas ; 
BP ; BANCOS ; 0049 ; BANCO SANTANDER, S.A. (0049) ; ES ; ESPAÑA ; 12 ; MADRID             ; 28 ; Madrid ; 181 ; VILLAVICIOSA DE ODON ; CL ED.B CAMPOS UEM TAJA SN S/N ; 28670 ; Operativas ; 
BP ; BANCOS ; 0049 ; BANCO SANTANDER, S.A. (0049) ; ES ; ESPAÑA ; 12 ; MADRID             ; 28 ; Madrid ; 181 ; VILLAVICIOSA DE ODON ; CL NUÑEZ DE ARENAS 26 ; 28670 ; Operativas ; 
BP ; BANCOS ; 0049 ; BANCO SANTANDER, S.A. (0049) ; ES ; ESPAÑA ; 12 ; MADRID             ; 28 ; Madrid ; 903 ; TRES CANTOS ; AV DE VIÑUELAS 52 ED.PLANETA S/N ; 28760 ; Operativas ; 
BP ; BANCOS ; 0049 ; BANCO SANTANDER, S.A. (0049) ; ES ; ESPAÑA ; 12 ; MADRID             ; 28 ; Madrid ; 903 ; TRES CANTOS ; CL SECTOR LITERATOS, 29 0029 ; 28760 ; Operativas ; 
BP ; BANCOS ; 0061 ; BANCA MARCH, S.A. (0061) ; ES ; ESPAÑA ; 12 ; MADRID             ; 28 ; Madrid ; 006 ; ALCOBENDAS ; AV BUSELAS 6 ; 28109 ; Operativas ; 
BP ; BANCOS ; 0061 ; BANCA MARCH, S.A. (0061) ; ES ; ESPAÑA ; 12 ; MADRID             ; 28 ; Madrid ; 007 ; ALCORCON ; CL LAS FABRICAS 8 ; 28923 ; Operativas ; 
BP ; BANCOS ; 0061 ; BANCA MARCH, S.A. (0061) ; ES ; ESPAÑA ; 12 ; MADRID             ; 28 ; Madrid ; 079 ; MADRID ; CL JUAN BRAVO 3 ; 28006 ; Operativas ; 
BP ; BANCOS ; 0061 ; BANCA MARCH, S.A. (0061) ; ES ; ESPAÑA ; 12 ; MADRID             ; 28 ; Madrid ; 079 ; MADRID ; CL serrano 213 ; 28016 ; Operativas ; 
BP ; BANCOS ; 0061 ; BANCA MARCH, S.A. (0061) ; ES ; ESPAÑA ; 12 ; MADRID             ; 28 ; Madrid ; 079 ; MADRID ; CL PRINCESA 25 ; 28008 ; Operativas ; 
BP ; BANCOS ; 0061 ; BANCA MARCH, S.A. (0061) ; ES ; ESPAÑA ; 12 ; MADRID             ; 28 ; Madrid ; 079 ; MADRID ; CL NUÑEZ DE BALBOA 70 ; 28006 ; Operativas ; 
BP ; BANCOS ; 0061 ; BANCA MARCH, S.A. (0061) ; ES ; ESPAÑA ; 12 ; MADRID             ; 28 ; Madrid ; 079 ; MADRID ; CL ALMAGRO 34 ; 28010 ; Operativas ; 
BP ; BANCOS ; 0061 ; BANCA MARCH, S.A. (0061) ; ES ; ESPAÑA ; 12 ; MADRID             ; 28 ; Madrid ; 079 ; MADRID ; CL FELIX BOIX 3 ; 28036 ; Operativas ; 
BP ; BANCOS ; 0061 ; BANCA MARCH, S.A. (0061) ; ES ; ESPAÑA ; 12 ; MADRID             ; 28 ; Madrid ; 079 ; MADRID ; PZ LEALTAD 2 ; 28014 ; Operativas ; 
BP ; BANCOS ; 0061 ; BANCA MARCH, S.A. (0061) ; ES ; ESPAÑA ; 12 ; MADRID             ; 28 ; Madrid ; 079 ; MADRID ; PS DE LA HABANA 8 ; 28036 ; Operativas ; 
BP ; BANCOS ; 0061 ; BANCA MARCH, S.A. (0061) ; ES ; ESPAÑA ; 12 ; MADRID             ; 28 ; Madrid ; 079 ; MADRID ; AV GENERAL PERON 20 ; 28020 ; Operativas ; 
BP ; BANCOS ; 0061 ; BANCA MARCH, S.A. (0061) ; ES ; ESPAÑA ; 12 ; MADRID             ; 28 ; Madrid ; 115 ; POZUELO DE ALARCON ; CL CERRO LOS PERDIGONES 1 ; 28224 ; Operativas ; 
BP ; BANCOS ; 0073 ; OPEN BANK, S.A. (0073) ; ES ; ESPAÑA ; 12 ; MADRID             ; 28 ; Madrid ; 079 ; MADRID ; PS DE LA CASTELLANA 134 ; 28046 ; Operativas ; 
BP ; BANCOS ; 0078 ; BANCA PUEYO, S.A. (0078) ; ES ; ESPAÑA ; 12 ; MADRID             ; 28 ; Madrid ; 007 ; ALCORCON ; ZZ NUEVA, 25 LOCAL L-1A  ; 28921 ; Operativas ; 
BP ; BANCOS ; 0078 ; BANCA PUEYO, S.A. (0078) ; ES ; ESPAÑA ; 12 ; MADRID             ; 28 ; Madrid ; 015 ; ARROYOMOLINOS ; CL CANTABRIA 8 ; 28939 ; Operativas ; 
BP ; BANCOS ; 0078 ; BANCA PUEYO, S.A. (0078) ; ES ; ESPAÑA ; 12 ; MADRID             ; 28 ; Madrid ; 058 ; FUENLABRADA ; ZZ ITALIA,4  ; 28943 ; Operativas ; 
BP ; BANCOS ; 0078 ; BANCA PUEYO, S.A. (0078) ; ES ; ESPAÑA ; 12 ; MADRID             ; 28 ; Madrid ; 065 ; GETAFE ; CL GENERAL PALACIO, 5. ; 28902 ; Operativas ; 
BP ; BANCOS ; 0078 ; BANCA PUEYO, S.A. (0078) ; ES ; ESPAÑA ; 12 ; MADRID             ; 28 ; Madrid ; 074 ; LEGANES ; CL EL SOL, 12. ; 28911 ; Operativas ; 
BP ; BANCOS ; 0078 ; BANCA PUEYO, S.A. (0078) ; ES ; ESPAÑA ; 12 ; MADRID             ; 28 ; Madrid ; 079 ; MADRID ; ZZ LUCHANA, 29  ; 28010 ; Operativas ; 
BP ; BANCOS ; 0078 ; BANCA PUEYO, S.A. (0078) ; ES ; ESPAÑA ; 12 ; MADRID             ; 28 ; Madrid ; 079 ; MADRID ; ZZ JUAN HURTADO DE MENDOZA, 5 BAJO  ; 28036 ; Operativas ; 
BP ; BANCOS ; 0078 ; BANCA PUEYO, S.A. (0078) ; ES ; ESPAÑA ; 12 ; MADRID             ; 28 ; Madrid ; 079 ; MADRID ; CL JAIME EL CONQUISTADOR 22 ; 28045 ; Operativas ; 
BP ; BANCOS ; 0078 ; BANCA PUEYO, S.A. (0078) ; ES ; ESPAÑA ; 12 ; MADRID             ; 28 ; Madrid ; 080 ; MAJADAHONDA ; CR BOADILLA DEL MONTE 8 ; 28220 ; Operativas ; 
BP ; BANCOS ; 0078 ; BANCA PUEYO, S.A. (0078) ; ES ; ESPAÑA ; 12 ; MADRID             ; 28 ; Madrid ; 092 ; MOSTOLES ; ZZ ANTONIO HERNADEZ, 22 IZDA LOCAL 1  ; 28931 ; Operativas ; 
BP ; BANCOS ; 0081 ; BANCO DE SABADELL, S.A. (0081) ; ES ; ESPAÑA ; 12 ; MADRID             ; 28 ; Madrid ; 002 ; AJALVIR ; ZZ CARLOS RUIZ, 27 0 ; 28864 ; Operativas ; 
BP ; BANCOS ; 0081 ; BANCO DE SABADELL, S.A. (0081) ; ES ; ESPAÑA ; 12 ; MADRID             ; 28 ; Madrid ; 005 ; ALCALA DE HENARES ; ZZ NATIVIDAD, 2 ESQ. VIA COMPLUTENSE. 0 ; 28805 ; Operativas ; 
BP ; BANCOS ; 0081 ; BANCO DE SABADELL, S.A. (0081) ; ES ; ESPAÑA ; 12 ; MADRID             ; 28 ; Madrid ; 006 ; ALCOBENDAS ; ZZ MARQUESA VIUDA DE ALDAMA 2-4 ; 28100 ; Operativas ; 
BP ; BANCOS ; 0081 ; BANCO DE SABADELL, S.A. (0081) ; ES ; ESPAÑA ; 12 ; MADRID             ; 28 ; Madrid ; 006 ; ALCOBENDAS ; ZZ BEGONIA, 113. (LA MORALEJA) 0 ; 28109 ; Operativas ; 
BP ; BANCOS ; 0081 ; BANCO DE SABADELL, S.A. (0081) ; ES ; ESPAÑA ; 12 ; MADRID             ; 28 ; Madrid ; 006 ; ALCOBENDAS ; AV  DE LA INDUSTRIA, 8 (EMPRESAS) 0 ; 28108 ; Operativas ; 
BP ; BANCOS ; 0081 ; BANCO DE SABADELL, S.A. (0081) ; ES ; ESPAÑA ; 12 ; MADRID             ; 28 ; Madrid ; 007 ; ALCORCON ; ZZ ALFARES,2 0 ; 28921 ; Operativas ; 
BP ; BANCOS ; 0081 ; BANCO DE SABADELL, S.A. (0081) ; ES ; ESPAÑA ; 12 ; MADRID             ; 28 ; Madrid ; 009 ; ALGETE ; ZZ SAN ROQUE, 9 0 ; 28110 ; Operativas ; 
BP ; BANCOS ; 0081 ; BANCO DE SABADELL, S.A. (0081) ; ES ; ESPAÑA ; 12 ; MADRID             ; 28 ; Madrid ; 013 ; ARANJUEZ ; ZZ ALMIBAR, 59 0 ; 28300 ; Operativas ; 
BP ; BANCOS ; 0081 ; BANCO DE SABADELL, S.A. (0081) ; ES ; ESPAÑA ; 12 ; MADRID             ; 28 ; Madrid ; 014 ; ARGANDA DEL REY ; CL REAL 116 ; 28500 ; Operativas ; 
BP ; BANCOS ; 0081 ; BANCO DE SABADELL, S.A. (0081) ; ES ; ESPAÑA ; 12 ; MADRID             ; 28 ; Madrid ; 014 ; ARGANDA DEL REY ; AV DEL EJERCITO,1 PORTAL 1 0 ; 28500 ; Operativas ; 
BP ; BANCOS ; 0081 ; BANCO DE SABADELL, S.A. (0081) ; ES ; ESPAÑA ; 12 ; MADRID             ; 28 ; Madrid ; 022 ; BOADILLA DEL MONTE ; ZZ MARTIRES, 23 0 ; 28660 ; Operativas ; 
BP ; BANCOS ; 0081 ; BANCO DE SABADELL, S.A. (0081) ; ES ; ESPAÑA ; 12 ; MADRID             ; 28 ; Madrid ; 022 ; BOADILLA DEL MONTE ; AV INFANTE DON LUIS 8 ; 28660 ; Operativas ; 
BP ; BANCOS ; 0081 ; BANCO DE SABADELL, S.A. (0081) ; ES ; ESPAÑA ; 12 ; MADRID             ; 28 ; Madrid ; 040 ; CIEMPOZUELOS ; ZZ MAYOR, 4 0 ; 28350 ; Operativas ; 
BP ; BANCOS ; 0081 ; BANCO DE SABADELL, S.A. (0081) ; ES ; ESPAÑA ; 12 ; MADRID             ; 28 ; Madrid ; 045 ; COLMENAR VIEJO ; ZZ DOCTOR GONZALEZ SERRANO, 2. 0 ; 28770 ; Operativas ; 
BP ; BANCOS ; 0081 ; BANCO DE SABADELL, S.A. (0081) ; ES ; ESPAÑA ; 12 ; MADRID             ; 28 ; Madrid ; 047 ; COLLADO VILLALBA ; ZZ REAL, 9 0 ; 28400 ; Operativas ; 
BP ; BANCOS ; 0081 ; BANCO DE SABADELL, S.A. (0081) ; ES ; ESPAÑA ; 12 ; MADRID             ; 28 ; Madrid ; 049 ; COSLADA ; AV DE CONSTITUCION 67 ; 28821 ; Operativas ; 
BP ; BANCOS ; 0081 ; BANCO DE SABADELL, S.A. (0081) ; ES ; ESPAÑA ; 12 ; MADRID             ; 28 ; Madrid ; 058 ; FUENLABRADA ; ZZ AVDA. DE EUROPA, 6. 0 ; 28940 ; Operativas ; 
BP ; BANCOS ; 0081 ; BANCO DE SABADELL, S.A. (0081) ; ES ; ESPAÑA ; 12 ; MADRID             ; 28 ; Madrid ; 058 ; FUENLABRADA ; CL SUIZA 4 ; 28943 ; Operativas ; 
BP ; BANCOS ; 0081 ; BANCO DE SABADELL, S.A. (0081) ; ES ; ESPAÑA ; 12 ; MADRID             ; 28 ; Madrid ; 058 ; FUENLABRADA ; AV INDUSTRIA 21P.I ; 28497 ; Operativas ; 
BP ; BANCOS ; 0081 ; BANCO DE SABADELL, S.A. (0081) ; ES ; ESPAÑA ; 12 ; MADRID             ; 28 ; Madrid ; 065 ; GETAFE ; ZZ MARIA ZAMBRANO / ANAïS 0 ; 28901 ; Operativas ; 
BP ; BANCOS ; 0081 ; BANCO DE SABADELL, S.A. (0081) ; ES ; ESPAÑA ; 12 ; MADRID             ; 28 ; Madrid ; 065 ; GETAFE ; ZZ GUTEMBERG, 2 0 ; 28906 ; Operativas ; 
BP ; BANCOS ; 0081 ; BANCO DE SABADELL, S.A. (0081) ; ES ; ESPAÑA ; 12 ; MADRID             ; 28 ; Madrid ; 065 ; GETAFE ; ZZ TOLEDO, 14 0 ; 28901 ; Operativas ; 
BP ; BANCOS ; 0081 ; BANCO DE SABADELL, S.A. (0081) ; ES ; ESPAÑA ; 12 ; MADRID             ; 28 ; Madrid ; 066 ; GRIÑON ; ZZ FRANCIA ESQ. ITALIA 0 ; 28971 ; Operativas ; 
BP ; BANCOS ; 0081 ; BANCO DE SABADELL, S.A. (0081) ; ES ; ESPAÑA ; 12 ; MADRID             ; 28 ; Madrid ; 074 ; LEGANES ; ZZ GETAFE, 2 0 ; 28912 ; Operativas ; 
BP ; BANCOS ; 0081 ; BANCO DE SABADELL, S.A. (0081) ; ES ; ESPAÑA ; 12 ; MADRID             ; 28 ; Madrid ; 074 ; LEGANES ; AV REY JUAN CARLOS I 90 ; 28916 ; Operativas ; 
BP ; BANCOS ; 0081 ; BANCO DE SABADELL, S.A. (0081) ; ES ; ESPAÑA ; 12 ; MADRID             ; 28 ; Madrid ; 079 ; MADRID ; ZZ ENRIQUE LARRETA, 12. 0 ; 28036 ; Operativas ; 
BP ; BANCOS ; 0081 ; BANCO DE SABADELL, S.A. (0081) ; ES ; ESPAÑA ; 12 ; MADRID             ; 28 ; Madrid ; 079 ; MADRID ; CL DOCTOR ESQUERDO 29 ; 28028 ; Operativas ; 
BP ; BANCOS ; 0081 ; BANCO DE SABADELL, S.A. (0081) ; ES ; ESPAÑA ; 12 ; MADRID             ; 28 ; Madrid ; 079 ; MADRID ; CL ISABEL COLLBRAND 22 ; 28050 ; Operativas ; 
BP ; BANCOS ; 0081 ; BANCO DE SABADELL, S.A. (0081) ; ES ; ESPAÑA ; 12 ; MADRID             ; 28 ; Madrid ; 079 ; MADRID ; CL AREQUIPA 1 ; 28043 ; Operativas ; 
BP ; BANCOS ; 0081 ; BANCO DE SABADELL, S.A. (0081) ; ES ; ESPAÑA ; 12 ; MADRID             ; 28 ; Madrid ; 079 ; MADRID ; ZZ MONFORTE DE LEMOS, 101. 0 ; 28029 ; Operativas ; 
BP ; BANCOS ; 0081 ; BANCO DE SABADELL, S.A. (0081) ; ES ; ESPAÑA ; 12 ; MADRID             ; 28 ; Madrid ; 079 ; MADRID ; PS DE LA HABANA, 48 0 ; 28036 ; Operativas ; 
BP ; BANCOS ; 0081 ; BANCO DE SABADELL, S.A. (0081) ; ES ; ESPAÑA ; 12 ; MADRID             ; 28 ; Madrid ; 079 ; MADRID ; AV GENERAL, 37 0 ; 28042 ; Operativas ; 
BP ; BANCOS ; 0081 ; BANCO DE SABADELL, S.A. (0081) ; ES ; ESPAÑA ; 12 ; MADRID             ; 28 ; Madrid ; 079 ; MADRID ; ZZ PZA SAN JAIME, 3 0 ; 28031 ; Operativas ; 
BP ; BANCOS ; 0081 ; BANCO DE SABADELL, S.A. (0081) ; ES ; ESPAÑA ; 12 ; MADRID             ; 28 ; Madrid ; 079 ; MADRID ; ZZ BRAVO MURILLO 126 0 ; 28020 ; Operativas ; 
BP ; BANCOS ; 0081 ; BANCO DE SABADELL, S.A. (0081) ; ES ; ESPAÑA ; 12 ; MADRID             ; 28 ; Madrid ; 079 ; MADRID ; ZZ ARTURO SORIA, 316. 0 ; 28033 ; Operativas ; 
BP ; BANCOS ; 0081 ; BANCO DE SABADELL, S.A. (0081) ; ES ; ESPAÑA ; 12 ; MADRID             ; 28 ; Madrid ; 079 ; MADRID ; ZZ ORENSE, 17 0 ; 28020 ; Operativas ; 
BP ; BANCOS ; 0081 ; BANCO DE SABADELL, S.A. (0081) ; ES ; ESPAÑA ; 12 ; MADRID             ; 28 ; Madrid ; 079 ; MADRID ; ZZ ANTONIO LOPEZ, 43 0 ; 28019 ; Operativas ; 
BP ; BANCOS ; 0081 ; BANCO DE SABADELL, S.A. (0081) ; ES ; ESPAÑA ; 12 ; MADRID             ; 28 ; Madrid ; 079 ; MADRID ; AV  DEL EURO, 72 0 ; 28054 ; Operativas ; 
BP ; BANCOS ; 0081 ; BANCO DE SABADELL, S.A. (0081) ; ES ; ESPAÑA ; 12 ; MADRID             ; 28 ; Madrid ; 079 ; MADRID ; ZZ VICTOR HUGO, 2 0 ; 28004 ; Operativas ; 
BP ; BANCOS ; 0081 ; BANCO DE SABADELL, S.A. (0081) ; ES ; ESPAÑA ; 12 ; MADRID             ; 28 ; Madrid ; 079 ; MADRID ; ZZ GRAN VIA, 6 0 ; 28013 ; Operativas ; 
BP ; BANCOS ; 0081 ; BANCO DE SABADELL, S.A. (0081) ; ES ; ESPAÑA ; 12 ; MADRID             ; 28 ; Madrid ; 079 ; MADRID ; ZZ PONZANO 2 0 ; 28010 ; Operativas ; 
BP ; BANCOS ; 0081 ; BANCO DE SABADELL, S.A. (0081) ; ES ; ESPAÑA ; 12 ; MADRID             ; 28 ; Madrid ; 079 ; MADRID ; ZZ ALTAMIRANO 3 0 ; 28008 ; Operativas ; 
BP ; BANCOS ; 0081 ; BANCO DE SABADELL, S.A. (0081) ; ES ; ESPAÑA ; 12 ; MADRID             ; 28 ; Madrid ; 079 ; MADRID ; ZZ ALCALA 395 0 ; 28027 ; Operativas ; 
BP ; BANCOS ; 0081 ; BANCO DE SABADELL, S.A. (0081) ; ES ; ESPAÑA ; 12 ; MADRID             ; 28 ; Madrid ; 079 ; MADRID ; PS de la Castellana 135 ; 28046 ; Operativas ; 
BP ; BANCOS ; 0081 ; BANCO DE SABADELL, S.A. (0081) ; ES ; ESPAÑA ; 12 ; MADRID             ; 28 ; Madrid ; 079 ; MADRID ; ZZ RAMON SAINZ 33 0 ; 28025 ; Operativas ; 
BP ; BANCOS ; 0081 ; BANCO DE SABADELL, S.A. (0081) ; ES ; ESPAÑA ; 12 ; MADRID             ; 28 ; Madrid ; 079 ; MADRID ; CL PRINCIPE DE VERGARA 69 ; 28006 ; Operativas ; 
BP ; BANCOS ; 0081 ; BANCO DE SABADELL, S.A. (0081) ; ES ; ESPAÑA ; 12 ; MADRID             ; 28 ; Madrid ; 079 ; MADRID ; ZZ NURIA, 36      (MIRASIERRA) 0 ; 28034 ; Operativas ; 
BP ; BANCOS ; 0081 ; BANCO DE SABADELL, S.A. (0081) ; ES ; ESPAÑA ; 12 ; MADRID             ; 28 ; Madrid ; 079 ; MADRID ; ZZ IBIZA, 25 0 ; 28009 ; Operativas ; 
BP ; BANCOS ; 0081 ; BANCO DE SABADELL, S.A. (0081) ; ES ; ESPAÑA ; 12 ; MADRID             ; 28 ; Madrid ; 079 ; MADRID ; AV CDAD DE BARCELONA, 140 0 ; 28007 ; Operativas ; 
BP ; BANCOS ; 0081 ; BANCO DE SABADELL, S.A. (0081) ; ES ; ESPAÑA ; 12 ; MADRID             ; 28 ; Madrid ; 079 ; MADRID ; ZZ MIGUEL ANGEL 23 0 ; 28010 ; Operativas ; 
BP ; BANCOS ; 0081 ; BANCO DE SABADELL, S.A. (0081) ; ES ; ESPAÑA ; 12 ; MADRID             ; 28 ; Madrid ; 079 ; MADRID ; ZZ SERRANO, 71 0 ; 28006 ; Operativas ; 
BP ; BANCOS ; 0081 ; BANCO DE SABADELL, S.A. (0081) ; ES ; ESPAÑA ; 12 ; MADRID             ; 28 ; Madrid ; 079 ; MADRID ; ZZ CLARA DEL REY, 36 0 ; 28002 ; Operativas ; 
BP ; BANCOS ; 0081 ; BANCO DE SABADELL, S.A. (0081) ; ES ; ESPAÑA ; 12 ; MADRID             ; 28 ; Madrid ; 079 ; MADRID ; PS DE LAS ACACIAS 50 ; 28005 ; Operativas ; 
BP ; BANCOS ; 0081 ; BANCO DE SABADELL, S.A. (0081) ; ES ; ESPAÑA ; 12 ; MADRID             ; 28 ; Madrid ; 079 ; MADRID ; CL SERRANO 18 ; 28001 ; Operativas ; 
BP ; BANCOS ; 0081 ; BANCO DE SABADELL, S.A. (0081) ; ES ; ESPAÑA ; 12 ; MADRID             ; 28 ; Madrid ; 079 ; MADRID ; ZZ Pº DE LA CASTELLANA, 135 (EMPRESAS) 0 ; 28046 ; Operativas ; 
BP ; BANCOS ; 0081 ; BANCO DE SABADELL, S.A. (0081) ; ES ; ESPAÑA ; 12 ; MADRID             ; 28 ; Madrid ; 079 ; MADRID ; ZZ GRAN VIA 68 ; 28013 ; Operativas ; 
BP ; BANCOS ; 0081 ; BANCO DE SABADELL, S.A. (0081) ; ES ; ESPAÑA ; 12 ; MADRID             ; 28 ; Madrid ; 079 ; MADRID ; ZZ VELAZQUEZ 50 0 ; 28001 ; Operativas ; 
BP ; BANCOS ; 0081 ; BANCO DE SABADELL, S.A. (0081) ; ES ; ESPAÑA ; 12 ; MADRID             ; 28 ; Madrid ; 079 ; MADRID ; ZZ PRINCIPE DE VERGARA 211 0 ; 28002 ; Operativas ; 
BP ; BANCOS ; 0081 ; BANCO DE SABADELL, S.A. (0081) ; ES ; ESPAÑA ; 12 ; MADRID             ; 28 ; Madrid ; 079 ; MADRID ; AV DE LA ALBUFERA, 67. 0 ; 28038 ; Operativas ; 
BP ; BANCOS ; 0081 ; BANCO DE SABADELL, S.A. (0081) ; ES ; ESPAÑA ; 12 ; MADRID             ; 28 ; Madrid ; 079 ; MADRID ; ZZ JUAN BRAVO, 51 0 ; 28006 ; Operativas ; 
BP ; BANCOS ; 0081 ; BANCO DE SABADELL, S.A. (0081) ; ES ; ESPAÑA ; 12 ; MADRID             ; 28 ; Madrid ; 079 ; MADRID ; CL Cea Bermudez 53 ; 28003 ; Operativas ; 
BP ; BANCOS ; 0081 ; BANCO DE SABADELL, S.A. (0081) ; ES ; ESPAÑA ; 12 ; MADRID             ; 28 ; Madrid ; 079 ; MADRID ; PS DE EXTREMADURA, 77 0 ; 28011 ; Operativas ; 
BP ; BANCOS ; 0081 ; BANCO DE SABADELL, S.A. (0081) ; ES ; ESPAÑA ; 12 ; MADRID             ; 28 ; Madrid ; 079 ; MADRID ; ZZ ALBERTO ALCOCER 18 0 ; 28036 ; Operativas ; 
BP ; BANCOS ; 0081 ; BANCO DE SABADELL, S.A. (0081) ; ES ; ESPAÑA ; 12 ; MADRID             ; 28 ; Madrid ; 079 ; MADRID ; ZZ ALMAGRO 11 0 ; 28010 ; Operativas ; 
BP ; BANCOS ; 0081 ; BANCO DE SABADELL, S.A. (0081) ; ES ; ESPAÑA ; 12 ; MADRID             ; 28 ; Madrid ; 079 ; MADRID ; ZZ ALCALA 145 0 ; 28009 ; Operativas ; 
BP ; BANCOS ; 0081 ; BANCO DE SABADELL, S.A. (0081) ; ES ; ESPAÑA ; 12 ; MADRID             ; 28 ; Madrid ; 079 ; MADRID ; ZZ P. SAN MILLAN DE LA COGOLLA, 20 0 ; 28050 ; Operativas ; 
BP ; BANCOS ; 0081 ; BANCO DE SABADELL, S.A. (0081) ; ES ; ESPAÑA ; 12 ; MADRID             ; 28 ; Madrid ; 079 ; MADRID ; ZZ PLEAYDES/OSA MAYOR, 2(ARAVACA) 0 ; 28023 ; Operativas ; 
BP ; BANCOS ; 0081 ; BANCO DE SABADELL, S.A. (0081) ; ES ; ESPAÑA ; 12 ; MADRID             ; 28 ; Madrid ; 079 ; MADRID ; ZZ MARCELO USERA, 112 0 ; 28026 ; Operativas ; 
BP ; BANCOS ; 0081 ; BANCO DE SABADELL, S.A. (0081) ; ES ; ESPAÑA ; 12 ; MADRID             ; 28 ; Madrid ; 079 ; MADRID ; CL ALMAGRO 28 ; 28010 ; Operativas ; 
BP ; BANCOS ; 0081 ; BANCO DE SABADELL, S.A. (0081) ; ES ; ESPAÑA ; 12 ; MADRID             ; 28 ; Madrid ; 079 ; MADRID ; CL ALCALA 271 ; 28027 ; Operativas ; 
BP ; BANCOS ; 0081 ; BANCO DE SABADELL, S.A. (0081) ; ES ; ESPAÑA ; 12 ; MADRID             ; 28 ; Madrid ; 079 ; MADRID ; CL SOR ANGELA DE LA CRUZ 30 ; 28020 ; Operativas ; 
BP ; BANCOS ; 0081 ; BANCO DE SABADELL, S.A. (0081) ; ES ; ESPAÑA ; 12 ; MADRID             ; 28 ; Madrid ; 079 ; MADRID ; CL NUÑEZ DE BALBOA 65 ; 28001 ; Operativas ; 
BP ; BANCOS ; 0081 ; BANCO DE SABADELL, S.A. (0081) ; ES ; ESPAÑA ; 12 ; MADRID             ; 28 ; Madrid ; 079 ; MADRID ; ZZ GENERAL MOSCARDO, 4 - 6 0 ; 28020 ; Operativas ; 
BP ; BANCOS ; 0081 ; BANCO DE SABADELL, S.A. (0081) ; ES ; ESPAÑA ; 12 ; MADRID             ; 28 ; Madrid ; 079 ; MADRID ; ZZ ARAPILES, 17 0 ; 28015 ; Operativas ; 
BP ; BANCOS ; 0081 ; BANCO DE SABADELL, S.A. (0081) ; ES ; ESPAÑA ; 12 ; MADRID             ; 28 ; Madrid ; 079 ; MADRID ; ZZ DUQUE DE ALBA, 4. 0 ; 28012 ; Operativas ; 
BP ; BANCOS ; 0081 ; BANCO DE SABADELL, S.A. (0081) ; ES ; ESPAÑA ; 12 ; MADRID             ; 28 ; Madrid ; 079 ; MADRID ; ZZ ARTURO SORIA, 126(LOCALES 1 Y 2 PL.BAJA) 0 ; 28043 ; Operativas ; 
BP ; BANCOS ; 0081 ; BANCO DE SABADELL, S.A. (0081) ; ES ; ESPAÑA ; 12 ; MADRID             ; 28 ; Madrid ; 080 ; MAJADAHONDA ; ZZ GRAN VIA, 8 0 ; 28220 ; Operativas ; 
BP ; BANCOS ; 0081 ; BANCO DE SABADELL, S.A. (0081) ; ES ; ESPAÑA ; 12 ; MADRID             ; 28 ; Madrid ; 084 ; MEJORADA DEL CAMPO ; CL DE LA COMUNIDAD DE MADRID 1 ; 28840 ; Operativas ; 
BP ; BANCOS ; 0081 ; BANCO DE SABADELL, S.A. (0081) ; ES ; ESPAÑA ; 12 ; MADRID             ; 28 ; Madrid ; 092 ; MOSTOLES ; AV DE LA CONSTITUCION 74 ; 28931 ; Operativas ; 
BP ; BANCOS ; 0081 ; BANCO DE SABADELL, S.A. (0081) ; ES ; ESPAÑA ; 12 ; MADRID             ; 28 ; Madrid ; 092 ; MOSTOLES ; AV  DE LAS NIEVES, 37 (PI LAS NIEVES) 0 ; 28935 ; Operativas ; 
BP ; BANCOS ; 0081 ; BANCO DE SABADELL, S.A. (0081) ; ES ; ESPAÑA ; 12 ; MADRID             ; 28 ; Madrid ; 096 ; NAVALCARNERO ; PZ DE SEGOVIA, 4 0 ; 28600 ; Operativas ; 
BP ; BANCOS ; 0081 ; BANCO DE SABADELL, S.A. (0081) ; ES ; ESPAÑA ; 12 ; MADRID             ; 28 ; Madrid ; 104 ; PARACUELLOS DE JARAMA ; ZZ REAL, 31 0 ; 28860 ; Operativas ; 
BP ; BANCOS ; 0081 ; BANCO DE SABADELL, S.A. (0081) ; ES ; ESPAÑA ; 12 ; MADRID             ; 28 ; Madrid ; 106 ; PARLA ; ZZ PINTO, 85 0 ; 28982 ; Operativas ; 
BP ; BANCOS ; 0081 ; BANCO DE SABADELL, S.A. (0081) ; ES ; ESPAÑA ; 12 ; MADRID             ; 28 ; Madrid ; 113 ; PINTO ; ZZ EGIDO DE LA FUENTE, 15. 0 ; 28320 ; Operativas ; 
BP ; BANCOS ; 0081 ; BANCO DE SABADELL, S.A. (0081) ; ES ; ESPAÑA ; 12 ; MADRID             ; 28 ; Madrid ; 115 ; POZUELO DE ALARCON ; ZZ SAGUNTO, 2 0 ; 28223 ; Operativas ; 
BP ; BANCOS ; 0081 ; BANCO DE SABADELL, S.A. (0081) ; ES ; ESPAÑA ; 12 ; MADRID             ; 28 ; Madrid ; 115 ; POZUELO DE ALARCON ; ZZ AVDA.EUROPA,16-URB.AZATA CLUB SOMOSAGUAS 0 ; 28224 ; Operativas ; 
BP ; BANCOS ; 0081 ; BANCO DE SABADELL, S.A. (0081) ; ES ; ESPAÑA ; 12 ; MADRID             ; 28 ; Madrid ; 123 ; RIVAS-VACIAMADRID ; ZZ ELECTRODO, 48 / CINCEL EDIF.SISTER II 0 ; 28522 ; Operativas ; 
BP ; BANCOS ; 0081 ; BANCO DE SABADELL, S.A. (0081) ; ES ; ESPAÑA ; 12 ; MADRID             ; 28 ; Madrid ; 127 ; ROZAS DE MADRID (LAS) ; ZZ CASTILLO DE AREVALO, S/N LOC., 4 0 ; 28230 ; Operativas ; 
BP ; BANCOS ; 0081 ; BANCO DE SABADELL, S.A. (0081) ; ES ; ESPAÑA ; 12 ; MADRID             ; 28 ; Madrid ; 127 ; ROZAS DE MADRID (LAS) ; CL REAL 19 ; 28231 ; Operativas ; 
BP ; BANCOS ; 0081 ; BANCO DE SABADELL, S.A. (0081) ; ES ; ESPAÑA ; 12 ; MADRID             ; 28 ; Madrid ; 129 ; SAN AGUSTIN DEL GUADALIX ; ZZ AVDA. DE MADRID, 33 0 ; 28750 ; Operativas ; 
BP ; BANCOS ; 0081 ; BANCO DE SABADELL, S.A. (0081) ; ES ; ESPAÑA ; 12 ; MADRID             ; 28 ; Madrid ; 130 ; SAN FERNANDO DE HENARES ; ZZ JOSE ALIX Y ALIX, 18. 0 ; 28830 ; Operativas ; 
BP ; BANCOS ; 0081 ; BANCO DE SABADELL, S.A. (0081) ; ES ; ESPAÑA ; 12 ; MADRID             ; 28 ; Madrid ; 134 ; SAN SEBASTIAN DE LOS REYES ; CL REAL 84 ; 28703 ; Operativas ; 
BP ; BANCOS ; 0081 ; BANCO DE SABADELL, S.A. (0081) ; ES ; ESPAÑA ; 12 ; MADRID             ; 28 ; Madrid ; 148 ; TORREJON DE ARDOZ ; AV DE LA CONSTITUCION, 90. 0 ; 28850 ; Operativas ; 
BP ; BANCOS ; 0081 ; BANCO DE SABADELL, S.A. (0081) ; ES ; ESPAÑA ; 12 ; MADRID             ; 28 ; Madrid ; 151 ; TORRELAGUNA ; PZ PLAZA DE MONTALBAN 12 ; 28180 ; Operativas ; 
BP ; BANCOS ; 0081 ; BANCO DE SABADELL, S.A. (0081) ; ES ; ESPAÑA ; 12 ; MADRID             ; 28 ; Madrid ; 152 ; TORRELODONES ; CM VALLADOLID, 3,5,7 Y 11 0 ; 28250 ; Operativas ; 
BP ; BANCOS ; 0081 ; BANCO DE SABADELL, S.A. (0081) ; ES ; ESPAÑA ; 12 ; MADRID             ; 28 ; Madrid ; 161 ; VALDEMORO ; PZ DE LA PIÑA, 7 0 ; 28340 ; Operativas ; 
BP ; BANCOS ; 0081 ; BANCO DE SABADELL, S.A. (0081) ; ES ; ESPAÑA ; 12 ; MADRID             ; 28 ; Madrid ; 176 ; VILLANUEVA DE LA CAÑADA ; CL REAL 1 ; 28691 ; Operativas ; 
BP ; BANCOS ; 0081 ; BANCO DE SABADELL, S.A. (0081) ; ES ; ESPAÑA ; 12 ; MADRID             ; 28 ; Madrid ; 181 ; VILLAVICIOSA DE ODON ; ZZ AVDA. PRINCIPE DE ASTURIAS, 58 0 ; 28670 ; Operativas ; 
BP ; BANCOS ; 0081 ; BANCO DE SABADELL, S.A. (0081) ; ES ; ESPAÑA ; 12 ; MADRID             ; 28 ; Madrid ; 903 ; TRES CANTOS ; ZZ SECTOR LITERATOS, 20 0 ; 28760 ; Operativas ; 
BP ; BANCOS ; 0083 ; RENTA 4 BANCO, S.A. (0083) ; ES ; ESPAÑA ; 12 ; MADRID             ; 28 ; Madrid ; 058 ; FUENLABRADA ; CL LEGANES 33 ; 28945 ; Operativas ; 
BP ; BANCOS ; 0083 ; RENTA 4 BANCO, S.A. (0083) ; ES ; ESPAÑA ; 12 ; MADRID             ; 28 ; Madrid ; 079 ; MADRID ; PS DE LA HABANA 74 ; 28036 ; Operativas ; 
BP ; BANCOS ; 0083 ; RENTA 4 BANCO, S.A. (0083) ; ES ; ESPAÑA ; 12 ; MADRID             ; 28 ; Madrid ; 079 ; MADRID ; CL SERRANO 63 ; 28006 ; Operativas ; 
BP ; BANCOS ; 0083 ; RENTA 4 BANCO, S.A. (0083) ; ES ; ESPAÑA ; 12 ; MADRID             ; 28 ; Madrid ; 079 ; MADRID ; CL PRINCIPE DE VERGARA 12 ; 28001 ; Operativas ; 
BP ; BANCOS ; 0083 ; RENTA 4 BANCO, S.A. (0083) ; ES ; ESPAÑA ; 12 ; MADRID             ; 28 ; Madrid ; 079 ; MADRID ; CL ALMAGRO 11 ; 28010 ; Operativas ; 
BP ; BANCOS ; 0083 ; RENTA 4 BANCO, S.A. (0083) ; ES ; ESPAÑA ; 12 ; MADRID             ; 28 ; Madrid ; 079 ; MADRID ; PS DE RECOLETOS 21 ; 28004 ; Operativas ; 
BP ; BANCOS ; 0083 ; RENTA 4 BANCO, S.A. (0083) ; ES ; ESPAÑA ; 12 ; MADRID             ; 28 ; Madrid ; 079 ; MADRID ; AV GENERAL PERON 26 ; 28020 ; Operativas ; 
BP ; BANCOS ; 0091 ; BANCO DE ALBACETE, S.A. (0091) ; ES ; ESPAÑA ; 12 ; MADRID             ; 28 ; Madrid ; 022 ; BOADILLA DEL MONTE ; AV CANTABRIA S/N' ; 28660 ; Operativas ; 
BP ; BANCOS ; 0121 ; BANCO OCCIDENTAL, S.A. (0121) ; ES ; ESPAÑA ; 12 ; MADRID             ; 28 ; Madrid ; 079 ; MADRID ; PS LA CASTELLANA 81 ; 28046 ; Operativas ; 
BP ; BANCOS ; 0128 ; BANKINTER, S.A. (0128) ; ES ; ESPAÑA ; 12 ; MADRID             ; 28 ; Madrid ; 005 ; ALCALA DE HENARES ; ZZ CANOVAS DEL CASTILLO 9 0 ; 28807 ; Operativas ; 
BP ; BANCOS ; 0128 ; BANKINTER, S.A. (0128) ; ES ; ESPAÑA ; 12 ; MADRID             ; 28 ; Madrid ; 006 ; ALCOBENDAS ; PS  DE VALDELAFUENTES, 6 0 ; 28100 ; Operativas ; 
BP ; BANCOS ; 0128 ; BANKINTER, S.A. (0128) ; ES ; ESPAÑA ; 12 ; MADRID             ; 28 ; Madrid ; 006 ; ALCOBENDAS ; ZZ CONTITUCION 37 0 ; 28100 ; Operativas ; 
BP ; BANCOS ; 0128 ; BANKINTER, S.A. (0128) ; ES ; ESPAÑA ; 12 ; MADRID             ; 28 ; Madrid ; 006 ; ALCOBENDAS ; PS  ALCOBENDAS, 10 (LA MORALEJA) 0 ; 28109 ; Operativas ; 
BP ; BANCOS ; 0128 ; BANKINTER, S.A. (0128) ; ES ; ESPAÑA ; 12 ; MADRID             ; 28 ; Madrid ; 006 ; ALCOBENDAS ; ZZ AVDA. DE BRUSELAS, 12 0 ; 28108 ; Operativas ; 
BP ; BANCOS ; 0128 ; BANKINTER, S.A. (0128) ; ES ; ESPAÑA ; 12 ; MADRID             ; 28 ; Madrid ; 007 ; ALCORCON ; ZZ SORIA, 1 0 ; 28921 ; Operativas ; 
BP ; BANCOS ; 0128 ; BANKINTER, S.A. (0128) ; ES ; ESPAÑA ; 12 ; MADRID             ; 28 ; Madrid ; 007 ; ALCORCON ; ZZ URB. AV. DE LAS RETAMAS, 29 0 ; 28922 ; Operativas ; 
BP ; BANCOS ; 0128 ; BANKINTER, S.A. (0128) ; ES ; ESPAÑA ; 12 ; MADRID             ; 28 ; Madrid ; 013 ; ARANJUEZ ; ZZ ESTUART, 151 0 ; 28300 ; Operativas ; 
BP ; BANCOS ; 0128 ; BANKINTER, S.A. (0128) ; ES ; ESPAÑA ; 12 ; MADRID             ; 28 ; Madrid ; 014 ; ARGANDA DEL REY ; ZZ MARIA ZAYAS, 2-4 LOC. 15 Y 16 0 ; 28500 ; Operativas ; 
BP ; BANCOS ; 0128 ; BANKINTER, S.A. (0128) ; ES ; ESPAÑA ; 12 ; MADRID             ; 28 ; Madrid ; 019 ; BELMONTE DE TAJO ; ZZ EMBAJADORES, 208 0 ; 28045 ; Operativas ; 
BP ; BANCOS ; 0128 ; BANKINTER, S.A. (0128) ; ES ; ESPAÑA ; 12 ; MADRID             ; 28 ; Madrid ; 022 ; BOADILLA DEL MONTE ; AV  DEL INFANTE D. LUIS, 14 0 ; 28660 ; Operativas ; 
BP ; BANCOS ; 0128 ; BANKINTER, S.A. (0128) ; ES ; ESPAÑA ; 12 ; MADRID             ; 28 ; Madrid ; 045 ; COLMENAR VIEJO ; ZZ REAL, 12 0 ; 28770 ; Operativas ; 
BP ; BANCOS ; 0128 ; BANKINTER, S.A. (0128) ; ES ; ESPAÑA ; 12 ; MADRID             ; 28 ; Madrid ; 047 ; COLLADO VILLALBA ; ZZ (EN VILLALBA) AVENIDA REAL, 63. 0 ; 28400 ; Operativas ; 
BP ; BANCOS ; 0128 ; BANKINTER, S.A. (0128) ; ES ; ESPAÑA ; 12 ; MADRID             ; 28 ; Madrid ; 049 ; COSLADA ; ZZ DOCTOR MICHAVILLA, 23 BAJO 0 ; 28820 ; Operativas ; 
BP ; BANCOS ; 0128 ; BANKINTER, S.A. (0128) ; ES ; ESPAÑA ; 12 ; MADRID             ; 28 ; Madrid ; 058 ; FUENLABRADA ; ZZ LEGANES, 8 0 ; 28945 ; Operativas ; 
BP ; BANCOS ; 0128 ; BANKINTER, S.A. (0128) ; ES ; ESPAÑA ; 12 ; MADRID             ; 28 ; Madrid ; 065 ; GETAFE ; PZ GENERAL PALACIOS, 11. 0 ; 28902 ; Operativas ; 
BP ; BANCOS ; 0128 ; BANKINTER, S.A. (0128) ; ES ; ESPAÑA ; 12 ; MADRID             ; 28 ; Madrid ; 066 ; GRIÑON ; AV  DE LA JUVENTUD, 7 0 ; 28971 ; Operativas ; 
BP ; BANCOS ; 0128 ; BANKINTER, S.A. (0128) ; ES ; ESPAÑA ; 12 ; MADRID             ; 28 ; Madrid ; 074 ; LEGANES ; AV  REY JUAN CARLOS, I, 76. 0 ; 28916 ; Operativas ; 
BP ; BANCOS ; 0128 ; BANKINTER, S.A. (0128) ; ES ; ESPAÑA ; 12 ; MADRID             ; 28 ; Madrid ; 079 ; MADRID ; ZZ CALERUEGA, 5 (PINAR CHAMARTIN) (AGE. 40) 0 ; 28033 ; Operativas ; 
BP ; BANCOS ; 0128 ; BANKINTER, S.A. (0128) ; ES ; ESPAÑA ; 12 ; MADRID             ; 28 ; Madrid ; 079 ; MADRID ; ZZ JULIAN PALACIOS, 23-EDIF.MARLY (AGE. 21) 0 ; 28029 ; Operativas ; 
BP ; BANCOS ; 0128 ; BANKINTER, S.A. (0128) ; ES ; ESPAÑA ; 12 ; MADRID             ; 28 ; Madrid ; 079 ; MADRID ; ZZ ALBERTO AGUILERA, 28.       (AGENCIA 43) 0 ; 28015 ; Operativas ; 
BP ; BANCOS ; 0128 ; BANKINTER, S.A. (0128) ; ES ; ESPAÑA ; 12 ; MADRID             ; 28 ; Madrid ; 079 ; MADRID ; ZZ PRINCESA, 1.                (AGENCIA 45) 0 ; 28008 ; Operativas ; 
BP ; BANCOS ; 0128 ; BANKINTER, S.A. (0128) ; ES ; ESPAÑA ; 12 ; MADRID             ; 28 ; Madrid ; 079 ; MADRID ; ZZ PADRE DAMIAN, 42.           (AGENCIA 48) 0 ; 28036 ; Operativas ; 
BP ; BANCOS ; 0128 ; BANKINTER, S.A. (0128) ; ES ; ESPAÑA ; 12 ; MADRID             ; 28 ; Madrid ; 079 ; MADRID ; ZZ JOSE ABASCAL, 44            (AGENCIA 46) 0 ; 28003 ; Operativas ; 
BP ; BANCOS ; 0128 ; BANKINTER, S.A. (0128) ; ES ; ESPAÑA ; 12 ; MADRID             ; 28 ; Madrid ; 079 ; MADRID ; ZZ ORENSE, 85                  (AGENCIA 42) 0 ; 28020 ; Operativas ; 
BP ; BANCOS ; 0128 ; BANKINTER, S.A. (0128) ; ES ; ESPAÑA ; 12 ; MADRID             ; 28 ; Madrid ; 079 ; MADRID ; ZZ JUAN BRAVO, 62              (AGENCIA 50) 0 ; 28006 ; Operativas ; 
BP ; BANCOS ; 0128 ; BANKINTER, S.A. (0128) ; ES ; ESPAÑA ; 12 ; MADRID             ; 28 ; Madrid ; 079 ; MADRID ; ZZ Pº DE LAS ACACIAS C/V GASOMETRO,13 0 ; 28005 ; Operativas ; 
BP ; BANCOS ; 0128 ; BANKINTER, S.A. (0128) ; ES ; ESPAÑA ; 12 ; MADRID             ; 28 ; Madrid ; 079 ; MADRID ; ZZ ARROYO FRESNO, 17.  PTA. DE HIERRO 0 ; 28035 ; Operativas ; 
BP ; BANCOS ; 0128 ; BANKINTER, S.A. (0128) ; ES ; ESPAÑA ; 12 ; MADRID             ; 28 ; Madrid ; 079 ; MADRID ; ZZ CEA BERMUDEZ, 52 0 ; 28003 ; Operativas ; 
BP ; BANCOS ; 0128 ; BANKINTER, S.A. (0128) ; ES ; ESPAÑA ; 12 ; MADRID             ; 28 ; Madrid ; 079 ; MADRID ; ZZ MACHUPICHU, 22-24 0 ; 28043 ; Operativas ; 
BP ; BANCOS ; 0128 ; BANKINTER, S.A. (0128) ; ES ; ESPAÑA ; 12 ; MADRID             ; 28 ; Madrid ; 079 ; MADRID ; ZZ ESCALONA, 84 0 ; 28024 ; Operativas ; 
BP ; BANCOS ; 0128 ; BANKINTER, S.A. (0128) ; ES ; ESPAÑA ; 12 ; MADRID             ; 28 ; Madrid ; 079 ; MADRID ; ZZ FERMIN CABALLERO, 51 0 ; 28034 ; Operativas ; 
BP ; BANCOS ; 0128 ; BANKINTER, S.A. (0128) ; ES ; ESPAÑA ; 12 ; MADRID             ; 28 ; Madrid ; 079 ; MADRID ; ZZ ALCALA, 181 0 ; 28009 ; Operativas ; 
BP ; BANCOS ; 0128 ; BANKINTER, S.A. (0128) ; ES ; ESPAÑA ; 12 ; MADRID             ; 28 ; Madrid ; 079 ; MADRID ; ZZ SUECIA, 41-43 0 ; 28022 ; Operativas ; 
BP ; BANCOS ; 0128 ; BANKINTER, S.A. (0128) ; ES ; ESPAÑA ; 12 ; MADRID             ; 28 ; Madrid ; 079 ; MADRID ; AV  EUROPA, 27 (ARAVACA) 0 ; 28023 ; Operativas ; 
BP ; BANCOS ; 0128 ; BANKINTER, S.A. (0128) ; ES ; ESPAÑA ; 12 ; MADRID             ; 28 ; Madrid ; 079 ; MADRID ; ZZ PRINCIPE CARLOS,15 0 ; 28050 ; Operativas ; 
BP ; BANCOS ; 0128 ; BANKINTER, S.A. (0128) ; ES ; ESPAÑA ; 12 ; MADRID             ; 28 ; Madrid ; 079 ; MADRID ; AV  MOFORTE DE LEMOS, 185 0 ; 28029 ; Operativas ; 
BP ; BANCOS ; 0128 ; BANKINTER, S.A. (0128) ; ES ; ESPAÑA ; 12 ; MADRID             ; 28 ; Madrid ; 079 ; MADRID ; CL ORTEGA Y GASSET 33 ; 28006 ; Operativas ; 
BP ; BANCOS ; 0128 ; BANKINTER, S.A. (0128) ; ES ; ESPAÑA ; 12 ; MADRID             ; 28 ; Madrid ; 079 ; MADRID ; CL ESTANISLAO PÉREZ PITA 25 ; 28055 ; Operativas ; 
BP ; BANCOS ; 0128 ; BANKINTER, S.A. (0128) ; ES ; ESPAÑA ; 12 ; MADRID             ; 28 ; Madrid ; 079 ; MADRID ; PS DE LA CASTELLANA 29 0 ; 28046 ; Operativas ; 
BP ; BANCOS ; 0128 ; BANKINTER, S.A. (0128) ; ES ; ESPAÑA ; 12 ; MADRID             ; 28 ; Madrid ; 079 ; MADRID ; ZZ SAN FRANCISCO DE SALES, 33. (AGENCIA  2) 0 ; 28003 ; Operativas ; 
BP ; BANCOS ; 0128 ; BANKINTER, S.A. (0128) ; ES ; ESPAÑA ; 12 ; MADRID             ; 28 ; Madrid ; 079 ; MADRID ; PS DE LA CASTELLANA, 121.(AGENCIA  1) 0 ; 28046 ; Operativas ; 
BP ; BANCOS ; 0128 ; BANKINTER, S.A. (0128) ; ES ; ESPAÑA ; 12 ; MADRID             ; 28 ; Madrid ; 079 ; MADRID ; ZZ ORENSE, 5.                  (AGENCIA  3) 0 ; 28020 ; Operativas ; 
BP ; BANCOS ; 0128 ; BANKINTER, S.A. (0128) ; ES ; ESPAÑA ; 12 ; MADRID             ; 28 ; Madrid ; 079 ; MADRID ; ZZ CONDE PEÑALVER, 23          (AGENCIA  4) 0 ; 28006 ; Operativas ; 
BP ; BANCOS ; 0128 ; BANKINTER, S.A. (0128) ; ES ; ESPAÑA ; 12 ; MADRID             ; 28 ; Madrid ; 079 ; MADRID ; ZZ BRAVO MURILLO, 126.         (AGENCIA  5) 0 ; 28020 ; Operativas ; 
BP ; BANCOS ; 0128 ; BANKINTER, S.A. (0128) ; ES ; ESPAÑA ; 12 ; MADRID             ; 28 ; Madrid ; 079 ; MADRID ; ZZ FUENCARRAL, 131.            (AGENCIA  6) 0 ; 28010 ; Operativas ; 
BP ; BANCOS ; 0128 ; BANKINTER, S.A. (0128) ; ES ; ESPAÑA ; 12 ; MADRID             ; 28 ; Madrid ; 079 ; MADRID ; ZZ DUQUE DE ALBA, 7.           (AGENCIA  7) 0 ; 28012 ; Operativas ; 
BP ; BANCOS ; 0128 ; BANKINTER, S.A. (0128) ; ES ; ESPAÑA ; 12 ; MADRID             ; 28 ; Madrid ; 079 ; MADRID ; ZZ LOPEZ DE HOYOS 116-118.     (AGENCIA  8) 0 ; 28002 ; Operativas ; 
BP ; BANCOS ; 0128 ; BANKINTER, S.A. (0128) ; ES ; ESPAÑA ; 12 ; MADRID             ; 28 ; Madrid ; 079 ; MADRID ; ZZ BRAVO MURILLO, 297.         (AGENCIA  9) 0 ; 28020 ; Operativas ; 
BP ; BANCOS ; 0128 ; BANKINTER, S.A. (0128) ; ES ; ESPAÑA ; 12 ; MADRID             ; 28 ; Madrid ; 079 ; MADRID ; PS DE LAS DELICIAS, 31.  (AGENCIA 10) 0 ; 28045 ; Operativas ; 
BP ; BANCOS ; 0128 ; BANKINTER, S.A. (0128) ; ES ; ESPAÑA ; 12 ; MADRID             ; 28 ; Madrid ; 079 ; MADRID ; AV DE LA ALBUFERA, 54. (AGENCIA 12) 0 ; 28038 ; Operativas ; 
BP ; BANCOS ; 0128 ; BANKINTER, S.A. (0128) ; ES ; ESPAÑA ; 12 ; MADRID             ; 28 ; Madrid ; 079 ; MADRID ; ZZ MARQUES DE URQUIJO 11.      (AGENCIA 13) 0 ; 28008 ; Operativas ; 
BP ; BANCOS ; 0128 ; BANKINTER, S.A. (0128) ; ES ; ESPAÑA ; 12 ; MADRID             ; 28 ; Madrid ; 079 ; MADRID ; ZZ GOYA, 34                    (AGENCIA 14) 0 ; 28001 ; Operativas ; 
BP ; BANCOS ; 0128 ; BANKINTER, S.A. (0128) ; ES ; ESPAÑA ; 12 ; MADRID             ; 28 ; Madrid ; 079 ; MADRID ; ZZ NARVAEZ, 55.                (AGENCIA 16) 0 ; 28009 ; Operativas ; 
BP ; BANCOS ; 0128 ; BANKINTER, S.A. (0128) ; ES ; ESPAÑA ; 12 ; MADRID             ; 28 ; Madrid ; 079 ; MADRID ; ZZ PRINCIPE DE  VERGARA, 262.  (AGENCIA 17) 0 ; 28016 ; Operativas ; 
BP ; BANCOS ; 0128 ; BANKINTER, S.A. (0128) ; ES ; ESPAÑA ; 12 ; MADRID             ; 28 ; Madrid ; 079 ; MADRID ; ZZ MAYOR, 3.                   (AGENCIA 18) 0 ; 28013 ; Operativas ; 
BP ; BANCOS ; 0128 ; BANKINTER, S.A. (0128) ; ES ; ESPAÑA ; 12 ; MADRID             ; 28 ; Madrid ; 079 ; MADRID ; ZZ ALCALA, 361.                (AGENCIA 11) 0 ; 28027 ; Operativas ; 
BP ; BANCOS ; 0128 ; BANKINTER, S.A. (0128) ; ES ; ESPAÑA ; 12 ; MADRID             ; 28 ; Madrid ; 079 ; MADRID ; AV DE BRUSELAS, 45.    (AGENCIA 19) 0 ; 28028 ; Operativas ; 
BP ; BANCOS ; 0128 ; BANKINTER, S.A. (0128) ; ES ; ESPAÑA ; 12 ; MADRID             ; 28 ; Madrid ; 079 ; MADRID ; ZZ LAGUNA, 40.                 (AGENCIA 15) 0 ; 28025 ; Operativas ; 
BP ; BANCOS ; 0128 ; BANKINTER, S.A. (0128) ; ES ; ESPAÑA ; 12 ; MADRID             ; 28 ; Madrid ; 079 ; MADRID ; AV DE MORATALAZ, 70.   (AGENCIA 20) 0 ; 28030 ; Operativas ; 
BP ; BANCOS ; 0128 ; BANKINTER, S.A. (0128) ; ES ; ESPAÑA ; 12 ; MADRID             ; 28 ; Madrid ; 079 ; MADRID ; AV DE CONCHA ESPINA,12 (AGENCIA 23) 0 ; 28036 ; Operativas ; 
BP ; BANCOS ; 0128 ; BANKINTER, S.A. (0128) ; ES ; ESPAÑA ; 12 ; MADRID             ; 28 ; Madrid ; 079 ; MADRID ; ZZ DOCTOR FLEMING, 33 Y 35 -   (AGENCIA 24) 0 ; 28036 ; Operativas ; 
BP ; BANCOS ; 0128 ; BANKINTER, S.A. (0128) ; ES ; ESPAÑA ; 12 ; MADRID             ; 28 ; Madrid ; 079 ; MADRID ; ZZ AGUSTIN DE FOXA, 32.        (AGENCIA 25) 0 ; 28036 ; Operativas ; 
BP ; BANCOS ; 0128 ; BANKINTER, S.A. (0128) ; ES ; ESPAÑA ; 12 ; MADRID             ; 28 ; Madrid ; 079 ; MADRID ; CL DIEGO DE LEON               (AGENCIA 26) 41 ; 28036 ; Operativas ; 
BP ; BANCOS ; 0128 ; BANKINTER, S.A. (0128) ; ES ; ESPAÑA ; 12 ; MADRID             ; 28 ; Madrid ; 079 ; MADRID ; AV GENERAL PERON, 38.  (AGENCIA 27) 0 ; 28020 ; Operativas ; 
BP ; BANCOS ; 0128 ; BANKINTER, S.A. (0128) ; ES ; ESPAÑA ; 12 ; MADRID             ; 28 ; Madrid ; 079 ; MADRID ; ZZ SANTA ENGRACIA, 97.         (AGENCIA 28) 0 ; 28010 ; Operativas ; 
BP ; BANCOS ; 0128 ; BANKINTER, S.A. (0128) ; ES ; ESPAÑA ; 12 ; MADRID             ; 28 ; Madrid ; 079 ; MADRID ; ZZ CORAZON DE MARIA, 39        (AGENCIA 29) 0 ; 28002 ; Operativas ; 
BP ; BANCOS ; 0128 ; BANKINTER, S.A. (0128) ; ES ; ESPAÑA ; 12 ; MADRID             ; 28 ; Madrid ; 079 ; MADRID ; ZZ FERNANDO VI, 15.            (AGENCIA 31) 0 ; 28004 ; Operativas ; 
BP ; BANCOS ; 0128 ; BANKINTER, S.A. (0128) ; ES ; ESPAÑA ; 12 ; MADRID             ; 28 ; Madrid ; 079 ; MADRID ; ZZ JUAN DE MENA, 21.           (AGENCIA 32) 0 ; 28014 ; Operativas ; 
BP ; BANCOS ; 0128 ; BANKINTER, S.A. (0128) ; ES ; ESPAÑA ; 12 ; MADRID             ; 28 ; Madrid ; 079 ; MADRID ; ZZ LAGASCA, 39                (AGENCIA 33) 0 ; 28001 ; Operativas ; 
BP ; BANCOS ; 0128 ; BANKINTER, S.A. (0128) ; ES ; ESPAÑA ; 12 ; MADRID             ; 28 ; Madrid ; 079 ; MADRID ; ZZ PRINCIPE DE VERGARA, 204.   (AGENCIA 35) 0 ; 28002 ; Operativas ; 
BP ; BANCOS ; 0128 ; BANKINTER, S.A. (0128) ; ES ; ESPAÑA ; 12 ; MADRID             ; 28 ; Madrid ; 079 ; MADRID ; ZZ ARTURO SORIA, 191 Y 193.    (AGENCIA 36) 0 ; 28043 ; Operativas ; 
BP ; BANCOS ; 0128 ; BANKINTER, S.A. (0128) ; ES ; ESPAÑA ; 12 ; MADRID             ; 28 ; Madrid ; 079 ; MADRID ; AV OSA MAYOR 44-46 C/V PS ERMITA 3 0 ; 28023 ; Operativas ; 
BP ; BANCOS ; 0128 ; BANKINTER, S.A. (0128) ; ES ; ESPAÑA ; 12 ; MADRID             ; 28 ; Madrid ; 079 ; MADRID ; ZZ (MIRASIERRA) NURIA, 30.     (AGENCIA 37) 0 ; 28034 ; Operativas ; 
BP ; BANCOS ; 0128 ; BANKINTER, S.A. (0128) ; ES ; ESPAÑA ; 12 ; MADRID             ; 28 ; Madrid ; 079 ; MADRID ; AV DEL MEDITERRANEO,19.(AGENCIA 34) 0 ; 28007 ; Operativas ; 
BP ; BANCOS ; 0128 ; BANKINTER, S.A. (0128) ; ES ; ESPAÑA ; 12 ; MADRID             ; 28 ; Madrid ; 079 ; MADRID ; AV DE BADAJOZ, 15.     (AGENCIA 39) 0 ; 28033 ; Operativas ; 
BP ; BANCOS ; 0128 ; BANKINTER, S.A. (0128) ; ES ; ESPAÑA ; 12 ; MADRID             ; 28 ; Madrid ; 079 ; MADRID ; ZZ RIOS ROSAS, 48.             (AGENCIA 38) 0 ; 28003 ; Operativas ; 
BP ; BANCOS ; 0128 ; BANKINTER, S.A. (0128) ; ES ; ESPAÑA ; 12 ; MADRID             ; 28 ; Madrid ; 080 ; MAJADAHONDA ; ZZ CTRA.PLANTIO C/V DOCTOR CALERO-C.C.TUTTI 0 ; 28220 ; Operativas ; 
BP ; BANCOS ; 0128 ; BANKINTER, S.A. (0128) ; ES ; ESPAÑA ; 12 ; MADRID             ; 28 ; Madrid ; 080 ; MAJADAHONDA ; ZZ CTRA. DE POZUELO, 48 0 ; 28220 ; Operativas ; 
BP ; BANCOS ; 0128 ; BANKINTER, S.A. (0128) ; ES ; ESPAÑA ; 12 ; MADRID             ; 28 ; Madrid ; 092 ; MOSTOLES ; AV  DE PORTUGAL, 19 0 ; 28931 ; Operativas ; 
BP ; BANCOS ; 0128 ; BANKINTER, S.A. (0128) ; ES ; ESPAÑA ; 12 ; MADRID             ; 28 ; Madrid ; 092 ; MOSTOLES ; ZZ AVDA. DOS DE MAYO, 7 0 ; 28934 ; Operativas ; 
BP ; BANCOS ; 0128 ; BANKINTER, S.A. (0128) ; ES ; ESPAÑA ; 12 ; MADRID             ; 28 ; Madrid ; 113 ; PINTO ; PZ EGIDO DE LA FUENTE, 9 - 10 0 ; 28320 ; Operativas ; 
BP ; BANCOS ; 0128 ; BANKINTER, S.A. (0128) ; ES ; ESPAÑA ; 12 ; MADRID             ; 28 ; Madrid ; 115 ; POZUELO DE ALARCON ; PZ MAYOR 2 LOCALES 5 Y 6 0 ; 28223 ; Operativas ; 
BP ; BANCOS ; 0128 ; BANKINTER, S.A. (0128) ; ES ; ESPAÑA ; 12 ; MADRID             ; 28 ; Madrid ; 123 ; RIVAS-VACIAMADRID ; ZZ PABLO IGLESIAS, 83 0 ; 28529 ; Operativas ; 
BP ; BANCOS ; 0128 ; BANKINTER, S.A. (0128) ; ES ; ESPAÑA ; 12 ; MADRID             ; 28 ; Madrid ; 127 ; ROZAS DE MADRID (LAS) ; ZZ ROMERAL, 1 BAJO 0 ; 28230 ; Operativas ; 
BP ; BANCOS ; 0128 ; BANKINTER, S.A. (0128) ; ES ; ESPAÑA ; 12 ; MADRID             ; 28 ; Madrid ; 134 ; SAN SEBASTIAN DE LOS REYES ; AV DE LOS QUIÑONES, 2 0 ; 28702 ; Operativas ; 
BP ; BANCOS ; 0128 ; BANKINTER, S.A. (0128) ; ES ; ESPAÑA ; 12 ; MADRID             ; 28 ; Madrid ; 148 ; TORREJON DE ARDOZ ; ZZ EN MEDIO, 4 0 ; 28850 ; Operativas ; 
BP ; BANCOS ; 0128 ; BANKINTER, S.A. (0128) ; ES ; ESPAÑA ; 12 ; MADRID             ; 28 ; Madrid ; 161 ; VALDEMORO ; ZZ HERACLES RESIDENCIAL OLIMPO , 4 Y 5 0 ; 28340 ; Operativas ; 
BP ; BANCOS ; 0128 ; BANKINTER, S.A. (0128) ; ES ; ESPAÑA ; 12 ; MADRID             ; 28 ; Madrid ; 181 ; VILLAVICIOSA DE ODON ; AV PRINCIPE DE ASTURIAS, 159 0 ; 28670 ; Operativas ; 
BP ; BANCOS ; 0128 ; BANKINTER, S.A. (0128) ; ES ; ESPAÑA ; 12 ; MADRID             ; 28 ; Madrid ; 903 ; TRES CANTOS ; AV  COMENAR VIEJO, 41. 0 ; 28760 ; Operativas ; 
BP ; BANCOS ; 0133 ; NUEVO MICRO BANK, S.A. (0133) ; ES ; ESPAÑA ; 12 ; MADRID             ; 28 ; Madrid ; 005 ; ALCALA DE HENARES ; CL ALCALA 27 ; 28014 ; Operativas ; 
BP ; BANCOS ; 0136 ; ARESBANK, S.A. (0136) ; ES ; ESPAÑA ; 12 ; MADRID             ; 28 ; Madrid ; 079 ; MADRID ; PS PASEO DE LA CASTELLANA 257 ; 28046 ; Operativas ; 
BP ; BANCOS ; 0182 ; BANCO BILBAO VIZCAYA ARGENTARIA, SA (0182) ; ES ; ESPAÑA ; 12 ; MADRID             ; 28 ; Madrid ; 005 ; ALCALA DE HENARES ; CL JACINTO VERDAGUER 6 ; 28805 ; Operativas ; 
BP ; BANCOS ; 0182 ; BANCO BILBAO VIZCAYA ARGENTARIA, SA (0182) ; ES ; ESPAÑA ; 12 ; MADRID             ; 28 ; Madrid ; 005 ; ALCALA DE HENARES ; AV DE AJALVIR 2 ; 28806 ; Operativas ; 
BP ; BANCOS ; 0182 ; BANCO BILBAO VIZCAYA ARGENTARIA, SA (0182) ; ES ; ESPAÑA ; 12 ; MADRID             ; 28 ; Madrid ; 005 ; ALCALA DE HENARES ; CL LIBREROS 8 ; 28801 ; Operativas ; 
BP ; BANCOS ; 0182 ; BANCO BILBAO VIZCAYA ARGENTARIA, SA (0182) ; ES ; ESPAÑA ; 12 ; MADRID             ; 28 ; Madrid ; 005 ; ALCALA DE HENARES ; CL CASTILLA 6 ; 28804 ; Operativas ; 
BP ; BANCOS ; 0182 ; BANCO BILBAO VIZCAYA ARGENTARIA, SA (0182) ; ES ; ESPAÑA ; 12 ; MADRID             ; 28 ; Madrid ; 005 ; ALCALA DE HENARES ; CL JOSE MARIA DE PEREDA 12 ; 28806 ; Operativas ; 
BP ; BANCOS ; 0182 ; BANCO BILBAO VIZCAYA ARGENTARIA, SA (0182) ; ES ; ESPAÑA ; 12 ; MADRID             ; 28 ; Madrid ; 005 ; ALCALA DE HENARES ; AV DE REYES CATOLICOS 3 ; 28803 ; Operativas ; 
BP ; BANCOS ; 0182 ; BANCO BILBAO VIZCAYA ARGENTARIA, SA (0182) ; ES ; ESPAÑA ; 12 ; MADRID             ; 28 ; Madrid ; 006 ; ALCOBENDAS ; CL LIBERTAD 43 ; 28100 ; Operativas ; 
BP ; BANCOS ; 0182 ; BANCO BILBAO VIZCAYA ARGENTARIA, SA (0182) ; ES ; ESPAÑA ; 12 ; MADRID             ; 28 ; Madrid ; 006 ; ALCOBENDAS ; CL DOLORES IBARRURI S/N ; 28100 ; Operativas ; 
BP ; BANCOS ; 0182 ; BANCO BILBAO VIZCAYA ARGENTARIA, SA (0182) ; ES ; ESPAÑA ; 12 ; MADRID             ; 28 ; Madrid ; 006 ; ALCOBENDAS ; PZ DE LA MORALEJA S/N ; 28109 ; Operativas ; 
BP ; BANCOS ; 0182 ; BANCO BILBAO VIZCAYA ARGENTARIA, SA (0182) ; ES ; ESPAÑA ; 12 ; MADRID             ; 28 ; Madrid ; 006 ; ALCOBENDAS ; CL CONSTITUCION 74 ; 28100 ; Operativas ; 
BP ; BANCOS ; 0182 ; BANCO BILBAO VIZCAYA ARGENTARIA, SA (0182) ; ES ; ESPAÑA ; 12 ; MADRID             ; 28 ; Madrid ; 006 ; ALCOBENDAS ; CL MARQUESA VIUDA ALDAMA 9 ; 28100 ; Operativas ; 
BP ; BANCOS ; 0182 ; BANCO BILBAO VIZCAYA ARGENTARIA, SA (0182) ; ES ; ESPAÑA ; 12 ; MADRID             ; 28 ; Madrid ; 007 ; ALCORCON ; CL TIMANFAYA 35 ; 28923 ; Operativas ; 
BP ; BANCOS ; 0182 ; BANCO BILBAO VIZCAYA ARGENTARIA, SA (0182) ; ES ; ESPAÑA ; 12 ; MADRID             ; 28 ; Madrid ; 007 ; ALCORCON ; CL JAPON 1 ; 28923 ; Operativas ; 
BP ; BANCOS ; 0182 ; BANCO BILBAO VIZCAYA ARGENTARIA, SA (0182) ; ES ; ESPAÑA ; 12 ; MADRID             ; 28 ; Madrid ; 007 ; ALCORCON ; CL PORTO CRISTO 7 ; 28924 ; Operativas ; 
BP ; BANCOS ; 0182 ; BANCO BILBAO VIZCAYA ARGENTARIA, SA (0182) ; ES ; ESPAÑA ; 12 ; MADRID             ; 28 ; Madrid ; 007 ; ALCORCON ; CL FUENLABRADA 1 ; 28921 ; Operativas ; 
BP ; BANCOS ; 0182 ; BANCO BILBAO VIZCAYA ARGENTARIA, SA (0182) ; ES ; ESPAÑA ; 12 ; MADRID             ; 28 ; Madrid ; 007 ; ALCORCON ; AV DE LAS RETAMAS 19 ; 28922 ; Operativas ; 
BP ; BANCOS ; 0182 ; BANCO BILBAO VIZCAYA ARGENTARIA, SA (0182) ; ES ; ESPAÑA ; 12 ; MADRID             ; 28 ; Madrid ; 009 ; ALGETE ; CL SAN ROQUE 14 ; 28110 ; Operativas ; 
BP ; BANCOS ; 0182 ; BANCO BILBAO VIZCAYA ARGENTARIA, SA (0182) ; ES ; ESPAÑA ; 12 ; MADRID             ; 28 ; Madrid ; 010 ; ALPEDRETE ; CL MAESTRO 7 ; 28430 ; Operativas ; 
BP ; BANCOS ; 0182 ; BANCO BILBAO VIZCAYA ARGENTARIA, SA (0182) ; ES ; ESPAÑA ; 12 ; MADRID             ; 28 ; Madrid ; 013 ; ARANJUEZ ; CL STUART 95 ; 28300 ; Operativas ; 
BP ; BANCOS ; 0182 ; BANCO BILBAO VIZCAYA ARGENTARIA, SA (0182) ; ES ; ESPAÑA ; 12 ; MADRID             ; 28 ; Madrid ; 014 ; ARGANDA DEL REY ; AV DEL EJERCITO 32-34 ; 28500 ; Operativas ; 
BP ; BANCOS ; 0182 ; BANCO BILBAO VIZCAYA ARGENTARIA, SA (0182) ; ES ; ESPAÑA ; 12 ; MADRID             ; 28 ; Madrid ; 015 ; ARROYOMOLINOS ; CL LA FUENTE 7 ; 28939 ; Operativas ; 
BP ; BANCOS ; 0182 ; BANCO BILBAO VIZCAYA ARGENTARIA, SA (0182) ; ES ; ESPAÑA ; 12 ; MADRID             ; 28 ; Madrid ; 022 ; BOADILLA DEL MONTE ; CL MARTIRES 13 ; 28660 ; Operativas ; 
BP ; BANCOS ; 0182 ; BANCO BILBAO VIZCAYA ARGENTARIA, SA (0182) ; ES ; ESPAÑA ; 12 ; MADRID             ; 28 ; Madrid ; 022 ; BOADILLA DEL MONTE ; AV DE SIGLO XXI 6 ; 28660 ; Operativas ; 
BP ; BANCOS ; 0182 ; BANCO BILBAO VIZCAYA ARGENTARIA, SA (0182) ; ES ; ESPAÑA ; 12 ; MADRID             ; 28 ; Madrid ; 033 ; CAMPO REAL ; CR DE VILLAR DEL OLMO 6 ; 28510 ; Operativas ; 
BP ; BANCOS ; 0182 ; BANCO BILBAO VIZCAYA ARGENTARIA, SA (0182) ; ES ; ESPAÑA ; 12 ; MADRID             ; 28 ; Madrid ; 040 ; CIEMPOZUELOS ; CL JERONIMODELMORAL 8 ; 28350 ; Operativas ; 
BP ; BANCOS ; 0182 ; BANCO BILBAO VIZCAYA ARGENTARIA, SA (0182) ; ES ; ESPAÑA ; 12 ; MADRID             ; 28 ; Madrid ; 041 ; COBEÑA ; CL MADRID 10 ; 28863 ; Operativas ; 
BP ; BANCOS ; 0182 ; BANCO BILBAO VIZCAYA ARGENTARIA, SA (0182) ; ES ; ESPAÑA ; 12 ; MADRID             ; 28 ; Madrid ; 045 ; COLMENAR VIEJO ; PZ DEL PUEBLO 5 ; 28770 ; Operativas ; 
BP ; BANCOS ; 0182 ; BANCO BILBAO VIZCAYA ARGENTARIA, SA (0182) ; ES ; ESPAÑA ; 12 ; MADRID             ; 28 ; Madrid ; 045 ; COLMENAR VIEJO ; CL MOLINO DE VIENTO 8 ; 28770 ; Operativas ; 
BP ; BANCOS ; 0182 ; BANCO BILBAO VIZCAYA ARGENTARIA, SA (0182) ; ES ; ESPAÑA ; 12 ; MADRID             ; 28 ; Madrid ; 047 ; COLLADO VILLALBA ; CL BATALLA DE BAILEN 15 ; 28400 ; Operativas ; 
BP ; BANCOS ; 0182 ; BANCO BILBAO VIZCAYA ARGENTARIA, SA (0182) ; ES ; ESPAÑA ; 12 ; MADRID             ; 28 ; Madrid ; 049 ; COSLADA ; CL LUIS GRASSET 15 ; 28820 ; Operativas ; 
BP ; BANCOS ; 0182 ; BANCO BILBAO VIZCAYA ARGENTARIA, SA (0182) ; ES ; ESPAÑA ; 12 ; MADRID             ; 28 ; Madrid ; 049 ; COSLADA ; AV BERLIN 8 ; 28820 ; Operativas ; 
BP ; BANCOS ; 0182 ; BANCO BILBAO VIZCAYA ARGENTARIA, SA (0182) ; ES ; ESPAÑA ; 12 ; MADRID             ; 28 ; Madrid ; 049 ; COSLADA ; CL MEJICO 12 ; 28820 ; Operativas ; 
BP ; BANCOS ; 0182 ; BANCO BILBAO VIZCAYA ARGENTARIA, SA (0182) ; ES ; ESPAÑA ; 12 ; MADRID             ; 28 ; Madrid ; 053 ; DAGANZO DE ARRIBA ; GL DE ALCALA 2 ; 28814 ; Operativas ; 
BP ; BANCOS ; 0182 ; BANCO BILBAO VIZCAYA ARGENTARIA, SA (0182) ; ES ; ESPAÑA ; 12 ; MADRID             ; 28 ; Madrid ; 054 ; ESCORIAL (EL) ; CL LORENZO NIO 3 ; 28280 ; Operativas ; 
BP ; BANCOS ; 0182 ; BANCO BILBAO VIZCAYA ARGENTARIA, SA (0182) ; ES ; ESPAÑA ; 12 ; MADRID             ; 28 ; Madrid ; 058 ; FUENLABRADA ; CL ESCULTURA 2 ; 28942 ; Operativas ; 
BP ; BANCOS ; 0182 ; BANCO BILBAO VIZCAYA ARGENTARIA, SA (0182) ; ES ; ESPAÑA ; 12 ; MADRID             ; 28 ; Madrid ; 058 ; FUENLABRADA ; AV DE LOS ESTADOS 18 ; 28945 ; Operativas ; 
BP ; BANCOS ; 0182 ; BANCO BILBAO VIZCAYA ARGENTARIA, SA (0182) ; ES ; ESPAÑA ; 12 ; MADRID             ; 28 ; Madrid ; 058 ; FUENLABRADA ; AV DE ESPAA 2 ; 28941 ; Operativas ; 
BP ; BANCOS ; 0182 ; BANCO BILBAO VIZCAYA ARGENTARIA, SA (0182) ; ES ; ESPAÑA ; 12 ; MADRID             ; 28 ; Madrid ; 058 ; FUENLABRADA ; AV DE HISPANIDAD 2 ; 28945 ; Operativas ; 
BP ; BANCOS ; 0182 ; BANCO BILBAO VIZCAYA ARGENTARIA, SA (0182) ; ES ; ESPAÑA ; 12 ; MADRID             ; 28 ; Madrid ; 058 ; FUENLABRADA ; PZ DE LA CONSTITUCION 23 ; 28944 ; Operativas ; 
BP ; BANCOS ; 0182 ; BANCO BILBAO VIZCAYA ARGENTARIA, SA (0182) ; ES ; ESPAÑA ; 12 ; MADRID             ; 28 ; Madrid ; 061 ; GALAPAGAR ; CL CONCEJO 14 ; 28260 ; Operativas ; 
BP ; BANCOS ; 0182 ; BANCO BILBAO VIZCAYA ARGENTARIA, SA (0182) ; ES ; ESPAÑA ; 12 ; MADRID             ; 28 ; Madrid ; 065 ; GETAFE ; AV DE JOHN LENNON S/N ; 28906 ; Operativas ; 
BP ; BANCOS ; 0182 ; BANCO BILBAO VIZCAYA ARGENTARIA, SA (0182) ; ES ; ESPAÑA ; 12 ; MADRID             ; 28 ; Madrid ; 065 ; GETAFE ; AV DE CTE.JOSE M.RIPOLLES S/N ; 28907 ; Operativas ; 
BP ; BANCOS ; 0182 ; BANCO BILBAO VIZCAYA ARGENTARIA, SA (0182) ; ES ; ESPAÑA ; 12 ; MADRID             ; 28 ; Madrid ; 065 ; GETAFE ; CL MADRID 56 ; 28902 ; Operativas ; 
BP ; BANCOS ; 0182 ; BANCO BILBAO VIZCAYA ARGENTARIA, SA (0182) ; ES ; ESPAÑA ; 12 ; MADRID             ; 28 ; Madrid ; 065 ; GETAFE ; CL GARCILASO 67 ; 28904 ; Operativas ; 
BP ; BANCOS ; 0182 ; BANCO BILBAO VIZCAYA ARGENTARIA, SA (0182) ; ES ; ESPAÑA ; 12 ; MADRID             ; 28 ; Madrid ; 065 ; GETAFE ; CL RIGOBERTA MENCHU 3 ; 28903 ; Operativas ; 
BP ; BANCOS ; 0182 ; BANCO BILBAO VIZCAYA ARGENTARIA, SA (0182) ; ES ; ESPAÑA ; 12 ; MADRID             ; 28 ; Madrid ; 065 ; GETAFE ; AV DE ESPAA 22 ; 28903 ; Operativas ; 
BP ; BANCOS ; 0182 ; BANCO BILBAO VIZCAYA ARGENTARIA, SA (0182) ; ES ; ESPAÑA ; 12 ; MADRID             ; 28 ; Madrid ; 065 ; GETAFE ; AV DE ARCAS DEL AGUA S/N ; 28905 ; Operativas ; 
BP ; BANCOS ; 0182 ; BANCO BILBAO VIZCAYA ARGENTARIA, SA (0182) ; ES ; ESPAÑA ; 12 ; MADRID             ; 28 ; Madrid ; 065 ; GETAFE ; CL VILLAVERDE 8 ; 28902 ; Operativas ; 
BP ; BANCOS ; 0182 ; BANCO BILBAO VIZCAYA ARGENTARIA, SA (0182) ; ES ; ESPAÑA ; 12 ; MADRID             ; 28 ; Madrid ; 065 ; GETAFE ; CL GROENLANDIA 4 ; 28909 ; Operativas ; 
BP ; BANCOS ; 0182 ; BANCO BILBAO VIZCAYA ARGENTARIA, SA (0182) ; ES ; ESPAÑA ; 12 ; MADRID             ; 28 ; Madrid ; 066 ; GRIÑON ; CL MAYOR 55 ; 28971 ; Operativas ; 
BP ; BANCOS ; 0182 ; BANCO BILBAO VIZCAYA ARGENTARIA, SA (0182) ; ES ; ESPAÑA ; 12 ; MADRID             ; 28 ; Madrid ; 068 ; GUADARRAMA ; CL ALFONSO SENRA 19 ; 28440 ; Operativas ; 
BP ; BANCOS ; 0182 ; BANCO BILBAO VIZCAYA ARGENTARIA, SA (0182) ; ES ; ESPAÑA ; 12 ; MADRID             ; 28 ; Madrid ; 072 ; HOYO DE MANZANARES ; CR DE COLMENAR A TORRELODONES KM 14 ; 28240 ; Operativas ; 
BP ; BANCOS ; 0182 ; BANCO BILBAO VIZCAYA ARGENTARIA, SA (0182) ; ES ; ESPAÑA ; 12 ; MADRID             ; 28 ; Madrid ; 073 ; HUMANES DE MADRID ; CL MADRID 66 ; 28970 ; Operativas ; 
BP ; BANCOS ; 0182 ; BANCO BILBAO VIZCAYA ARGENTARIA, SA (0182) ; ES ; ESPAÑA ; 12 ; MADRID             ; 28 ; Madrid ; 074 ; LEGANES ; AV DE JUAN CARLOS I 75 ; 28916 ; Operativas ; 
BP ; BANCOS ; 0182 ; BANCO BILBAO VIZCAYA ARGENTARIA, SA (0182) ; ES ; ESPAÑA ; 12 ; MADRID             ; 28 ; Madrid ; 074 ; LEGANES ; CL ARGENTINA 9 ; 28914 ; Operativas ; 
BP ; BANCOS ; 0182 ; BANCO BILBAO VIZCAYA ARGENTARIA, SA (0182) ; ES ; ESPAÑA ; 12 ; MADRID             ; 28 ; Madrid ; 074 ; LEGANES ; PZ DE ESPAA 11 ; 28911 ; Operativas ; 
BP ; BANCOS ; 0182 ; BANCO BILBAO VIZCAYA ARGENTARIA, SA (0182) ; ES ; ESPAÑA ; 12 ; MADRID             ; 28 ; Madrid ; 074 ; LEGANES ; AV DE REINA SOFIA 17 ; 28919 ; Operativas ; 
BP ; BANCOS ; 0182 ; BANCO BILBAO VIZCAYA ARGENTARIA, SA (0182) ; ES ; ESPAÑA ; 12 ; MADRID             ; 28 ; Madrid ; 074 ; LEGANES ; CL RIOJA 94 ; 28915 ; Operativas ; 
BP ; BANCOS ; 0182 ; BANCO BILBAO VIZCAYA ARGENTARIA, SA (0182) ; ES ; ESPAÑA ; 12 ; MADRID             ; 28 ; Madrid ; 075 ; LOECHES ; CL CHORRERA 4 ; 28890 ; Operativas ; 
BP ; BANCOS ; 0182 ; BANCO BILBAO VIZCAYA ARGENTARIA, SA (0182) ; ES ; ESPAÑA ; 12 ; MADRID             ; 28 ; Madrid ; 079 ; MADRID ; CL GRAN VIA 60 ; 28013 ; Operativas ; 
BP ; BANCOS ; 0182 ; BANCO BILBAO VIZCAYA ARGENTARIA, SA (0182) ; ES ; ESPAÑA ; 12 ; MADRID             ; 28 ; Madrid ; 079 ; MADRID ; CL OCA 77 ; 28025 ; Operativas ; 
BP ; BANCOS ; 0182 ; BANCO BILBAO VIZCAYA ARGENTARIA, SA (0182) ; ES ; ESPAÑA ; 12 ; MADRID             ; 28 ; Madrid ; 079 ; MADRID ; PZ DELENCUENTRO 3 ; 28030 ; Operativas ; 
BP ; BANCOS ; 0182 ; BANCO BILBAO VIZCAYA ARGENTARIA, SA (0182) ; ES ; ESPAÑA ; 12 ; MADRID             ; 28 ; Madrid ; 079 ; MADRID ; CL ILLESCAS 14 ; 28024 ; Operativas ; 
BP ; BANCOS ; 0182 ; BANCO BILBAO VIZCAYA ARGENTARIA, SA (0182) ; ES ; ESPAÑA ; 12 ; MADRID             ; 28 ; Madrid ; 079 ; MADRID ; CL VALMOJADO 293 ; 28047 ; Operativas ; 
BP ; BANCOS ; 0182 ; BANCO BILBAO VIZCAYA ARGENTARIA, SA (0182) ; ES ; ESPAÑA ; 12 ; MADRID             ; 28 ; Madrid ; 079 ; MADRID ; CL ILLESCAS 183 ; 28047 ; Operativas ; 
BP ; BANCOS ; 0182 ; BANCO BILBAO VIZCAYA ARGENTARIA, SA (0182) ; ES ; ESPAÑA ; 12 ; MADRID             ; 28 ; Madrid ; 079 ; MADRID ; CL ARGUMOSA 1 ; 28012 ; Operativas ; 
BP ; BANCOS ; 0182 ; BANCO BILBAO VIZCAYA ARGENTARIA, SA (0182) ; ES ; ESPAÑA ; 12 ; MADRID             ; 28 ; Madrid ; 079 ; MADRID ; CL CARLOS MARTIN ALVAREZ 65 ; 28018 ; Operativas ; 
BP ; BANCOS ; 0182 ; BANCO BILBAO VIZCAYA ARGENTARIA, SA (0182) ; ES ; ESPAÑA ; 12 ; MADRID             ; 28 ; Madrid ; 079 ; MADRID ; PS DE EXTREMADURA 145 ; 28011 ; Operativas ; 
BP ; BANCOS ; 0182 ; BANCO BILBAO VIZCAYA ARGENTARIA, SA (0182) ; ES ; ESPAÑA ; 12 ; MADRID             ; 28 ; Madrid ; 079 ; MADRID ; CL SANTA ENGRACIA 179 ; 28003 ; Operativas ; 
BP ; BANCOS ; 0182 ; BANCO BILBAO VIZCAYA ARGENTARIA, SA (0182) ; ES ; ESPAÑA ; 12 ; MADRID             ; 28 ; Madrid ; 079 ; MADRID ; AV DE BADAJOZ 5 ; 28027 ; Operativas ; 
BP ; BANCOS ; 0182 ; BANCO BILBAO VIZCAYA ARGENTARIA, SA (0182) ; ES ; ESPAÑA ; 12 ; MADRID             ; 28 ; Madrid ; 079 ; MADRID ; CL NURIA 30 ; 28034 ; Operativas ; 
BP ; BANCOS ; 0182 ; BANCO BILBAO VIZCAYA ARGENTARIA, SA (0182) ; ES ; ESPAÑA ; 12 ; MADRID             ; 28 ; Madrid ; 079 ; MADRID ; AV DE FELIPE II 12 ; 28009 ; Operativas ; 
BP ; BANCOS ; 0182 ; BANCO BILBAO VIZCAYA ARGENTARIA, SA (0182) ; ES ; ESPAÑA ; 12 ; MADRID             ; 28 ; Madrid ; 079 ; MADRID ; CL ISLAS BERMUDAS 1 ; 28034 ; Operativas ; 
BP ; BANCOS ; 0182 ; BANCO BILBAO VIZCAYA ARGENTARIA, SA (0182) ; ES ; ESPAÑA ; 12 ; MADRID             ; 28 ; Madrid ; 079 ; MADRID ; PS DE LA CASTELLANA 169 ; 28020 ; Operativas ; 
BP ; BANCOS ; 0182 ; BANCO BILBAO VIZCAYA ARGENTARIA, SA (0182) ; ES ; ESPAÑA ; 12 ; MADRID             ; 28 ; Madrid ; 079 ; MADRID ; CL ALCALÁ 250 ; 28027 ; Operativas ; 
BP ; BANCOS ; 0182 ; BANCO BILBAO VIZCAYA ARGENTARIA, SA (0182) ; ES ; ESPAÑA ; 12 ; MADRID             ; 28 ; Madrid ; 079 ; MADRID ; CL ENRIQUE LARRETA 4 ; 28036 ; Operativas ; 
BP ; BANCOS ; 0182 ; BANCO BILBAO VIZCAYA ARGENTARIA, SA (0182) ; ES ; ESPAÑA ; 12 ; MADRID             ; 28 ; Madrid ; 079 ; MADRID ; CL ALCALA 189 ; 28009 ; Operativas ; 
BP ; BANCOS ; 0182 ; BANCO BILBAO VIZCAYA ARGENTARIA, SA (0182) ; ES ; ESPAÑA ; 12 ; MADRID             ; 28 ; Madrid ; 079 ; MADRID ; CL EMILIO FERRARI 71 ; 28017 ; Operativas ; 
BP ; BANCOS ; 0182 ; BANCO BILBAO VIZCAYA ARGENTARIA, SA (0182) ; ES ; ESPAÑA ; 12 ; MADRID             ; 28 ; Madrid ; 079 ; MADRID ; CL SAN FRANCISCO SALES 29 ; 28003 ; Operativas ; 
BP ; BANCOS ; 0182 ; BANCO BILBAO VIZCAYA ARGENTARIA, SA (0182) ; ES ; ESPAÑA ; 12 ; MADRID             ; 28 ; Madrid ; 079 ; MADRID ; CL ALCALA 582 ; 28022 ; Operativas ; 
BP ; BANCOS ; 0182 ; BANCO BILBAO VIZCAYA ARGENTARIA, SA (0182) ; ES ; ESPAÑA ; 12 ; MADRID             ; 28 ; Madrid ; 079 ; MADRID ; CL HORTALEZA 37 ; 28004 ; Operativas ; 
BP ; BANCOS ; 0182 ; BANCO BILBAO VIZCAYA ARGENTARIA, SA (0182) ; ES ; ESPAÑA ; 12 ; MADRID             ; 28 ; Madrid ; 079 ; MADRID ; CL SANTA VIRGILIA 3 ; 28033 ; Operativas ; 
BP ; BANCOS ; 0182 ; BANCO BILBAO VIZCAYA ARGENTARIA, SA (0182) ; ES ; ESPAÑA ; 12 ; MADRID             ; 28 ; Madrid ; 079 ; MADRID ; ZZ MERCAMADRID S/N ; 28053 ; Operativas ; 
BP ; BANCOS ; 0182 ; BANCO BILBAO VIZCAYA ARGENTARIA, SA (0182) ; ES ; ESPAÑA ; 12 ; MADRID             ; 28 ; Madrid ; 079 ; MADRID ; CL ARTURO SORIA 189 ; 28043 ; Operativas ; 
BP ; BANCOS ; 0182 ; BANCO BILBAO VIZCAYA ARGENTARIA, SA (0182) ; ES ; ESPAÑA ; 12 ; MADRID             ; 28 ; Madrid ; 079 ; MADRID ; CL ANDRES MELLADO 50 ; 28015 ; Operativas ; 
BP ; BANCOS ; 0182 ; BANCO BILBAO VIZCAYA ARGENTARIA, SA (0182) ; ES ; ESPAÑA ; 12 ; MADRID             ; 28 ; Madrid ; 079 ; MADRID ; CL CALERUEGA 1 ; 28033 ; Operativas ; 
BP ; BANCOS ; 0182 ; BANCO BILBAO VIZCAYA ARGENTARIA, SA (0182) ; ES ; ESPAÑA ; 12 ; MADRID             ; 28 ; Madrid ; 079 ; MADRID ; CL CARTAGENA 34 ; 28028 ; Operativas ; 
BP ; BANCOS ; 0182 ; BANCO BILBAO VIZCAYA ARGENTARIA, SA (0182) ; ES ; ESPAÑA ; 12 ; MADRID             ; 28 ; Madrid ; 079 ; MADRID ; AV DE LOGROO 112 ; 28042 ; Operativas ; 
BP ; BANCOS ; 0182 ; BANCO BILBAO VIZCAYA ARGENTARIA, SA (0182) ; ES ; ESPAÑA ; 12 ; MADRID             ; 28 ; Madrid ; 079 ; MADRID ; AV DE MACHUPICHU 19 ; 28043 ; Operativas ; 
BP ; BANCOS ; 0182 ; BANCO BILBAO VIZCAYA ARGENTARIA, SA (0182) ; ES ; ESPAÑA ; 12 ; MADRID             ; 28 ; Madrid ; 079 ; MADRID ; CL VALDETORRES DEL JARAMA 31 ; 28043 ; Operativas ; 
BP ; BANCOS ; 0182 ; BANCO BILBAO VIZCAYA ARGENTARIA, SA (0182) ; ES ; ESPAÑA ; 12 ; MADRID             ; 28 ; Madrid ; 079 ; MADRID ; AV DE DR. GARCIA TAPIA 202 ; 28030 ; Operativas ; 
BP ; BANCOS ; 0182 ; BANCO BILBAO VIZCAYA ARGENTARIA, SA (0182) ; ES ; ESPAÑA ; 12 ; MADRID             ; 28 ; Madrid ; 079 ; MADRID ; AV DE EUROPA 27 ; 28023 ; Operativas ; 
BP ; BANCOS ; 0182 ; BANCO BILBAO VIZCAYA ARGENTARIA, SA (0182) ; ES ; ESPAÑA ; 12 ; MADRID             ; 28 ; Madrid ; 079 ; MADRID ; PS DE RECOLETOS 10 ; 28001 ; Operativas ; 
BP ; BANCOS ; 0182 ; BANCO BILBAO VIZCAYA ARGENTARIA, SA (0182) ; ES ; ESPAÑA ; 12 ; MADRID             ; 28 ; Madrid ; 079 ; MADRID ; AV DE PIO XII 6 ; 28016 ; Operativas ; 
BP ; BANCOS ; 0182 ; BANCO BILBAO VIZCAYA ARGENTARIA, SA (0182) ; ES ; ESPAÑA ; 12 ; MADRID             ; 28 ; Madrid ; 079 ; MADRID ; PS DE LA FLORIDA 8 ; 28008 ; Operativas ; 
BP ; BANCOS ; 0182 ; BANCO BILBAO VIZCAYA ARGENTARIA, SA (0182) ; ES ; ESPAÑA ; 12 ; MADRID             ; 28 ; Madrid ; 079 ; MADRID ; CR DE VILLAVERDE A VALLECAS 24 ; 28021 ; Operativas ; 
BP ; BANCOS ; 0182 ; BANCO BILBAO VIZCAYA ARGENTARIA, SA (0182) ; ES ; ESPAÑA ; 12 ; MADRID             ; 28 ; Madrid ; 079 ; MADRID ; CL JOSE DE CADALSO 70 ; 28044 ; Operativas ; 
BP ; BANCOS ; 0182 ; BANCO BILBAO VIZCAYA ARGENTARIA, SA (0182) ; ES ; ESPAÑA ; 12 ; MADRID             ; 28 ; Madrid ; 079 ; MADRID ; CL BULEVAR INDALECIO PRIETO 32 ; 28032 ; Operativas ; 
BP ; BANCOS ; 0182 ; BANCO BILBAO VIZCAYA ARGENTARIA, SA (0182) ; ES ; ESPAÑA ; 12 ; MADRID             ; 28 ; Madrid ; 079 ; MADRID ; PZ JUAN DE MALASAÑA 3 ; 28031 ; Operativas ; 
BP ; BANCOS ; 0182 ; BANCO BILBAO VIZCAYA ARGENTARIA, SA (0182) ; ES ; ESPAÑA ; 12 ; MADRID             ; 28 ; Madrid ; 079 ; MADRID ; CL SILVINA 17 ; 28041 ; Operativas ; 
BP ; BANCOS ; 0182 ; BANCO BILBAO VIZCAYA ARGENTARIA, SA (0182) ; ES ; ESPAÑA ; 12 ; MADRID             ; 28 ; Madrid ; 079 ; MADRID ; CL ROMERO ROBLEDO 8 ; 28008 ; Operativas ; 
BP ; BANCOS ; 0182 ; BANCO BILBAO VIZCAYA ARGENTARIA, SA (0182) ; ES ; ESPAÑA ; 12 ; MADRID             ; 28 ; Madrid ; 079 ; MADRID ; PS DE LA CASTELLANA 108 ; 28046 ; Operativas ; 
BP ; BANCOS ; 0182 ; BANCO BILBAO VIZCAYA ARGENTARIA, SA (0182) ; ES ; ESPAÑA ; 12 ; MADRID             ; 28 ; Madrid ; 079 ; MADRID ; CL ORENSE 58 ; 28020 ; Operativas ; 
BP ; BANCOS ; 0182 ; BANCO BILBAO VIZCAYA ARGENTARIA, SA (0182) ; ES ; ESPAÑA ; 12 ; MADRID             ; 28 ; Madrid ; 079 ; MADRID ; CL ALCALA 459 ; 28027 ; Operativas ; 
BP ; BANCOS ; 0182 ; BANCO BILBAO VIZCAYA ARGENTARIA, SA (0182) ; ES ; ESPAÑA ; 12 ; MADRID             ; 28 ; Madrid ; 079 ; MADRID ; PS DE STA. MARIA DE LA CABEZA 37 ; 28045 ; Operativas ; 
BP ; BANCOS ; 0182 ; BANCO BILBAO VIZCAYA ARGENTARIA, SA (0182) ; ES ; ESPAÑA ; 12 ; MADRID             ; 28 ; Madrid ; 079 ; MADRID ; CL ZARATAN 10 ; 28037 ; Operativas ; 
BP ; BANCOS ; 0182 ; BANCO BILBAO VIZCAYA ARGENTARIA, SA (0182) ; ES ; ESPAÑA ; 12 ; MADRID             ; 28 ; Madrid ; 079 ; MADRID ; AV DE BURGOS 16 ; 28036 ; Operativas ; 
BP ; BANCOS ; 0182 ; BANCO BILBAO VIZCAYA ARGENTARIA, SA (0182) ; ES ; ESPAÑA ; 12 ; MADRID             ; 28 ; Madrid ; 079 ; MADRID ; CL ORENSE 17 ; 28020 ; Operativas ; 
BP ; BANCOS ; 0182 ; BANCO BILBAO VIZCAYA ARGENTARIA, SA (0182) ; ES ; ESPAÑA ; 12 ; MADRID             ; 28 ; Madrid ; 079 ; MADRID ; PZ DE NAVIO 1 ; 28042 ; Operativas ; 
BP ; BANCOS ; 0182 ; BANCO BILBAO VIZCAYA ARGENTARIA, SA (0182) ; ES ; ESPAÑA ; 12 ; MADRID             ; 28 ; Madrid ; 079 ; MADRID ; AV DE LA GUARDIA 29 ; 28048 ; Operativas ; 
BP ; BANCOS ; 0182 ; BANCO BILBAO VIZCAYA ARGENTARIA, SA (0182) ; ES ; ESPAÑA ; 12 ; MADRID             ; 28 ; Madrid ; 079 ; MADRID ; CL DOCTOR ESQUERDO 125 ; 28007 ; Operativas ; 
BP ; BANCOS ; 0182 ; BANCO BILBAO VIZCAYA ARGENTARIA, SA (0182) ; ES ; ESPAÑA ; 12 ; MADRID             ; 28 ; Madrid ; 079 ; MADRID ; CL LOPEZ DE HOYOS 466 ; 28043 ; Operativas ; 
BP ; BANCOS ; 0182 ; BANCO BILBAO VIZCAYA ARGENTARIA, SA (0182) ; ES ; ESPAÑA ; 12 ; MADRID             ; 28 ; Madrid ; 079 ; MADRID ; CL LEOPOLDO ALAS CLARIN 8 ; 28035 ; Operativas ; 
BP ; BANCOS ; 0182 ; BANCO BILBAO VIZCAYA ARGENTARIA, SA (0182) ; ES ; ESPAÑA ; 12 ; MADRID             ; 28 ; Madrid ; 079 ; MADRID ; CL MELCHOR FERNANDEZ ALMAGRO 84 ; 28029 ; Operativas ; 
BP ; BANCOS ; 0182 ; BANCO BILBAO VIZCAYA ARGENTARIA, SA (0182) ; ES ; ESPAÑA ; 12 ; MADRID             ; 28 ; Madrid ; 079 ; MADRID ; AV DE MARQUES DE CORBERA 53 ; 28017 ; Operativas ; 
BP ; BANCOS ; 0182 ; BANCO BILBAO VIZCAYA ARGENTARIA, SA (0182) ; ES ; ESPAÑA ; 12 ; MADRID             ; 28 ; Madrid ; 079 ; MADRID ; AV DE CANILLEJASAVICALVARO 103 ; 28022 ; Operativas ; 
BP ; BANCOS ; 0182 ; BANCO BILBAO VIZCAYA ARGENTARIA, SA (0182) ; ES ; ESPAÑA ; 12 ; MADRID             ; 28 ; Madrid ; 079 ; MADRID ; CL ORTEGAYGASSET 56 ; 28006 ; Operativas ; 
BP ; BANCOS ; 0182 ; BANCO BILBAO VIZCAYA ARGENTARIA, SA (0182) ; ES ; ESPAÑA ; 12 ; MADRID             ; 28 ; Madrid ; 079 ; MADRID ; CL EMBAJADORES 79 ; 28012 ; Operativas ; 
BP ; BANCOS ; 0182 ; BANCO BILBAO VIZCAYA ARGENTARIA, SA (0182) ; ES ; ESPAÑA ; 12 ; MADRID             ; 28 ; Madrid ; 079 ; MADRID ; CL VALDERREY 35 ; 28039 ; Operativas ; 
BP ; BANCOS ; 0182 ; BANCO BILBAO VIZCAYA ARGENTARIA, SA (0182) ; ES ; ESPAÑA ; 12 ; MADRID             ; 28 ; Madrid ; 079 ; MADRID ; CL JUAN DE MENA 1 ; 28014 ; Operativas ; 
BP ; BANCOS ; 0182 ; BANCO BILBAO VIZCAYA ARGENTARIA, SA (0182) ; ES ; ESPAÑA ; 12 ; MADRID             ; 28 ; Madrid ; 079 ; MADRID ; CL CASTRILLO DE AZA 16 ; 28031 ; Operativas ; 
BP ; BANCOS ; 0182 ; BANCO BILBAO VIZCAYA ARGENTARIA, SA (0182) ; ES ; ESPAÑA ; 12 ; MADRID             ; 28 ; Madrid ; 079 ; MADRID ; CL JUAN DUQUE 31-33 ; 28005 ; Operativas ; 
BP ; BANCOS ; 0182 ; BANCO BILBAO VIZCAYA ARGENTARIA, SA (0182) ; ES ; ESPAÑA ; 12 ; MADRID             ; 28 ; Madrid ; 079 ; MADRID ; CL TIBERIADES 2 ; 28043 ; Operativas ; 
BP ; BANCOS ; 0182 ; BANCO BILBAO VIZCAYA ARGENTARIA, SA (0182) ; ES ; ESPAÑA ; 12 ; MADRID             ; 28 ; Madrid ; 079 ; MADRID ; AV DE MONFORTE DE LEMOS S/N ; 28029 ; Operativas ; 
BP ; BANCOS ; 0182 ; BANCO BILBAO VIZCAYA ARGENTARIA, SA (0182) ; ES ; ESPAÑA ; 12 ; MADRID             ; 28 ; Madrid ; 079 ; MADRID ; CL MARCELO USERA 143 ; 28026 ; Operativas ; 
BP ; BANCOS ; 0182 ; BANCO BILBAO VIZCAYA ARGENTARIA, SA (0182) ; ES ; ESPAÑA ; 12 ; MADRID             ; 28 ; Madrid ; 079 ; MADRID ; CL EUGENIA DE MONTIJO 112 ; 28044 ; Operativas ; 
BP ; BANCOS ; 0182 ; BANCO BILBAO VIZCAYA ARGENTARIA, SA (0182) ; ES ; ESPAÑA ; 12 ; MADRID             ; 28 ; Madrid ; 079 ; MADRID ; CL TOLEDO 137 ; 28005 ; Operativas ; 
BP ; BANCOS ; 0182 ; BANCO BILBAO VIZCAYA ARGENTARIA, SA (0182) ; ES ; ESPAÑA ; 12 ; MADRID             ; 28 ; Madrid ; 079 ; MADRID ; CL OLIVA DE PLASENCIA 1 ; 28044 ; Operativas ; 
BP ; BANCOS ; 0182 ; BANCO BILBAO VIZCAYA ARGENTARIA, SA (0182) ; ES ; ESPAÑA ; 12 ; MADRID             ; 28 ; Madrid ; 079 ; MADRID ; CL MAYOR 1 ; 28013 ; Operativas ; 
BP ; BANCOS ; 0182 ; BANCO BILBAO VIZCAYA ARGENTARIA, SA (0182) ; ES ; ESPAÑA ; 12 ; MADRID             ; 28 ; Madrid ; 079 ; MADRID ; CL PRINCESA 41 ; 28008 ; Operativas ; 
BP ; BANCOS ; 0182 ; BANCO BILBAO VIZCAYA ARGENTARIA, SA (0182) ; ES ; ESPAÑA ; 12 ; MADRID             ; 28 ; Madrid ; 079 ; MADRID ; CL GENOVA 6 ; 28004 ; Operativas ; 
BP ; BANCOS ; 0182 ; BANCO BILBAO VIZCAYA ARGENTARIA, SA (0182) ; ES ; ESPAÑA ; 12 ; MADRID             ; 28 ; Madrid ; 079 ; MADRID ; CL GOYA 31 ; 28001 ; Operativas ; 
BP ; BANCOS ; 0182 ; BANCO BILBAO VIZCAYA ARGENTARIA, SA (0182) ; ES ; ESPAÑA ; 12 ; MADRID             ; 28 ; Madrid ; 079 ; MADRID ; CL VIA LUSITANA 43 ; 28025 ; Operativas ; 
BP ; BANCOS ; 0182 ; BANCO BILBAO VIZCAYA ARGENTARIA, SA (0182) ; ES ; ESPAÑA ; 12 ; MADRID             ; 28 ; Madrid ; 079 ; MADRID ; PZ DE LAS CORTES 11 ; 28014 ; Operativas ; 
BP ; BANCOS ; 0182 ; BANCO BILBAO VIZCAYA ARGENTARIA, SA (0182) ; ES ; ESPAÑA ; 12 ; MADRID             ; 28 ; Madrid ; 079 ; MADRID ; CL ATOCHA 59 ; 28012 ; Operativas ; 
BP ; BANCOS ; 0182 ; BANCO BILBAO VIZCAYA ARGENTARIA, SA (0182) ; ES ; ESPAÑA ; 12 ; MADRID             ; 28 ; Madrid ; 079 ; MADRID ; CL TOLEDO 52 ; 28005 ; Operativas ; 
BP ; BANCOS ; 0182 ; BANCO BILBAO VIZCAYA ARGENTARIA, SA (0182) ; ES ; ESPAÑA ; 12 ; MADRID             ; 28 ; Madrid ; 079 ; MADRID ; CL BRAVO MURILLO 18 ; 28015 ; Operativas ; 
BP ; BANCOS ; 0182 ; BANCO BILBAO VIZCAYA ARGENTARIA, SA (0182) ; ES ; ESPAÑA ; 12 ; MADRID             ; 28 ; Madrid ; 079 ; MADRID ; CL SERRANO 240 ; 28016 ; Operativas ; 
BP ; BANCOS ; 0182 ; BANCO BILBAO VIZCAYA ARGENTARIA, SA (0182) ; ES ; ESPAÑA ; 12 ; MADRID             ; 28 ; Madrid ; 079 ; MADRID ; CL DIEGO DE LEON 16 ; 28006 ; Operativas ; 
BP ; BANCOS ; 0182 ; BANCO BILBAO VIZCAYA ARGENTARIA, SA (0182) ; ES ; ESPAÑA ; 12 ; MADRID             ; 28 ; Madrid ; 079 ; MADRID ; CL LOPEZ DE HOYOS 138 ; 28002 ; Operativas ; 
BP ; BANCOS ; 0182 ; BANCO BILBAO VIZCAYA ARGENTARIA, SA (0182) ; ES ; ESPAÑA ; 12 ; MADRID             ; 28 ; Madrid ; 079 ; MADRID ; PS DE LAS DELICIAS 20 ; 28045 ; Operativas ; 
BP ; BANCOS ; 0182 ; BANCO BILBAO VIZCAYA ARGENTARIA, SA (0182) ; ES ; ESPAÑA ; 12 ; MADRID             ; 28 ; Madrid ; 079 ; MADRID ; CL MARCELO USERA 27 ; 28026 ; Operativas ; 
BP ; BANCOS ; 0182 ; BANCO BILBAO VIZCAYA ARGENTARIA, SA (0182) ; ES ; ESPAÑA ; 12 ; MADRID             ; 28 ; Madrid ; 079 ; MADRID ; PS DE LA CASTELLANA 124 ; 28046 ; Operativas ; 
BP ; BANCOS ; 0182 ; BANCO BILBAO VIZCAYA ARGENTARIA, SA (0182) ; ES ; ESPAÑA ; 12 ; MADRID             ; 28 ; Madrid ; 079 ; MADRID ; AV DE LA ALBUFERA 14 ; 28038 ; Operativas ; 
BP ; BANCOS ; 0182 ; BANCO BILBAO VIZCAYA ARGENTARIA, SA (0182) ; ES ; ESPAÑA ; 12 ; MADRID             ; 28 ; Madrid ; 079 ; MADRID ; PS DE EXTREMADURA 35 ; 28011 ; Operativas ; 
BP ; BANCOS ; 0182 ; BANCO BILBAO VIZCAYA ARGENTARIA, SA (0182) ; ES ; ESPAÑA ; 12 ; MADRID             ; 28 ; Madrid ; 079 ; MADRID ; AV DE MEDITERRANEO 24 ; 28007 ; Operativas ; 
BP ; BANCOS ; 0182 ; BANCO BILBAO VIZCAYA ARGENTARIA, SA (0182) ; ES ; ESPAÑA ; 12 ; MADRID             ; 28 ; Madrid ; 079 ; MADRID ; CL JUANRAMONJIMENEZ 8 ; 28036 ; Operativas ; 
BP ; BANCOS ; 0182 ; BANCO BILBAO VIZCAYA ARGENTARIA, SA (0182) ; ES ; ESPAÑA ; 12 ; MADRID             ; 28 ; Madrid ; 079 ; MADRID ; CL FRANCISCO SILVELA 87 ; 28028 ; Operativas ; 
BP ; BANCOS ; 0182 ; BANCO BILBAO VIZCAYA ARGENTARIA, SA (0182) ; ES ; ESPAÑA ; 12 ; MADRID             ; 28 ; Madrid ; 079 ; MADRID ; AV DE BRUSELAS 46-48 ; 28028 ; Operativas ; 
BP ; BANCOS ; 0182 ; BANCO BILBAO VIZCAYA ARGENTARIA, SA (0182) ; ES ; ESPAÑA ; 12 ; MADRID             ; 28 ; Madrid ; 079 ; MADRID ; CL PRINCIPE DE VERGARA 203 ; 28002 ; Operativas ; 
BP ; BANCOS ; 0182 ; BANCO BILBAO VIZCAYA ARGENTARIA, SA (0182) ; ES ; ESPAÑA ; 12 ; MADRID             ; 28 ; Madrid ; 079 ; MADRID ; CL FRANCOS RODRIGUEZ 58 ; 28039 ; Operativas ; 
BP ; BANCOS ; 0182 ; BANCO BILBAO VIZCAYA ARGENTARIA, SA (0182) ; ES ; ESPAÑA ; 12 ; MADRID             ; 28 ; Madrid ; 079 ; MADRID ; CL GENERAL RICARDOS 88 ; 28019 ; Operativas ; 
BP ; BANCOS ; 0182 ; BANCO BILBAO VIZCAYA ARGENTARIA, SA (0182) ; ES ; ESPAÑA ; 12 ; MADRID             ; 28 ; Madrid ; 079 ; MADRID ; CL SAN CIPRIANO 23 ; 28032 ; Operativas ; 
BP ; BANCOS ; 0182 ; BANCO BILBAO VIZCAYA ARGENTARIA, SA (0182) ; ES ; ESPAÑA ; 12 ; MADRID             ; 28 ; Madrid ; 079 ; MADRID ; CL RIOS ROSAS 44 ; 28003 ; Operativas ; 
BP ; BANCOS ; 0182 ; BANCO BILBAO VIZCAYA ARGENTARIA, SA (0182) ; ES ; ESPAÑA ; 12 ; MADRID             ; 28 ; Madrid ; 079 ; MADRID ; CL ALCALDE SAINZ DE BARANDA 41 ; 28009 ; Operativas ; 
BP ; BANCOS ; 0182 ; BANCO BILBAO VIZCAYA ARGENTARIA, SA (0182) ; ES ; ESPAÑA ; 12 ; MADRID             ; 28 ; Madrid ; 079 ; MADRID ; CL JOSE DEL HIERRO 46 ; 28027 ; Operativas ; 
BP ; BANCOS ; 0182 ; BANCO BILBAO VIZCAYA ARGENTARIA, SA (0182) ; ES ; ESPAÑA ; 12 ; MADRID             ; 28 ; Madrid ; 079 ; MADRID ; CL REAL DE ARGANDA 1 ; 28031 ; Operativas ; 
BP ; BANCOS ; 0182 ; BANCO BILBAO VIZCAYA ARGENTARIA, SA (0182) ; ES ; ESPAÑA ; 12 ; MADRID             ; 28 ; Madrid ; 079 ; MADRID ; CL PEDRO LABORDE 1 ; 28038 ; Operativas ; 
BP ; BANCOS ; 0182 ; BANCO BILBAO VIZCAYA ARGENTARIA, SA (0182) ; ES ; ESPAÑA ; 12 ; MADRID             ; 28 ; Madrid ; 079 ; MADRID ; CL LUCHANA 23 ; 28010 ; Operativas ; 
BP ; BANCOS ; 0182 ; BANCO BILBAO VIZCAYA ARGENTARIA, SA (0182) ; ES ; ESPAÑA ; 12 ; MADRID             ; 28 ; Madrid ; 079 ; MADRID ; CL PEREZ DE LA VICTORIA S/N ; 28023 ; Operativas ; 
BP ; BANCOS ; 0182 ; BANCO BILBAO VIZCAYA ARGENTARIA, SA (0182) ; ES ; ESPAÑA ; 12 ; MADRID             ; 28 ; Madrid ; 079 ; MADRID ; CL EMBAJADORES 168 ; 28045 ; Operativas ; 
BP ; BANCOS ; 0182 ; BANCO BILBAO VIZCAYA ARGENTARIA, SA (0182) ; ES ; ESPAÑA ; 12 ; MADRID             ; 28 ; Madrid ; 079 ; MADRID ; CL PANYTOROS 13 ; 28041 ; Operativas ; 
BP ; BANCOS ; 0182 ; BANCO BILBAO VIZCAYA ARGENTARIA, SA (0182) ; ES ; ESPAÑA ; 12 ; MADRID             ; 28 ; Madrid ; 079 ; MADRID ; CL CARDENAL HERRERA ORIA 239 ; 28035 ; Operativas ; 
BP ; BANCOS ; 0182 ; BANCO BILBAO VIZCAYA ARGENTARIA, SA (0182) ; ES ; ESPAÑA ; 12 ; MADRID             ; 28 ; Madrid ; 079 ; MADRID ; CL TORRELAGUNA 66 ; 28043 ; Operativas ; 
BP ; BANCOS ; 0182 ; BANCO BILBAO VIZCAYA ARGENTARIA, SA (0182) ; ES ; ESPAÑA ; 12 ; MADRID             ; 28 ; Madrid ; 079 ; MADRID ; CL GENERAL MARTINEZ CAMPOS 32 ; 28010 ; Operativas ; 
BP ; BANCOS ; 0182 ; BANCO BILBAO VIZCAYA ARGENTARIA, SA (0182) ; ES ; ESPAÑA ; 12 ; MADRID             ; 28 ; Madrid ; 079 ; MADRID ; CL Azul 2 ; 28050 ; Operativas ; 
BP ; BANCOS ; 0182 ; BANCO BILBAO VIZCAYA ARGENTARIA, SA (0182) ; ES ; ESPAÑA ; 12 ; MADRID             ; 28 ; Madrid ; 079 ; MADRID ; PS DE ALBERTO PALACIOS 1 ; 28021 ; Operativas ; 
BP ; BANCOS ; 0182 ; BANCO BILBAO VIZCAYA ARGENTARIA, SA (0182) ; ES ; ESPAÑA ; 12 ; MADRID             ; 28 ; Madrid ; 079 ; MADRID ; CL ALCALA 229 ; 28028 ; Operativas ; 
BP ; BANCOS ; 0182 ; BANCO BILBAO VIZCAYA ARGENTARIA, SA (0182) ; ES ; ESPAÑA ; 12 ; MADRID             ; 28 ; Madrid ; 079 ; MADRID ; CL ANTONIO LOPEZ 59 ; 28019 ; Operativas ; 
BP ; BANCOS ; 0182 ; BANCO BILBAO VIZCAYA ARGENTARIA, SA (0182) ; ES ; ESPAÑA ; 12 ; MADRID             ; 28 ; Madrid ; 079 ; MADRID ; CL ALCALÁ 318 ; 28027 ; Operativas ; 
BP ; BANCOS ; 0182 ; BANCO BILBAO VIZCAYA ARGENTARIA, SA (0182) ; ES ; ESPAÑA ; 12 ; MADRID             ; 28 ; Madrid ; 079 ; MADRID ; AV DE OPORTO 47 ; 28019 ; Operativas ; 
BP ; BANCOS ; 0182 ; BANCO BILBAO VIZCAYA ARGENTARIA, SA (0182) ; ES ; ESPAÑA ; 12 ; MADRID             ; 28 ; Madrid ; 079 ; MADRID ; CL AQUITANIA 39 ; 28032 ; Operativas ; 
BP ; BANCOS ; 0182 ; BANCO BILBAO VIZCAYA ARGENTARIA, SA (0182) ; ES ; ESPAÑA ; 12 ; MADRID             ; 28 ; Madrid ; 079 ; MADRID ; CR COLMENAR VIEJO KM 18 ; 28790 ; Operativas ; 
BP ; BANCOS ; 0182 ; BANCO BILBAO VIZCAYA ARGENTARIA, SA (0182) ; ES ; ESPAÑA ; 12 ; MADRID             ; 28 ; Madrid ; 079 ; MADRID ; CL PRINCIPECARLOS 17 ; 28050 ; Operativas ; 
BP ; BANCOS ; 0182 ; BANCO BILBAO VIZCAYA ARGENTARIA, SA (0182) ; ES ; ESPAÑA ; 12 ; MADRID             ; 28 ; Madrid ; 079 ; MADRID ; AV DE LA PESETA 55 ; 28054 ; Operativas ; 
BP ; BANCOS ; 0182 ; BANCO BILBAO VIZCAYA ARGENTARIA, SA (0182) ; ES ; ESPAÑA ; 12 ; MADRID             ; 28 ; Madrid ; 079 ; MADRID ; CL SIERRA DE ATAPUERCA 31 ; 28050 ; Operativas ; 
BP ; BANCOS ; 0182 ; BANCO BILBAO VIZCAYA ARGENTARIA, SA (0182) ; ES ; ESPAÑA ; 12 ; MADRID             ; 28 ; Madrid ; 079 ; MADRID ; CL ARAMAYONA 5 ; 28022 ; Operativas ; 
BP ; BANCOS ; 0182 ; BANCO BILBAO VIZCAYA ARGENTARIA, SA (0182) ; ES ; ESPAÑA ; 12 ; MADRID             ; 28 ; Madrid ; 079 ; MADRID ; AV MONASTERIO DE SILOS 65 ; 28049 ; Operativas ; 
BP ; BANCOS ; 0182 ; BANCO BILBAO VIZCAYA ARGENTARIA, SA (0182) ; ES ; ESPAÑA ; 12 ; MADRID             ; 28 ; Madrid ; 079 ; MADRID ; CL EROS 20 ; 28045 ; Operativas ; 
BP ; BANCOS ; 0182 ; BANCO BILBAO VIZCAYA ARGENTARIA, SA (0182) ; ES ; ESPAÑA ; 12 ; MADRID             ; 28 ; Madrid ; 079 ; MADRID ; CL PRIM 6 ; 28004 ; Operativas ; 
BP ; BANCOS ; 0182 ; BANCO BILBAO VIZCAYA ARGENTARIA, SA (0182) ; ES ; ESPAÑA ; 12 ; MADRID             ; 28 ; Madrid ; 079 ; MADRID ; CL MENDEZ ALVARO 44 ; 28045 ; Operativas ; 
BP ; BANCOS ; 0182 ; BANCO BILBAO VIZCAYA ARGENTARIA, SA (0182) ; ES ; ESPAÑA ; 12 ; MADRID             ; 28 ; Madrid ; 079 ; MADRID ; RD DE LA COMUNICACIN S/N ; 28050 ; Operativas ; 
BP ; BANCOS ; 0182 ; BANCO BILBAO VIZCAYA ARGENTARIA, SA (0182) ; ES ; ESPAÑA ; 12 ; MADRID             ; 28 ; Madrid ; 079 ; MADRID ; CL VILLALUENGA DE LA SAGRA 20 ; 28051 ; Operativas ; 
BP ; BANCOS ; 0182 ; BANCO BILBAO VIZCAYA ARGENTARIA, SA (0182) ; ES ; ESPAÑA ; 12 ; MADRID             ; 28 ; Madrid ; 079 ; MADRID ; PS DE LA CASTELLANA 109 ; 28046 ; Operativas ; 
BP ; BANCOS ; 0182 ; BANCO BILBAO VIZCAYA ARGENTARIA, SA (0182) ; ES ; ESPAÑA ; 12 ; MADRID             ; 28 ; Madrid ; 080 ; MAJADAHONDA ; CL MORERAS 42 ; 28220 ; Operativas ; 
BP ; BANCOS ; 0182 ; BANCO BILBAO VIZCAYA ARGENTARIA, SA (0182) ; ES ; ESPAÑA ; 12 ; MADRID             ; 28 ; Madrid ; 080 ; MAJADAHONDA ; CL GRAN VIA 44 ; 28220 ; Operativas ; 
BP ; BANCOS ; 0182 ; BANCO BILBAO VIZCAYA ARGENTARIA, SA (0182) ; ES ; ESPAÑA ; 12 ; MADRID             ; 28 ; Madrid ; 080 ; MAJADAHONDA ; CL SANTA BRIGIDA 2 ; 28221 ; Operativas ; 
BP ; BANCOS ; 0182 ; BANCO BILBAO VIZCAYA ARGENTARIA, SA (0182) ; ES ; ESPAÑA ; 12 ; MADRID             ; 28 ; Madrid ; 083 ; MECO ; CL HOSPITAL 1 ; 28880 ; Operativas ; 
BP ; BANCOS ; 0182 ; BANCO BILBAO VIZCAYA ARGENTARIA, SA (0182) ; ES ; ESPAÑA ; 12 ; MADRID             ; 28 ; Madrid ; 084 ; MEJORADA DEL CAMPO ; CL MAYOR 20 ; 28840 ; Operativas ; 
BP ; BANCOS ; 0182 ; BANCO BILBAO VIZCAYA ARGENTARIA, SA (0182) ; ES ; ESPAÑA ; 12 ; MADRID             ; 28 ; Madrid ; 091 ; MORATA DE TAJUÑA ; CL IGLESIA 39 ; 28530 ; Operativas ; 
BP ; BANCOS ; 0182 ; BANCO BILBAO VIZCAYA ARGENTARIA, SA (0182) ; ES ; ESPAÑA ; 12 ; MADRID             ; 28 ; Madrid ; 092 ; MOSTOLES ; ZZ ALFONSO XII 0049 ; 28934 ; Operativas ; 
BP ; BANCOS ; 0182 ; BANCO BILBAO VIZCAYA ARGENTARIA, SA (0182) ; ES ; ESPAÑA ; 12 ; MADRID             ; 28 ; Madrid ; 092 ; MOSTOLES ; PS DE PINTOR VELAZQUEZ 51 ; 28935 ; Operativas ; 
BP ; BANCOS ; 0182 ; BANCO BILBAO VIZCAYA ARGENTARIA, SA (0182) ; ES ; ESPAÑA ; 12 ; MADRID             ; 28 ; Madrid ; 092 ; MOSTOLES ; CL DOS DE MAYO 4 ; 28931 ; Operativas ; 
BP ; BANCOS ; 0182 ; BANCO BILBAO VIZCAYA ARGENTARIA, SA (0182) ; ES ; ESPAÑA ; 12 ; MADRID             ; 28 ; Madrid ; 092 ; MOSTOLES ; AV DE PORTUGAL 16 ; 28932 ; Operativas ; 
BP ; BANCOS ; 0182 ; BANCO BILBAO VIZCAYA ARGENTARIA, SA (0182) ; ES ; ESPAÑA ; 12 ; MADRID             ; 28 ; Madrid ; 092 ; MOSTOLES ; CL BARCELONA 37 ; 28937 ; Operativas ; 
BP ; BANCOS ; 0182 ; BANCO BILBAO VIZCAYA ARGENTARIA, SA (0182) ; ES ; ESPAÑA ; 12 ; MADRID             ; 28 ; Madrid ; 092 ; MOSTOLES ; CL VIOLETA 13 ; 28933 ; Operativas ; 
BP ; BANCOS ; 0182 ; BANCO BILBAO VIZCAYA ARGENTARIA, SA (0182) ; ES ; ESPAÑA ; 12 ; MADRID             ; 28 ; Madrid ; 096 ; NAVALCARNERO ; CL LIBERTAD 3 ; 28600 ; Operativas ; 
BP ; BANCOS ; 0182 ; BANCO BILBAO VIZCAYA ARGENTARIA, SA (0182) ; ES ; ESPAÑA ; 12 ; MADRID             ; 28 ; Madrid ; 104 ; PARACUELLOS DE JARAMA ; PS DELASCAMELIAS S/N ; 28860 ; Operativas ; 
BP ; BANCOS ; 0182 ; BANCO BILBAO VIZCAYA ARGENTARIA, SA (0182) ; ES ; ESPAÑA ; 12 ; MADRID             ; 28 ; Madrid ; 104 ; PARACUELLOS DE JARAMA ; CR DE TORREJON A AJALVIR KM. 4 300 ; 28860 ; Operativas ; 
BP ; BANCOS ; 0182 ; BANCO BILBAO VIZCAYA ARGENTARIA, SA (0182) ; ES ; ESPAÑA ; 12 ; MADRID             ; 28 ; Madrid ; 106 ; PARLA ; CL ESTRELLAPOLAR 7-9 ; 28980 ; Operativas ; 
BP ; BANCOS ; 0182 ; BANCO BILBAO VIZCAYA ARGENTARIA, SA (0182) ; ES ; ESPAÑA ; 12 ; MADRID             ; 28 ; Madrid ; 106 ; PARLA ; CL REAL 73 ; 28980 ; Operativas ; 
BP ; BANCOS ; 0182 ; BANCO BILBAO VIZCAYA ARGENTARIA, SA (0182) ; ES ; ESPAÑA ; 12 ; MADRID             ; 28 ; Madrid ; 113 ; PINTO ; CL PSDE DOLORESSORIA 7 ; 28320 ; Operativas ; 
BP ; BANCOS ; 0182 ; BANCO BILBAO VIZCAYA ARGENTARIA, SA (0182) ; ES ; ESPAÑA ; 12 ; MADRID             ; 28 ; Madrid ; 113 ; PINTO ; PZ EGIDO DE LA FUENTE 14 ; 28320 ; Operativas ; 
BP ; BANCOS ; 0182 ; BANCO BILBAO VIZCAYA ARGENTARIA, SA (0182) ; ES ; ESPAÑA ; 12 ; MADRID             ; 28 ; Madrid ; 115 ; POZUELO DE ALARCON ; CL COSTANILLA DEL OLIVAR 1 ; 28223 ; Operativas ; 
BP ; BANCOS ; 0182 ; BANCO BILBAO VIZCAYA ARGENTARIA, SA (0182) ; ES ; ESPAÑA ; 12 ; MADRID             ; 28 ; Madrid ; 115 ; POZUELO DE ALARCON ; AV DE EUROPA 14 ; 28224 ; Operativas ; 
BP ; BANCOS ; 0182 ; BANCO BILBAO VIZCAYA ARGENTARIA, SA (0182) ; ES ; ESPAÑA ; 12 ; MADRID             ; 28 ; Madrid ; 123 ; RIVAS-VACIAMADRID ; AV DE COVIBAR 10 ; 28523 ; Operativas ; 
BP ; BANCOS ; 0182 ; BANCO BILBAO VIZCAYA ARGENTARIA, SA (0182) ; ES ; ESPAÑA ; 12 ; MADRID             ; 28 ; Madrid ; 123 ; RIVAS-VACIAMADRID ; AV AURELIO ÁLVAREZ 4 ; 28521 ; Operativas ; 
BP ; BANCOS ; 0182 ; BANCO BILBAO VIZCAYA ARGENTARIA, SA (0182) ; ES ; ESPAÑA ; 12 ; MADRID             ; 28 ; Madrid ; 127 ; ROZAS DE MADRID (LAS) ; CL REAL 8 ; 28230 ; Operativas ; 
BP ; BANCOS ; 0182 ; BANCO BILBAO VIZCAYA ARGENTARIA, SA (0182) ; ES ; ESPAÑA ; 12 ; MADRID             ; 28 ; Madrid ; 127 ; ROZAS DE MADRID (LAS) ; CL CASTILLO DE BELMONTE 2 ; 28230 ; Operativas ; 
BP ; BANCOS ; 0182 ; BANCO BILBAO VIZCAYA ARGENTARIA, SA (0182) ; ES ; ESPAÑA ; 12 ; MADRID             ; 28 ; Madrid ; 127 ; ROZAS DE MADRID (LAS) ; AV DE CAMILO JOSE CELA 12 ; 28230 ; Operativas ; 
BP ; BANCOS ; 0182 ; BANCO BILBAO VIZCAYA ARGENTARIA, SA (0182) ; ES ; ESPAÑA ; 12 ; MADRID             ; 28 ; Madrid ; 129 ; SAN AGUSTIN DEL GUADALIX ; PZ DE LUIS CARREO 6 ; 28750 ; Operativas ; 
BP ; BANCOS ; 0182 ; BANCO BILBAO VIZCAYA ARGENTARIA, SA (0182) ; ES ; ESPAÑA ; 12 ; MADRID             ; 28 ; Madrid ; 130 ; SAN FERNANDO DE HENARES ; CL CAADA 14 ; 28830 ; Operativas ; 
BP ; BANCOS ; 0182 ; BANCO BILBAO VIZCAYA ARGENTARIA, SA (0182) ; ES ; ESPAÑA ; 12 ; MADRID             ; 28 ; Madrid ; 131 ; SAN LORENZO DE EL ESCORIAL ; CL REY 13 ; 28200 ; Operativas ; 
BP ; BANCOS ; 0182 ; BANCO BILBAO VIZCAYA ARGENTARIA, SA (0182) ; ES ; ESPAÑA ; 12 ; MADRID             ; 28 ; Madrid ; 132 ; SAN MARTIN DE LA VEGA ; CL CALDERONDELABARCA 6 ; 28330 ; Operativas ; 
BP ; BANCOS ; 0182 ; BANCO BILBAO VIZCAYA ARGENTARIA, SA (0182) ; ES ; ESPAÑA ; 12 ; MADRID             ; 28 ; Madrid ; 133 ; SAN MARTIN DE VALDEIGLESIAS ; CL CORREDERA BAJA 31 ; 28680 ; Operativas ; 
BP ; BANCOS ; 0182 ; BANCO BILBAO VIZCAYA ARGENTARIA, SA (0182) ; ES ; ESPAÑA ; 12 ; MADRID             ; 28 ; Madrid ; 134 ; SAN SEBASTIAN DE LOS REYES ; CL REAL 69 ; 28700 ; Operativas ; 
BP ; BANCOS ; 0182 ; BANCO BILBAO VIZCAYA ARGENTARIA, SA (0182) ; ES ; ESPAÑA ; 12 ; MADRID             ; 28 ; Madrid ; 134 ; SAN SEBASTIAN DE LOS REYES ; CL REAL 6 ; 28700 ; Operativas ; 
BP ; BANCOS ; 0182 ; BANCO BILBAO VIZCAYA ARGENTARIA, SA (0182) ; ES ; ESPAÑA ; 12 ; MADRID             ; 28 ; Madrid ; 134 ; SAN SEBASTIAN DE LOS REYES ; AV DE SIERRA 29 ; 28700 ; Operativas ; 
BP ; BANCOS ; 0182 ; BANCO BILBAO VIZCAYA ARGENTARIA, SA (0182) ; ES ; ESPAÑA ; 12 ; MADRID             ; 28 ; Madrid ; 134 ; SAN SEBASTIAN DE LOS REYES ; CL BEATRIZ GALINDO 2 ; 28700 ; Operativas ; 
BP ; BANCOS ; 0182 ; BANCO BILBAO VIZCAYA ARGENTARIA, SA (0182) ; ES ; ESPAÑA ; 12 ; MADRID             ; 28 ; Madrid ; 148 ; TORREJON DE ARDOZ ; ZZ BASE AEREA DE TORREJON S/N ; 28850 ; Operativas ; 
BP ; BANCOS ; 0182 ; BANCO BILBAO VIZCAYA ARGENTARIA, SA (0182) ; ES ; ESPAÑA ; 12 ; MADRID             ; 28 ; Madrid ; 148 ; TORREJON DE ARDOZ ; CL ENMEDIO 8 ; 28850 ; Operativas ; 
BP ; BANCOS ; 0182 ; BANCO BILBAO VIZCAYA ARGENTARIA, SA (0182) ; ES ; ESPAÑA ; 12 ; MADRID             ; 28 ; Madrid ; 148 ; TORREJON DE ARDOZ ; CL JUNCAL 2 ; 28850 ; Operativas ; 
BP ; BANCOS ; 0182 ; BANCO BILBAO VIZCAYA ARGENTARIA, SA (0182) ; ES ; ESPAÑA ; 12 ; MADRID             ; 28 ; Madrid ; 148 ; TORREJON DE ARDOZ ; CL SOLEDAD 1 ; 28850 ; Operativas ; 
BP ; BANCOS ; 0182 ; BANCO BILBAO VIZCAYA ARGENTARIA, SA (0182) ; ES ; ESPAÑA ; 12 ; MADRID             ; 28 ; Madrid ; 148 ; TORREJON DE ARDOZ ; CL OXIGENO 12 ; 28850 ; Operativas ; 
BP ; BANCOS ; 0182 ; BANCO BILBAO VIZCAYA ARGENTARIA, SA (0182) ; ES ; ESPAÑA ; 12 ; MADRID             ; 28 ; Madrid ; 149 ; TORREJON DE LA CALZADA ; PZ DEESPAA 5 ; 28991 ; Operativas ; 
BP ; BANCOS ; 0182 ; BANCO BILBAO VIZCAYA ARGENTARIA, SA (0182) ; ES ; ESPAÑA ; 12 ; MADRID             ; 28 ; Madrid ; 152 ; TORRELODONES ; PZ DEL CAO S/N ; 28250 ; Operativas ; 
BP ; BANCOS ; 0182 ; BANCO BILBAO VIZCAYA ARGENTARIA, SA (0182) ; ES ; ESPAÑA ; 12 ; MADRID             ; 28 ; Madrid ; 161 ; VALDEMORO ; CL ANTONIO VAN DE PERE 7 ; 28340 ; Operativas ; 
BP ; BANCOS ; 0182 ; BANCO BILBAO VIZCAYA ARGENTARIA, SA (0182) ; ES ; ESPAÑA ; 12 ; MADRID             ; 28 ; Madrid ; 161 ; VALDEMORO ; CL ESTRELLA DE ELOLA 14 ; 28340 ; Operativas ; 
BP ; BANCOS ; 0182 ; BANCO BILBAO VIZCAYA ARGENTARIA, SA (0182) ; ES ; ESPAÑA ; 12 ; MADRID             ; 28 ; Madrid ; 176 ; VILLANUEVA DE LA CAÑADA ; CL REAL 65 ; 28691 ; Operativas ; 
BP ; BANCOS ; 0182 ; BANCO BILBAO VIZCAYA ARGENTARIA, SA (0182) ; ES ; ESPAÑA ; 12 ; MADRID             ; 28 ; Madrid ; 177 ; VILLANUEVA DEL PARDILLO ; AV GUADARRAMA 9 ; 28229 ; Operativas ; 
BP ; BANCOS ; 0182 ; BANCO BILBAO VIZCAYA ARGENTARIA, SA (0182) ; ES ; ESPAÑA ; 12 ; MADRID             ; 28 ; Madrid ; 180 ; VILLAREJO DE SALVANES ; CL MAYOR 5 ; 28590 ; Operativas ; 
BP ; BANCOS ; 0182 ; BANCO BILBAO VIZCAYA ARGENTARIA, SA (0182) ; ES ; ESPAÑA ; 12 ; MADRID             ; 28 ; Madrid ; 181 ; VILLAVICIOSA DE ODON ; PZ DEL MERCADO 2 ; 28670 ; Operativas ; 
BP ; BANCOS ; 0182 ; BANCO BILBAO VIZCAYA ARGENTARIA, SA (0182) ; ES ; ESPAÑA ; 12 ; MADRID             ; 28 ; Madrid ; 903 ; TRES CANTOS ; CL SECTOR LITERATOS 29 ; 28760 ; Operativas ; 
BP ; BANCOS ; 0182 ; BANCO BILBAO VIZCAYA ARGENTARIA, SA (0182) ; ES ; ESPAÑA ; 12 ; MADRID             ; 28 ; Madrid ; 903 ; TRES CANTOS ; AV DE VIUELAS 22 ; 28760 ; Operativas ; 
BP ; BANCOS ; 0188 ; BANCO ALCALA, S.A. (0188) ; ES ; ESPAÑA ; 12 ; MADRID             ; 28 ; Madrid ; 079 ; MADRID ; CL JOSE ORTEGA Y GASSET 7 ; 28006 ; Operativas ; 
BP ; BANCOS ; 0198 ; BANCO COOPERATIVO ESPAÑOL, S.A. (0198) ; ES ; ESPAÑA ; 12 ; MADRID             ; 28 ; Madrid ; 079 ; MADRID ; CL VIRGEN DE LOS PELIGROS 00006 ; 28013 ; Operativas ; 
BP ; BANCOS ; 0200 ; ANDBANK ESPAÑA BANCA PRIVADA, S.A. (0200) ; ES ; ESPAÑA ; 12 ; MADRID             ; 28 ; Madrid ; 079 ; MADRID ; CL SERRANO 37 ; 28001 ; Operativas ; 
BP ; BANCOS ; 0200 ; ANDBANK ESPAÑA BANCA PRIVADA, S.A. (0200) ; ES ; ESPAÑA ; 12 ; MADRID             ; 28 ; Madrid ; 079 ; MADRID ; PS DE LA CASTELLANA 110 ; 28046 ; Operativas ; 
BP ; BANCOS ; 0200 ; ANDBANK ESPAÑA BANCA PRIVADA, S.A. (0200) ; ES ; ESPAÑA ; 12 ; MADRID             ; 28 ; Madrid ; 079 ; MADRID ; PS Castellana 55 ; 28046 ; Operativas ; 
BP ; BANCOS ; 0211 ; EBN BANCO DE NEGOCIOS, S.A. (0211) ; ES ; ESPAÑA ; 12 ; MADRID             ; 28 ; Madrid ; 079 ; MADRID ; PS DE RECOLETOS 00029 ; 28004 ; Operativas ; 
BP ; BANCOS ; 0219 ; BANK OF AFRICA EUROPE, S.A. (0219) ; ES ; ESPAÑA ; 12 ; MADRID             ; 28 ; Madrid ; 079 ; MADRID ; CL SERRANO 59 ; 28006 ; Operativas ; 
BP ; BANCOS ; 0224 ; SANTANDER CONSUMER FINANCE, S.A. (0224) ; ES ; ESPAÑA ; 12 ; MADRID             ; 28 ; Madrid ; 022 ; BOADILLA DEL MONTE ; AV CANTABRIA 3 ; 28224 ; Operativas ; 
BP ; BANCOS ; 0225 ; BANCO CETELEM, S.A. (0225) ; ES ; ESPAÑA ; 12 ; MADRID             ; 28 ; Madrid ; 005 ; ALCALA DE HENARES ; CL FRANCISCO ALONSO 5 ; 28806 ; Operativas ; 
BP ; BANCOS ; 0225 ; BANCO CETELEM, S.A. (0225) ; ES ; ESPAÑA ; 12 ; MADRID             ; 28 ; Madrid ; 079 ; MADRID ; CL RETAMA 3 ; 28045 ; Operativas ; 
BP ; BANCOS ; 0232 ; BANCO INVERSIS, S.A. (0232) ; ES ; ESPAÑA ; 12 ; MADRID             ; 28 ; Madrid ; 079 ; MADRID ; AV AV. DE LA HISPANIDAD 00006 ; 28042 ; Operativas ; 
BP ; BANCOS ; 0234 ; CBNK BANCO DE COLECTIVOS, S.A. (0234) ; ES ; ESPAÑA ; 12 ; MADRID             ; 28 ; Madrid ; 079 ; MADRID ; CL ALMAGRO 8 ; 28010 ; Operativas ; 
BP ; BANCOS ; 0235 ; BANCO PICHINCHA ESPAÑA, S.A. (0235) ; ES ; ESPAÑA ; 12 ; MADRID             ; 28 ; Madrid ; 079 ; MADRID ; CL DE LA OCA 37 ; 28025 ; Operativas ; 
BP ; BANCOS ; 0235 ; BANCO PICHINCHA ESPAÑA, S.A. (0235) ; ES ; ESPAÑA ; 12 ; MADRID             ; 28 ; Madrid ; 079 ; MADRID ; AV CIUDAD DE BARCELONA 220 ; 28007 ; Operativas ; 
BP ; BANCOS ; 0235 ; BANCO PICHINCHA ESPAÑA, S.A. (0235) ; ES ; ESPAÑA ; 12 ; MADRID             ; 28 ; Madrid ; 079 ; MADRID ; CL ALCALÁ 101 ; 28009 ; Operativas ; 
BP ; BANCOS ; 0235 ; BANCO PICHINCHA ESPAÑA, S.A. (0235) ; ES ; ESPAÑA ; 12 ; MADRID             ; 28 ; Madrid ; 079 ; MADRID ; CL VELAZQUEZ 49 ; 28001 ; Operativas ; 
BP ; BANCOS ; 0241 ; A&G BANCO, S.A. (0241) ; ES ; ESPAÑA ; 12 ; MADRID             ; 28 ; Madrid ; 079 ; MADRID ; CL JOAQUIN COSTA 26 ; 28002 ; Operativas ; 
BP ; BANCOS ; 1490 ; SINGULAR BANK, S.A. (1490) ; ES ; ESPAÑA ; 12 ; MADRID             ; 28 ; Madrid ; 079 ; MADRID ; CL Goya 11 ; 28001 ; Operativas ; 
BP ; BANCOS ; 1490 ; SINGULAR BANK, S.A. (1490) ; ES ; ESPAÑA ; 12 ; MADRID             ; 28 ; Madrid ; 079 ; MADRID ; CL MONTALBÁN 7 ; 28014 ; Operativas ; 
BP ; BANCOS ; 1490 ; SINGULAR BANK, S.A. (1490) ; ES ; ESPAÑA ; 12 ; MADRID             ; 28 ; Madrid ; 079 ; MADRID ; CL VELÁZQUEZ 94 ; 28006 ; Operativas ; 
BP ; BANCOS ; 1490 ; SINGULAR BANK, S.A. (1490) ; ES ; ESPAÑA ; 12 ; MADRID             ; 28 ; Madrid ; 079 ; MADRID ; CL CONDE DE PEÑALVER 45 ; 28006 ; Operativas ; 
BP ; BANCOS ; 2000 ; CECABANK, S.A. (2000) ; ES ; ESPAÑA ; 12 ; MADRID             ; 28 ; Madrid ; 079 ; MADRID ; CL ALCALA 00027 ; 28014 ; Operativas ; 
BP ; BANCOS ; 2080 ; ABANCA CORPORACION BANCARIA, S.A. (2080) ; ES ; ESPAÑA ; 12 ; MADRID             ; 28 ; Madrid ; 005 ; ALCALA DE HENARES ; CL LIBREROS 22 ; 28801 ; Operativas ; 
BP ; BANCOS ; 2080 ; ABANCA CORPORACION BANCARIA, S.A. (2080) ; ES ; ESPAÑA ; 12 ; MADRID             ; 28 ; Madrid ; 005 ; ALCALA DE HENARES ; CL VIA COMPLUTENSE 48 ; 28805 ; Operativas ; 
BP ; BANCOS ; 2080 ; ABANCA CORPORACION BANCARIA, S.A. (2080) ; ES ; ESPAÑA ; 12 ; MADRID             ; 28 ; Madrid ; 006 ; ALCOBENDAS ; AV BRUSELAS 36 ; 28108 ; Operativas ; 
BP ; BANCOS ; 2080 ; ABANCA CORPORACION BANCARIA, S.A. (2080) ; ES ; ESPAÑA ; 12 ; MADRID             ; 28 ; Madrid ; 007 ; ALCORCON ; CL MAYOR 21 ; 28921 ; Operativas ; 
BP ; BANCOS ; 2080 ; ABANCA CORPORACION BANCARIA, S.A. (2080) ; ES ; ESPAÑA ; 12 ; MADRID             ; 28 ; Madrid ; 045 ; COLMENAR VIEJO ; AV  DE LA LIBERTAD 63 ; 28770 ; Operativas ; 
BP ; BANCOS ; 2080 ; ABANCA CORPORACION BANCARIA, S.A. (2080) ; ES ; ESPAÑA ; 12 ; MADRID             ; 28 ; Madrid ; 047 ; COLLADO VILLALBA ; CL REAL 59 ; 28400 ; Operativas ; 
BP ; BANCOS ; 2080 ; ABANCA CORPORACION BANCARIA, S.A. (2080) ; ES ; ESPAÑA ; 12 ; MADRID             ; 28 ; Madrid ; 049 ; COSLADA ; CL IGLESIA 3 ; 28821 ; Operativas ; 
BP ; BANCOS ; 2080 ; ABANCA CORPORACION BANCARIA, S.A. (2080) ; ES ; ESPAÑA ; 12 ; MADRID             ; 28 ; Madrid ; 065 ; GETAFE ; CL MADRID 68 ; 28902 ; Operativas ; 
BP ; BANCOS ; 2080 ; ABANCA CORPORACION BANCARIA, S.A. (2080) ; ES ; ESPAÑA ; 12 ; MADRID             ; 28 ; Madrid ; 065 ; GETAFE ; AV DE ESPAÑA 26-28 ; 28903 ; Operativas ; 
BP ; BANCOS ; 2080 ; ABANCA CORPORACION BANCARIA, S.A. (2080) ; ES ; ESPAÑA ; 12 ; MADRID             ; 28 ; Madrid ; 079 ; MADRID ; PZ ENCUENTRO 3 ; 28030 ; Operativas ; 
BP ; BANCOS ; 2080 ; ABANCA CORPORACION BANCARIA, S.A. (2080) ; ES ; ESPAÑA ; 12 ; MADRID             ; 28 ; Madrid ; 079 ; MADRID ; CL Maria de Molina 34 ; 28006 ; Operativas ; 
BP ; BANCOS ; 2080 ; ABANCA CORPORACION BANCARIA, S.A. (2080) ; ES ; ESPAÑA ; 12 ; MADRID             ; 28 ; Madrid ; 079 ; MADRID ; CL BUEN SUCESO 13 ; 28008 ; Operativas ; 
BP ; BANCOS ; 2080 ; ABANCA CORPORACION BANCARIA, S.A. (2080) ; ES ; ESPAÑA ; 12 ; MADRID             ; 28 ; Madrid ; 079 ; MADRID ; CL VELAZQUEZ 108 ; 28006 ; Operativas ; 
BP ; BANCOS ; 2080 ; ABANCA CORPORACION BANCARIA, S.A. (2080) ; ES ; ESPAÑA ; 12 ; MADRID             ; 28 ; Madrid ; 079 ; MADRID ; CL ENRIQUE LARRETA 14 ; 28036 ; Operativas ; 
BP ; BANCOS ; 2080 ; ABANCA CORPORACION BANCARIA, S.A. (2080) ; ES ; ESPAÑA ; 12 ; MADRID             ; 28 ; Madrid ; 079 ; MADRID ; CL FERNÁNDEZ DE LOS RÍOS 2 ; 28015 ; Operativas ; 
BP ; BANCOS ; 2080 ; ABANCA CORPORACION BANCARIA, S.A. (2080) ; ES ; ESPAÑA ; 12 ; MADRID             ; 28 ; Madrid ; 079 ; MADRID ; CL MAESTRO ARBOS 15 ; 28045 ; Operativas ; 
BP ; BANCOS ; 2080 ; ABANCA CORPORACION BANCARIA, S.A. (2080) ; ES ; ESPAÑA ; 12 ; MADRID             ; 28 ; Madrid ; 079 ; MADRID ; CL MARTIRES CONCEPCIONISTAS 18 ; 28006 ; Operativas ; 
BP ; BANCOS ; 2080 ; ABANCA CORPORACION BANCARIA, S.A. (2080) ; ES ; ESPAÑA ; 12 ; MADRID             ; 28 ; Madrid ; 079 ; MADRID ; CL Serrano 43-45 ; 28001 ; Operativas ; 
BP ; BANCOS ; 2080 ; ABANCA CORPORACION BANCARIA, S.A. (2080) ; ES ; ESPAÑA ; 12 ; MADRID             ; 28 ; Madrid ; 079 ; MADRID ; PS RECOLETOS 4 ; 28001 ; Operativas ; 
BP ; BANCOS ; 2080 ; ABANCA CORPORACION BANCARIA, S.A. (2080) ; ES ; ESPAÑA ; 12 ; MADRID             ; 28 ; Madrid ; 079 ; MADRID ; CL RIOS ROSAS 34 ; 28003 ; Operativas ; 
BP ; BANCOS ; 2080 ; ABANCA CORPORACION BANCARIA, S.A. (2080) ; ES ; ESPAÑA ; 12 ; MADRID             ; 28 ; Madrid ; 079 ; MADRID ; CL ARTURO SORIA 191 ; 28043 ; Operativas ; 
BP ; BANCOS ; 2080 ; ABANCA CORPORACION BANCARIA, S.A. (2080) ; ES ; ESPAÑA ; 12 ; MADRID             ; 28 ; Madrid ; 079 ; MADRID ; PZ MANUEL RODRIGO 11 ; 28043 ; Operativas ; 
BP ; BANCOS ; 2080 ; ABANCA CORPORACION BANCARIA, S.A. (2080) ; ES ; ESPAÑA ; 12 ; MADRID             ; 28 ; Madrid ; 079 ; MADRID ; PS SANTA MARIA DE LA CABEZA 42 ; 28045 ; Operativas ; 
BP ; BANCOS ; 2080 ; ABANCA CORPORACION BANCARIA, S.A. (2080) ; ES ; ESPAÑA ; 12 ; MADRID             ; 28 ; Madrid ; 079 ; MADRID ; CL PRINCIPE VERGARA 126 ; 28002 ; Operativas ; 
BP ; BANCOS ; 2080 ; ABANCA CORPORACION BANCARIA, S.A. (2080) ; ES ; ESPAÑA ; 12 ; MADRID             ; 28 ; Madrid ; 079 ; MADRID ; CL EMBAJADORES 85 ; 28012 ; Operativas ; 
BP ; BANCOS ; 2080 ; ABANCA CORPORACION BANCARIA, S.A. (2080) ; ES ; ESPAÑA ; 12 ; MADRID             ; 28 ; Madrid ; 079 ; MADRID ; CL BRAVO MURILLO 296 S/N ; 28020 ; Operativas ; 
BP ; BANCOS ; 2080 ; ABANCA CORPORACION BANCARIA, S.A. (2080) ; ES ; ESPAÑA ; 12 ; MADRID             ; 28 ; Madrid ; 079 ; MADRID ; CL PRINCIPE DE VERGARA 32 ; 28001 ; Operativas ; 
BP ; BANCOS ; 2080 ; ABANCA CORPORACION BANCARIA, S.A. (2080) ; ES ; ESPAÑA ; 12 ; MADRID             ; 28 ; Madrid ; 079 ; MADRID ; CL PRINCIPE DE VERGARA 112 ; 28002 ; Operativas ; 
BP ; BANCOS ; 2080 ; ABANCA CORPORACION BANCARIA, S.A. (2080) ; ES ; ESPAÑA ; 12 ; MADRID             ; 28 ; Madrid ; 079 ; MADRID ; CL O DONNELL 22 ; 28009 ; Operativas ; 
BP ; BANCOS ; 2080 ; ABANCA CORPORACION BANCARIA, S.A. (2080) ; ES ; ESPAÑA ; 12 ; MADRID             ; 28 ; Madrid ; 079 ; MADRID ; AV PADRE PIQUER 34 ; 28024 ; Operativas ; 
BP ; BANCOS ; 2080 ; ABANCA CORPORACION BANCARIA, S.A. (2080) ; ES ; ESPAÑA ; 12 ; MADRID             ; 28 ; Madrid ; 079 ; MADRID ; AV  REINA VICTORIA 58 ; 28003 ; Operativas ; 
BP ; BANCOS ; 2080 ; ABANCA CORPORACION BANCARIA, S.A. (2080) ; ES ; ESPAÑA ; 12 ; MADRID             ; 28 ; Madrid ; 079 ; MADRID ; CL PEDRO TEIXEIRA 00018 ; 28020 ; Operativas ; 
BP ; BANCOS ; 2080 ; ABANCA CORPORACION BANCARIA, S.A. (2080) ; ES ; ESPAÑA ; 12 ; MADRID             ; 28 ; Madrid ; 079 ; MADRID ; CL ALCALA 431 ; 28027 ; Operativas ; 
BP ; BANCOS ; 2080 ; ABANCA CORPORACION BANCARIA, S.A. (2080) ; ES ; ESPAÑA ; 12 ; MADRID             ; 28 ; Madrid ; 079 ; MADRID ; CL Hernani 66 ; 28020 ; Operativas ; 
BP ; BANCOS ; 2080 ; ABANCA CORPORACION BANCARIA, S.A. (2080) ; ES ; ESPAÑA ; 12 ; MADRID             ; 28 ; Madrid ; 079 ; MADRID ; CL VICTOR ANDRES BELAUNDE 00036 ; 28016 ; Operativas ; 
BP ; BANCOS ; 2080 ; ABANCA CORPORACION BANCARIA, S.A. (2080) ; ES ; ESPAÑA ; 12 ; MADRID             ; 28 ; Madrid ; 079 ; MADRID ; CL ELOY GONZALO 00036 ; 28010 ; Operativas ; 
BP ; BANCOS ; 2080 ; ABANCA CORPORACION BANCARIA, S.A. (2080) ; ES ; ESPAÑA ; 12 ; MADRID             ; 28 ; Madrid ; 079 ; MADRID ; CL GENOVA 00011 ; 28004 ; Operativas ; 
BP ; BANCOS ; 2080 ; ABANCA CORPORACION BANCARIA, S.A. (2080) ; ES ; ESPAÑA ; 12 ; MADRID             ; 28 ; Madrid ; 092 ; MOSTOLES ; AV DE LA CONSTITUCION 8 ; 28931 ; Operativas ; 
BP ; BANCOS ; 2080 ; ABANCA CORPORACION BANCARIA, S.A. (2080) ; ES ; ESPAÑA ; 12 ; MADRID             ; 28 ; Madrid ; 115 ; POZUELO DE ALARCON ; AV EUROPA 14 ; 28224 ; Operativas ; 
BP ; BANCOS ; 2080 ; ABANCA CORPORACION BANCARIA, S.A. (2080) ; ES ; ESPAÑA ; 12 ; MADRID             ; 28 ; Madrid ; 127 ; ROZAS DE MADRID (LAS) ; CL CAÑADILLA 5 ; 28231 ; Operativas ; 
BP ; BANCOS ; 2080 ; ABANCA CORPORACION BANCARIA, S.A. (2080) ; ES ; ESPAÑA ; 12 ; MADRID             ; 28 ; Madrid ; 148 ; TORREJON DE ARDOZ ; AV DE LAS FRONTERAS 00001 ; 28850 ; Operativas ; 
BP ; BANCOS ; 2080 ; ABANCA CORPORACION BANCARIA, S.A. (2080) ; ES ; ESPAÑA ; 12 ; MADRID             ; 28 ; Madrid ; 148 ; TORREJON DE ARDOZ ; AV CONSTITUCION S/N ; 28850 ; Operativas ; 
BP ; BANCOS ; 2080 ; ABANCA CORPORACION BANCARIA, S.A. (2080) ; ES ; ESPAÑA ; 12 ; MADRID             ; 28 ; Madrid ; 161 ; VALDEMORO ; PZ LA PIÑA 2 ; 28340 ; Operativas ; 
BP ; BANCOS ; 2085 ; IBERCAJA BANCO, S.A. (2085) ; ES ; ESPAÑA ; 12 ; MADRID             ; 28 ; Madrid ; 005 ; ALCALA DE HENARES ; CL JORGE JUAN 8 ; 28806 ; Operativas ; 
BP ; BANCOS ; 2085 ; IBERCAJA BANCO, S.A. (2085) ; ES ; ESPAÑA ; 12 ; MADRID             ; 28 ; Madrid ; 005 ; ALCALA DE HENARES ; CL OCTAVIO PAZ 25 ; 28806 ; Operativas ; 
BP ; BANCOS ; 2085 ; IBERCAJA BANCO, S.A. (2085) ; ES ; ESPAÑA ; 12 ; MADRID             ; 28 ; Madrid ; 005 ; ALCALA DE HENARES ; ZZ LIBREROS 14 ; 28801 ; Operativas ; 
BP ; BANCOS ; 2085 ; IBERCAJA BANCO, S.A. (2085) ; ES ; ESPAÑA ; 12 ; MADRID             ; 28 ; Madrid ; 005 ; ALCALA DE HENARES ; AV JUAN DE AUSTRIA 1 ; 28805 ; Operativas ; 
BP ; BANCOS ; 2085 ; IBERCAJA BANCO, S.A. (2085) ; ES ; ESPAÑA ; 12 ; MADRID             ; 28 ; Madrid ; 005 ; ALCALA DE HENARES ; CL CANOVAS DEL CASTILLO 3 ; 28807 ; Operativas ; 
BP ; BANCOS ; 2085 ; IBERCAJA BANCO, S.A. (2085) ; ES ; ESPAÑA ; 12 ; MADRID             ; 28 ; Madrid ; 006 ; ALCOBENDAS ; CL CONSTITUCION 16-18 ; 28100 ; Operativas ; 
BP ; BANCOS ; 2085 ; IBERCAJA BANCO, S.A. (2085) ; ES ; ESPAÑA ; 12 ; MADRID             ; 28 ; Madrid ; 006 ; ALCOBENDAS ; AV BRUSELAS 20 ; 28108 ; Operativas ; 
BP ; BANCOS ; 2085 ; IBERCAJA BANCO, S.A. (2085) ; ES ; ESPAÑA ; 12 ; MADRID             ; 28 ; Madrid ; 006 ; ALCOBENDAS ; CL MARQUES DE VALDAVIA 109 ; 28100 ; Operativas ; 
BP ; BANCOS ; 2085 ; IBERCAJA BANCO, S.A. (2085) ; ES ; ESPAÑA ; 12 ; MADRID             ; 28 ; Madrid ; 007 ; ALCORCON ; CL HELSINKI 6 ; 28922 ; Operativas ; 
BP ; BANCOS ; 2085 ; IBERCAJA BANCO, S.A. (2085) ; ES ; ESPAÑA ; 12 ; MADRID             ; 28 ; Madrid ; 007 ; ALCORCON ; CL MAYOR 83 ; 28921 ; Operativas ; 
BP ; BANCOS ; 2085 ; IBERCAJA BANCO, S.A. (2085) ; ES ; ESPAÑA ; 12 ; MADRID             ; 28 ; Madrid ; 007 ; ALCORCON ; PZ PEÑON 8 ; 28923 ; Operativas ; 
BP ; BANCOS ; 2085 ; IBERCAJA BANCO, S.A. (2085) ; ES ; ESPAÑA ; 12 ; MADRID             ; 28 ; Madrid ; 009 ; ALGETE ; CL PALOMA 4 ; 28110 ; Operativas ; 
BP ; BANCOS ; 2085 ; IBERCAJA BANCO, S.A. (2085) ; ES ; ESPAÑA ; 12 ; MADRID             ; 28 ; Madrid ; 013 ; ARANJUEZ ; CL CAPITAN GOMEZ CASTRILLON 66-70 ; 28300 ; Operativas ; 
BP ; BANCOS ; 2085 ; IBERCAJA BANCO, S.A. (2085) ; ES ; ESPAÑA ; 12 ; MADRID             ; 28 ; Madrid ; 014 ; ARGANDA DEL REY ; PZ ALEGRIA 3 ; 28500 ; Operativas ; 
BP ; BANCOS ; 2085 ; IBERCAJA BANCO, S.A. (2085) ; ES ; ESPAÑA ; 12 ; MADRID             ; 28 ; Madrid ; 014 ; ARGANDA DEL REY ; CL JUAN DE LA CIERVA 6 ; 28500 ; Operativas ; 
BP ; BANCOS ; 2085 ; IBERCAJA BANCO, S.A. (2085) ; ES ; ESPAÑA ; 12 ; MADRID             ; 28 ; Madrid ; 015 ; ARROYOMOLINOS ; PZ MAYOR 11 ; 28939 ; Operativas ; 
BP ; BANCOS ; 2085 ; IBERCAJA BANCO, S.A. (2085) ; ES ; ESPAÑA ; 12 ; MADRID             ; 28 ; Madrid ; 022 ; BOADILLA DEL MONTE ; AV ADOLFO SUAREZ 17 ; 28660 ; Operativas ; 
BP ; BANCOS ; 2085 ; IBERCAJA BANCO, S.A. (2085) ; ES ; ESPAÑA ; 12 ; MADRID             ; 28 ; Madrid ; 026 ; BRUNETE ; CL REAL DE SAN SEBASTIAN 43 ; 28690 ; Operativas ; 
BP ; BANCOS ; 2085 ; IBERCAJA BANCO, S.A. (2085) ; ES ; ESPAÑA ; 12 ; MADRID             ; 28 ; Madrid ; 040 ; CIEMPOZUELOS ; CL MAYOR 5 ; 28350 ; Operativas ; 
BP ; BANCOS ; 2085 ; IBERCAJA BANCO, S.A. (2085) ; ES ; ESPAÑA ; 12 ; MADRID             ; 28 ; Madrid ; 045 ; COLMENAR VIEJO ; CL MARQUES SANTILLANA 12-14 ; 28770 ; Operativas ; 
BP ; BANCOS ; 2085 ; IBERCAJA BANCO, S.A. (2085) ; ES ; ESPAÑA ; 12 ; MADRID             ; 28 ; Madrid ; 047 ; COLLADO VILLALBA ; CL REAL 27 ; 28400 ; Operativas ; 
BP ; BANCOS ; 2085 ; IBERCAJA BANCO, S.A. (2085) ; ES ; ESPAÑA ; 12 ; MADRID             ; 28 ; Madrid ; 049 ; COSLADA ; CL MEJICO 29 ; 28823 ; Operativas ; 
BP ; BANCOS ; 2085 ; IBERCAJA BANCO, S.A. (2085) ; ES ; ESPAÑA ; 12 ; MADRID             ; 28 ; Madrid ; 049 ; COSLADA ; AV CONSTITUCION 51-53 ; 28821 ; Operativas ; 
BP ; BANCOS ; 2085 ; IBERCAJA BANCO, S.A. (2085) ; ES ; ESPAÑA ; 12 ; MADRID             ; 28 ; Madrid ; 058 ; FUENLABRADA ; CL EXTREMADURA 8 ; 28944 ; Operativas ; 
BP ; BANCOS ; 2085 ; IBERCAJA BANCO, S.A. (2085) ; ES ; ESPAÑA ; 12 ; MADRID             ; 28 ; Madrid ; 058 ; FUENLABRADA ; CL PORTUGAL 33 ; 28943 ; Operativas ; 
BP ; BANCOS ; 2085 ; IBERCAJA BANCO, S.A. (2085) ; ES ; ESPAÑA ; 12 ; MADRID             ; 28 ; Madrid ; 058 ; FUENLABRADA ; CL CASTILLA LA NUEVA 34 ; 28941 ; Operativas ; 
BP ; BANCOS ; 2085 ; IBERCAJA BANCO, S.A. (2085) ; ES ; ESPAÑA ; 12 ; MADRID             ; 28 ; Madrid ; 061 ; GALAPAGAR ; CL CAÑO 16 ; 28260 ; Operativas ; 
BP ; BANCOS ; 2085 ; IBERCAJA BANCO, S.A. (2085) ; ES ; ESPAÑA ; 12 ; MADRID             ; 28 ; Madrid ; 065 ; GETAFE ; AV DE LA PAZ 39 ; 28907 ; Operativas ; 
BP ; BANCOS ; 2085 ; IBERCAJA BANCO, S.A. (2085) ; ES ; ESPAÑA ; 12 ; MADRID             ; 28 ; Madrid ; 065 ; GETAFE ; AV DE LA PAZ 33 ; 28907 ; Operativas ; 
BP ; BANCOS ; 2085 ; IBERCAJA BANCO, S.A. (2085) ; ES ; ESPAÑA ; 12 ; MADRID             ; 28 ; Madrid ; 065 ; GETAFE ; CL CASTILLA 2 ; 28901 ; Operativas ; 
BP ; BANCOS ; 2085 ; IBERCAJA BANCO, S.A. (2085) ; ES ; ESPAÑA ; 12 ; MADRID             ; 28 ; Madrid ; 065 ; GETAFE ; CL MADRID 98 ; 28902 ; Operativas ; 
BP ; BANCOS ; 2085 ; IBERCAJA BANCO, S.A. (2085) ; ES ; ESPAÑA ; 12 ; MADRID             ; 28 ; Madrid ; 066 ; GRIÑON ; CL PALO 1 ; 28971 ; Operativas ; 
BP ; BANCOS ; 2085 ; IBERCAJA BANCO, S.A. (2085) ; ES ; ESPAÑA ; 12 ; MADRID             ; 28 ; Madrid ; 074 ; LEGANES ; AV REY JUAN CARLOS I 84 ; 28916 ; Operativas ; 
BP ; BANCOS ; 2085 ; IBERCAJA BANCO, S.A. (2085) ; ES ; ESPAÑA ; 12 ; MADRID             ; 28 ; Madrid ; 074 ; LEGANES ; CL ANTONIO MACHADO 1 ; 28911 ; Operativas ; 
BP ; BANCOS ; 2085 ; IBERCAJA BANCO, S.A. (2085) ; ES ; ESPAÑA ; 12 ; MADRID             ; 28 ; Madrid ; 074 ; LEGANES ; CL SANTA LUCIA 16 ; 28917 ; Operativas ; 
BP ; BANCOS ; 2085 ; IBERCAJA BANCO, S.A. (2085) ; ES ; ESPAÑA ; 12 ; MADRID             ; 28 ; Madrid ; 074 ; LEGANES ; CL MONEGROS 8 ; 28915 ; Operativas ; 
BP ; BANCOS ; 2085 ; IBERCAJA BANCO, S.A. (2085) ; ES ; ESPAÑA ; 12 ; MADRID             ; 28 ; Madrid ; 079 ; MADRID ; CL SAGASTA 9 ; 28004 ; Operativas ; 
BP ; BANCOS ; 2085 ; IBERCAJA BANCO, S.A. (2085) ; ES ; ESPAÑA ; 12 ; MADRID             ; 28 ; Madrid ; 079 ; MADRID ; CL PRINCIPE DE VERGARA 204 ; 28002 ; Operativas ; 
BP ; BANCOS ; 2085 ; IBERCAJA BANCO, S.A. (2085) ; ES ; ESPAÑA ; 12 ; MADRID             ; 28 ; Madrid ; 079 ; MADRID ; CL JOSE ORTEGA Y GASSET 26 ; 28006 ; Operativas ; 
BP ; BANCOS ; 2085 ; IBERCAJA BANCO, S.A. (2085) ; ES ; ESPAÑA ; 12 ; MADRID             ; 28 ; Madrid ; 079 ; MADRID ; PS LA HABANA 16 ; 28036 ; Operativas ; 
BP ; BANCOS ; 2085 ; IBERCAJA BANCO, S.A. (2085) ; ES ; ESPAÑA ; 12 ; MADRID             ; 28 ; Madrid ; 079 ; MADRID ; CL GOYA 42 ; 28001 ; Operativas ; 
BP ; BANCOS ; 2085 ; IBERCAJA BANCO, S.A. (2085) ; ES ; ESPAÑA ; 12 ; MADRID             ; 28 ; Madrid ; 079 ; MADRID ; CL Almagro 46 ; 28010 ; Operativas ; 
BP ; BANCOS ; 2085 ; IBERCAJA BANCO, S.A. (2085) ; ES ; ESPAÑA ; 12 ; MADRID             ; 28 ; Madrid ; 079 ; MADRID ; CL ANTONIO LEYVA 7 ; 28019 ; Operativas ; 
BP ; BANCOS ; 2085 ; IBERCAJA BANCO, S.A. (2085) ; ES ; ESPAÑA ; 12 ; MADRID             ; 28 ; Madrid ; 079 ; MADRID ; AV CAMINO DE SANTIAGO 21 ; 28050 ; Operativas ; 
BP ; BANCOS ; 2085 ; IBERCAJA BANCO, S.A. (2085) ; ES ; ESPAÑA ; 12 ; MADRID             ; 28 ; Madrid ; 079 ; MADRID ; CL MONASTERIO DE SILOS 83 ; 28049 ; Operativas ; 
BP ; BANCOS ; 2085 ; IBERCAJA BANCO, S.A. (2085) ; ES ; ESPAÑA ; 12 ; MADRID             ; 28 ; Madrid ; 079 ; MADRID ; GL RUBEN DARIO 4 ; 28010 ; Operativas ; 
BP ; BANCOS ; 2085 ; IBERCAJA BANCO, S.A. (2085) ; ES ; ESPAÑA ; 12 ; MADRID             ; 28 ; Madrid ; 079 ; MADRID ; CL ORENSE 23 ; 28020 ; Operativas ; 
BP ; BANCOS ; 2085 ; IBERCAJA BANCO, S.A. (2085) ; ES ; ESPAÑA ; 12 ; MADRID             ; 28 ; Madrid ; 079 ; MADRID ; CL FUENTESPINA 6 ; 28031 ; Operativas ; 
BP ; BANCOS ; 2085 ; IBERCAJA BANCO, S.A. (2085) ; ES ; ESPAÑA ; 12 ; MADRID             ; 28 ; Madrid ; 079 ; MADRID ; AV OSA MAYOR 61 ; 28023 ; Operativas ; 
BP ; BANCOS ; 2085 ; IBERCAJA BANCO, S.A. (2085) ; ES ; ESPAÑA ; 12 ; MADRID             ; 28 ; Madrid ; 079 ; MADRID ; AV ALBUFERA 238 ; 28038 ; Operativas ; 
BP ; BANCOS ; 2085 ; IBERCAJA BANCO, S.A. (2085) ; ES ; ESPAÑA ; 12 ; MADRID             ; 28 ; Madrid ; 079 ; MADRID ; CR CANILLAS 23 ; 28043 ; Operativas ; 
BP ; BANCOS ; 2085 ; IBERCAJA BANCO, S.A. (2085) ; ES ; ESPAÑA ; 12 ; MADRID             ; 28 ; Madrid ; 079 ; MADRID ; AV ALBERTO ALCOCER 46 ; 28016 ; Operativas ; 
BP ; BANCOS ; 2085 ; IBERCAJA BANCO, S.A. (2085) ; ES ; ESPAÑA ; 12 ; MADRID             ; 28 ; Madrid ; 079 ; MADRID ; AV NUESTRA SEÑORA DE FATIMA 29 ; 28047 ; Operativas ; 
BP ; BANCOS ; 2085 ; IBERCAJA BANCO, S.A. (2085) ; ES ; ESPAÑA ; 12 ; MADRID             ; 28 ; Madrid ; 079 ; MADRID ; CL IBIZA 29 ; 28009 ; Operativas ; 
BP ; BANCOS ; 2085 ; IBERCAJA BANCO, S.A. (2085) ; ES ; ESPAÑA ; 12 ; MADRID             ; 28 ; Madrid ; 079 ; MADRID ; CL DOCTOR ESQUERDO 108 ; 28007 ; Operativas ; 
BP ; BANCOS ; 2085 ; IBERCAJA BANCO, S.A. (2085) ; ES ; ESPAÑA ; 12 ; MADRID             ; 28 ; Madrid ; 079 ; MADRID ; CL MARQUES DE URQUIJO 6-8 ; 28008 ; Operativas ; 
BP ; BANCOS ; 2085 ; IBERCAJA BANCO, S.A. (2085) ; ES ; ESPAÑA ; 12 ; MADRID             ; 28 ; Madrid ; 079 ; MADRID ; CL GENERAL ROMERO BASART 75 ; 28044 ; Operativas ; 
BP ; BANCOS ; 2085 ; IBERCAJA BANCO, S.A. (2085) ; ES ; ESPAÑA ; 12 ; MADRID             ; 28 ; Madrid ; 079 ; MADRID ; CL ALCALA 467 ; 28027 ; Operativas ; 
BP ; BANCOS ; 2085 ; IBERCAJA BANCO, S.A. (2085) ; ES ; ESPAÑA ; 12 ; MADRID             ; 28 ; Madrid ; 079 ; MADRID ; CL ALCANTARA 82 ; 28006 ; Operativas ; 
BP ; BANCOS ; 2085 ; IBERCAJA BANCO, S.A. (2085) ; ES ; ESPAÑA ; 12 ; MADRID             ; 28 ; Madrid ; 079 ; MADRID ; AV NIZA 10 ; 28022 ; Operativas ; 
BP ; BANCOS ; 2085 ; IBERCAJA BANCO, S.A. (2085) ; ES ; ESPAÑA ; 12 ; MADRID             ; 28 ; Madrid ; 079 ; MADRID ; CL SAN CIPRIANO 29 ; 28032 ; Operativas ; 
BP ; BANCOS ; 2085 ; IBERCAJA BANCO, S.A. (2085) ; ES ; ESPAÑA ; 12 ; MADRID             ; 28 ; Madrid ; 079 ; MADRID ; AV GENERAL 32 ; 28042 ; Operativas ; 
BP ; BANCOS ; 2085 ; IBERCAJA BANCO, S.A. (2085) ; ES ; ESPAÑA ; 12 ; MADRID             ; 28 ; Madrid ; 079 ; MADRID ; CL CALERUEGA 11 ; 28033 ; Operativas ; 
BP ; BANCOS ; 2085 ; IBERCAJA BANCO, S.A. (2085) ; ES ; ESPAÑA ; 12 ; MADRID             ; 28 ; Madrid ; 079 ; MADRID ; AV BRUSELAS 71 ; 28028 ; Operativas ; 
BP ; BANCOS ; 2085 ; IBERCAJA BANCO, S.A. (2085) ; ES ; ESPAÑA ; 12 ; MADRID             ; 28 ; Madrid ; 079 ; MADRID ; CL RIOS ROSAS 46 ; 28003 ; Operativas ; 
BP ; BANCOS ; 2085 ; IBERCAJA BANCO, S.A. (2085) ; ES ; ESPAÑA ; 12 ; MADRID             ; 28 ; Madrid ; 079 ; MADRID ; AV GUADALAJARA 4 ; 28032 ; Operativas ; 
BP ; BANCOS ; 2085 ; IBERCAJA BANCO, S.A. (2085) ; ES ; ESPAÑA ; 12 ; MADRID             ; 28 ; Madrid ; 079 ; MADRID ; CL CANARIAS 64 ; 28045 ; Operativas ; 
BP ; BANCOS ; 2085 ; IBERCAJA BANCO, S.A. (2085) ; ES ; ESPAÑA ; 12 ; MADRID             ; 28 ; Madrid ; 079 ; MADRID ; AV PABLO NERUDA 134 ; 28018 ; Operativas ; 
BP ; BANCOS ; 2085 ; IBERCAJA BANCO, S.A. (2085) ; ES ; ESPAÑA ; 12 ; MADRID             ; 28 ; Madrid ; 079 ; MADRID ; CL FERMIN CABALLERO 52 ; 28034 ; Operativas ; 
BP ; BANCOS ; 2085 ; IBERCAJA BANCO, S.A. (2085) ; ES ; ESPAÑA ; 12 ; MADRID             ; 28 ; Madrid ; 079 ; MADRID ; AV DE LA PESETA 75 ; 28054 ; Operativas ; 
BP ; BANCOS ; 2085 ; IBERCAJA BANCO, S.A. (2085) ; ES ; ESPAÑA ; 12 ; MADRID             ; 28 ; Madrid ; 079 ; MADRID ; CL CL PRINCIPE CARLOS 17 17 ; 28050 ; Operativas ; 
BP ; BANCOS ; 2085 ; IBERCAJA BANCO, S.A. (2085) ; ES ; ESPAÑA ; 12 ; MADRID             ; 28 ; Madrid ; 079 ; MADRID ; PZ SIERRA AYLLON 2 ; 28031 ; Operativas ; 
BP ; BANCOS ; 2085 ; IBERCAJA BANCO, S.A. (2085) ; ES ; ESPAÑA ; 12 ; MADRID             ; 28 ; Madrid ; 079 ; MADRID ; AV ALBUFERA 121 ; 28038 ; Operativas ; 
BP ; BANCOS ; 2085 ; IBERCAJA BANCO, S.A. (2085) ; ES ; ESPAÑA ; 12 ; MADRID             ; 28 ; Madrid ; 079 ; MADRID ; CL SAN NARCISO 38 ; 28022 ; Operativas ; 
BP ; BANCOS ; 2085 ; IBERCAJA BANCO, S.A. (2085) ; ES ; ESPAÑA ; 12 ; MADRID             ; 28 ; Madrid ; 079 ; MADRID ; CL JUAN JOSE MARTINEZ SECO 38 ; 28021 ; Operativas ; 
BP ; BANCOS ; 2085 ; IBERCAJA BANCO, S.A. (2085) ; ES ; ESPAÑA ; 12 ; MADRID             ; 28 ; Madrid ; 079 ; MADRID ; CL SANTA VIRGILIA 1 ; 28033 ; Operativas ; 
BP ; BANCOS ; 2085 ; IBERCAJA BANCO, S.A. (2085) ; ES ; ESPAÑA ; 12 ; MADRID             ; 28 ; Madrid ; 079 ; MADRID ; PS ALBERTO PALACIOS 28 ; 28021 ; Operativas ; 
BP ; BANCOS ; 2085 ; IBERCAJA BANCO, S.A. (2085) ; ES ; ESPAÑA ; 12 ; MADRID             ; 28 ; Madrid ; 079 ; MADRID ; CL CEBREROS 40 ; 28011 ; Operativas ; 
BP ; BANCOS ; 2085 ; IBERCAJA BANCO, S.A. (2085) ; ES ; ESPAÑA ; 12 ; MADRID             ; 28 ; Madrid ; 079 ; MADRID ; CL SAN BERNARDO 112 ; 28015 ; Operativas ; 
BP ; BANCOS ; 2085 ; IBERCAJA BANCO, S.A. (2085) ; ES ; ESPAÑA ; 12 ; MADRID             ; 28 ; Madrid ; 079 ; MADRID ; CL EMBAJADORES 172 ; 28045 ; Operativas ; 
BP ; BANCOS ; 2085 ; IBERCAJA BANCO, S.A. (2085) ; ES ; ESPAÑA ; 12 ; MADRID             ; 28 ; Madrid ; 079 ; MADRID ; CL ILLESCAS 14 ; 28024 ; Operativas ; 
BP ; BANCOS ; 2085 ; IBERCAJA BANCO, S.A. (2085) ; ES ; ESPAÑA ; 12 ; MADRID             ; 28 ; Madrid ; 079 ; MADRID ; CL HACIENDA DE PAVONES 7 ; 28030 ; Operativas ; 
BP ; BANCOS ; 2085 ; IBERCAJA BANCO, S.A. (2085) ; ES ; ESPAÑA ; 12 ; MADRID             ; 28 ; Madrid ; 079 ; MADRID ; CL CL CLARA DEL REY 66 66 ; 28002 ; Operativas ; 
BP ; BANCOS ; 2085 ; IBERCAJA BANCO, S.A. (2085) ; ES ; ESPAÑA ; 12 ; MADRID             ; 28 ; Madrid ; 079 ; MADRID ; CL BOHEMIOS 11 ; 28041 ; Operativas ; 
BP ; BANCOS ; 2085 ; IBERCAJA BANCO, S.A. (2085) ; ES ; ESPAÑA ; 12 ; MADRID             ; 28 ; Madrid ; 079 ; MADRID ; CL SARRIA 46 ; 28029 ; Operativas ; 
BP ; BANCOS ; 2085 ; IBERCAJA BANCO, S.A. (2085) ; ES ; ESPAÑA ; 12 ; MADRID             ; 28 ; Madrid ; 079 ; MADRID ; AV RAFAEL FINAT 2 ; 28044 ; Operativas ; 
BP ; BANCOS ; 2085 ; IBERCAJA BANCO, S.A. (2085) ; ES ; ESPAÑA ; 12 ; MADRID             ; 28 ; Madrid ; 079 ; MADRID ; CL SANCHEZ BARCAIZTEGUI 3 ; 28007 ; Operativas ; 
BP ; BANCOS ; 2085 ; IBERCAJA BANCO, S.A. (2085) ; ES ; ESPAÑA ; 12 ; MADRID             ; 28 ; Madrid ; 079 ; MADRID ; PS ACACIAS 25 ; 28005 ; Operativas ; 
BP ; BANCOS ; 2085 ; IBERCAJA BANCO, S.A. (2085) ; ES ; ESPAÑA ; 12 ; MADRID             ; 28 ; Madrid ; 079 ; MADRID ; CL ALCALA 29 ; 28014 ; Operativas ; 
BP ; BANCOS ; 2085 ; IBERCAJA BANCO, S.A. (2085) ; ES ; ESPAÑA ; 12 ; MADRID             ; 28 ; Madrid ; 079 ; MADRID ; PS SANTA MARIA DE LA CABEZA 67 ; 28045 ; Operativas ; 
BP ; BANCOS ; 2085 ; IBERCAJA BANCO, S.A. (2085) ; ES ; ESPAÑA ; 12 ; MADRID             ; 28 ; Madrid ; 079 ; MADRID ; CL SOR ANGELA DE LA CRUZ 9 ; 28020 ; Operativas ; 
BP ; BANCOS ; 2085 ; IBERCAJA BANCO, S.A. (2085) ; ES ; ESPAÑA ; 12 ; MADRID             ; 28 ; Madrid ; 079 ; MADRID ; CL OCA 64 ; 28025 ; Operativas ; 
BP ; BANCOS ; 2085 ; IBERCAJA BANCO, S.A. (2085) ; ES ; ESPAÑA ; 12 ; MADRID             ; 28 ; Madrid ; 079 ; MADRID ; CL ALCALA 324 ; 28027 ; Operativas ; 
BP ; BANCOS ; 2085 ; IBERCAJA BANCO, S.A. (2085) ; ES ; ESPAÑA ; 12 ; MADRID             ; 28 ; Madrid ; 079 ; MADRID ; CL ALCALA 203 ; 28028 ; Operativas ; 
BP ; BANCOS ; 2085 ; IBERCAJA BANCO, S.A. (2085) ; ES ; ESPAÑA ; 12 ; MADRID             ; 28 ; Madrid ; 079 ; MADRID ; CL LOPEZ DE HOYOS 112 ; 28002 ; Operativas ; 
BP ; BANCOS ; 2085 ; IBERCAJA BANCO, S.A. (2085) ; ES ; ESPAÑA ; 12 ; MADRID             ; 28 ; Madrid ; 080 ; MAJADAHONDA ; CL DOCTOR CALERO 40 ; 28220 ; Operativas ; 
BP ; BANCOS ; 2085 ; IBERCAJA BANCO, S.A. (2085) ; ES ; ESPAÑA ; 12 ; MADRID             ; 28 ; Madrid ; 083 ; MECO ; CL DEL PRADO 4 ; 28880 ; Operativas ; 
BP ; BANCOS ; 2085 ; IBERCAJA BANCO, S.A. (2085) ; ES ; ESPAÑA ; 12 ; MADRID             ; 28 ; Madrid ; 084 ; MEJORADA DEL CAMPO ; AV CONSTITUCION 24 ; 28840 ; Operativas ; 
BP ; BANCOS ; 2085 ; IBERCAJA BANCO, S.A. (2085) ; ES ; ESPAÑA ; 12 ; MADRID             ; 28 ; Madrid ; 092 ; MOSTOLES ; CL MIGUEL ANGEL 22 ; 28932 ; Operativas ; 
BP ; BANCOS ; 2085 ; IBERCAJA BANCO, S.A. (2085) ; ES ; ESPAÑA ; 12 ; MADRID             ; 28 ; Madrid ; 092 ; MOSTOLES ; AV CONSTITUCION 45 ; 28931 ; Operativas ; 
BP ; BANCOS ; 2085 ; IBERCAJA BANCO, S.A. (2085) ; ES ; ESPAÑA ; 12 ; MADRID             ; 28 ; Madrid ; 092 ; MOSTOLES ; CL LIBERTAD 56 ; 28937 ; Operativas ; 
BP ; BANCOS ; 2085 ; IBERCAJA BANCO, S.A. (2085) ; ES ; ESPAÑA ; 12 ; MADRID             ; 28 ; Madrid ; 092 ; MOSTOLES ; CL ALFONSO XII 6 BLOQUE 25 -URB.LA ALTUSANA- 25 ; 28935 ; Operativas ; 
BP ; BANCOS ; 2085 ; IBERCAJA BANCO, S.A. (2085) ; ES ; ESPAÑA ; 12 ; MADRID             ; 28 ; Madrid ; 096 ; NAVALCARNERO ; CL CONSTITUCION 8 ; 28600 ; Operativas ; 
BP ; BANCOS ; 2085 ; IBERCAJA BANCO, S.A. (2085) ; ES ; ESPAÑA ; 12 ; MADRID             ; 28 ; Madrid ; 104 ; PARACUELLOS DE JARAMA ; AV DE TORREJON 1 ; 28860 ; Operativas ; 
BP ; BANCOS ; 2085 ; IBERCAJA BANCO, S.A. (2085) ; ES ; ESPAÑA ; 12 ; MADRID             ; 28 ; Madrid ; 106 ; PARLA ; CL REAL 86 ; 28981 ; Operativas ; 
BP ; BANCOS ; 2085 ; IBERCAJA BANCO, S.A. (2085) ; ES ; ESPAÑA ; 12 ; MADRID             ; 28 ; Madrid ; 106 ; PARLA ; AV DE LAS ESTRELLAS 27 ; 28983 ; Operativas ; 
BP ; BANCOS ; 2085 ; IBERCAJA BANCO, S.A. (2085) ; ES ; ESPAÑA ; 12 ; MADRID             ; 28 ; Madrid ; 106 ; PARLA ; CL REAL. ESQUINA SEVERO OCHOA S/N ; 28981 ; Operativas ; 
BP ; BANCOS ; 2085 ; IBERCAJA BANCO, S.A. (2085) ; ES ; ESPAÑA ; 12 ; MADRID             ; 28 ; Madrid ; 113 ; PINTO ; CL BELGICA 49 ; 28320 ; Operativas ; 
BP ; BANCOS ; 2085 ; IBERCAJA BANCO, S.A. (2085) ; ES ; ESPAÑA ; 12 ; MADRID             ; 28 ; Madrid ; 115 ; POZUELO DE ALARCON ; AV EUROPA 5 ; 28224 ; Operativas ; 
BP ; BANCOS ; 2085 ; IBERCAJA BANCO, S.A. (2085) ; ES ; ESPAÑA ; 12 ; MADRID             ; 28 ; Madrid ; 123 ; RIVAS-VACIAMADRID ; AV LEVANTE 124 BLOQUE MC-2 124 ; 28521 ; Operativas ; 
BP ; BANCOS ; 2085 ; IBERCAJA BANCO, S.A. (2085) ; ES ; ESPAÑA ; 12 ; MADRID             ; 28 ; Madrid ; 127 ; ROZAS DE MADRID (LAS) ; CL CAMILO JOSE CELA 16 ; 28232 ; Operativas ; 
BP ; BANCOS ; 2085 ; IBERCAJA BANCO, S.A. (2085) ; ES ; ESPAÑA ; 12 ; MADRID             ; 28 ; Madrid ; 127 ; ROZAS DE MADRID (LAS) ; CL REAL 43 ; 28231 ; Operativas ; 
BP ; BANCOS ; 2085 ; IBERCAJA BANCO, S.A. (2085) ; ES ; ESPAÑA ; 12 ; MADRID             ; 28 ; Madrid ; 129 ; SAN AGUSTIN DEL GUADALIX ; AV MADRID 33 ; 28750 ; Operativas ; 
BP ; BANCOS ; 2085 ; IBERCAJA BANCO, S.A. (2085) ; ES ; ESPAÑA ; 12 ; MADRID             ; 28 ; Madrid ; 130 ; SAN FERNANDO DE HENARES ; CL JOSE ALIX 16 ; 28830 ; Operativas ; 
BP ; BANCOS ; 2085 ; IBERCAJA BANCO, S.A. (2085) ; ES ; ESPAÑA ; 12 ; MADRID             ; 28 ; Madrid ; 131 ; SAN LORENZO DE EL ESCORIAL ; CL JOAQUIN COSTA 4 ; 28200 ; Operativas ; 
BP ; BANCOS ; 2085 ; IBERCAJA BANCO, S.A. (2085) ; ES ; ESPAÑA ; 12 ; MADRID             ; 28 ; Madrid ; 134 ; SAN SEBASTIAN DE LOS REYES ; CL JOSE DEL HIERRO 16 ; 28702 ; Operativas ; 
BP ; BANCOS ; 2085 ; IBERCAJA BANCO, S.A. (2085) ; ES ; ESPAÑA ; 12 ; MADRID             ; 28 ; Madrid ; 134 ; SAN SEBASTIAN DE LOS REYES ; CL REAL 86 ; 28703 ; Operativas ; 
BP ; BANCOS ; 2085 ; IBERCAJA BANCO, S.A. (2085) ; ES ; ESPAÑA ; 12 ; MADRID             ; 28 ; Madrid ; 148 ; TORREJON DE ARDOZ ; CL ENMEDIO 15 ; 28850 ; Operativas ; 
BP ; BANCOS ; 2085 ; IBERCAJA BANCO, S.A. (2085) ; ES ; ESPAÑA ; 12 ; MADRID             ; 28 ; Madrid ; 148 ; TORREJON DE ARDOZ ; CL LISBOA 8 ; 28850 ; Operativas ; 
BP ; BANCOS ; 2085 ; IBERCAJA BANCO, S.A. (2085) ; ES ; ESPAÑA ; 12 ; MADRID             ; 28 ; Madrid ; 148 ; TORREJON DE ARDOZ ; AV CRISTOBAL COLON 8 ; 28850 ; Operativas ; 
BP ; BANCOS ; 2085 ; IBERCAJA BANCO, S.A. (2085) ; ES ; ESPAÑA ; 12 ; MADRID             ; 28 ; Madrid ; 151 ; TORRELAGUNA ; CL LA CAVA 12 ; 28180 ; Operativas ; 
BP ; BANCOS ; 2085 ; IBERCAJA BANCO, S.A. (2085) ; ES ; ESPAÑA ; 12 ; MADRID             ; 28 ; Madrid ; 152 ; TORRELODONES ; AV VALLADOLID 17 ; 28250 ; Operativas ; 
BP ; BANCOS ; 2085 ; IBERCAJA BANCO, S.A. (2085) ; ES ; ESPAÑA ; 12 ; MADRID             ; 28 ; Madrid ; 161 ; VALDEMORO ; CL ESTRELLA ELOLA 34 ; 28341 ; Operativas ; 
BP ; BANCOS ; 2085 ; IBERCAJA BANCO, S.A. (2085) ; ES ; ESPAÑA ; 12 ; MADRID             ; 28 ; Madrid ; 161 ; VALDEMORO ; CL ANTONIO VAN DE PERE 3 ; 28342 ; Operativas ; 
BP ; BANCOS ; 2085 ; IBERCAJA BANCO, S.A. (2085) ; ES ; ESPAÑA ; 12 ; MADRID             ; 28 ; Madrid ; 172 ; VILLALBILLA ; CL GENERALIFE -LOS HUEROS- 1 ; 28810 ; Operativas ; 
BP ; BANCOS ; 2085 ; IBERCAJA BANCO, S.A. (2085) ; ES ; ESPAÑA ; 12 ; MADRID             ; 28 ; Madrid ; 176 ; VILLANUEVA DE LA CAÑADA ; CL REAL 21 ; 28691 ; Operativas ; 
BP ; BANCOS ; 2085 ; IBERCAJA BANCO, S.A. (2085) ; ES ; ESPAÑA ; 12 ; MADRID             ; 28 ; Madrid ; 177 ; VILLANUEVA DEL PARDILLO ; AV MADRID 19 ; 28229 ; Operativas ; 
BP ; BANCOS ; 2085 ; IBERCAJA BANCO, S.A. (2085) ; ES ; ESPAÑA ; 12 ; MADRID             ; 28 ; Madrid ; 181 ; VILLAVICIOSA DE ODON ; CL CARRETAS 32 ; 28670 ; Operativas ; 
BP ; BANCOS ; 2085 ; IBERCAJA BANCO, S.A. (2085) ; ES ; ESPAÑA ; 12 ; MADRID             ; 28 ; Madrid ; 903 ; TRES CANTOS ; AV AV COLMENAR VIEJO CTRO. CIAL. EL ZOCO - LOCAL 8 SN ; 28760 ; Operativas ; 
BP ; BANCOS ; 2095 ; KUTXABANK, S.A. (2095) ; ES ; ESPAÑA ; 12 ; MADRID             ; 28 ; Madrid ; 005 ; ALCALA DE HENARES ; AV AVENIDA COMPLUTENSE 00044 ; 28805 ; Operativas ; 
BP ; BANCOS ; 2095 ; KUTXABANK, S.A. (2095) ; ES ; ESPAÑA ; 12 ; MADRID             ; 28 ; Madrid ; 006 ; ALCOBENDAS ; ZZ MARQUES DE LA VALDAVIA, 95 S/N ; 28100 ; Operativas ; 
BP ; BANCOS ; 2095 ; KUTXABANK, S.A. (2095) ; ES ; ESPAÑA ; 12 ; MADRID             ; 28 ; Madrid ; 006 ; ALCOBENDAS ; PZ PLAZA MAYOR 00002 ; 28100 ; Operativas ; 
BP ; BANCOS ; 2095 ; KUTXABANK, S.A. (2095) ; ES ; ESPAÑA ; 12 ; MADRID             ; 28 ; Madrid ; 007 ; ALCORCON ; PZ ESPAA, 13 S/N ; 28921 ; Operativas ; 
BP ; BANCOS ; 2095 ; KUTXABANK, S.A. (2095) ; ES ; ESPAÑA ; 12 ; MADRID             ; 28 ; Madrid ; 007 ; ALCORCON ; AV AV. LEGANS 00033 ; 28924 ; Operativas ; 
BP ; BANCOS ; 2095 ; KUTXABANK, S.A. (2095) ; ES ; ESPAÑA ; 12 ; MADRID             ; 28 ; Madrid ; 013 ; ARANJUEZ ; ZZ STUART, 123 S/N ; 28300 ; Operativas ; 
BP ; BANCOS ; 2095 ; KUTXABANK, S.A. (2095) ; ES ; ESPAÑA ; 12 ; MADRID             ; 28 ; Madrid ; 014 ; ARGANDA DEL REY ; CL JUAN DE LA CIERVA 00004 ; 28500 ; Operativas ; 
BP ; BANCOS ; 2095 ; KUTXABANK, S.A. (2095) ; ES ; ESPAÑA ; 12 ; MADRID             ; 28 ; Madrid ; 022 ; BOADILLA DEL MONTE ; CL MARTIRES 00005 ; 28660 ; Operativas ; 
BP ; BANCOS ; 2095 ; KUTXABANK, S.A. (2095) ; ES ; ESPAÑA ; 12 ; MADRID             ; 28 ; Madrid ; 047 ; COLLADO VILLALBA ; AV AV. HONTORIO LOZANO 00043 ; 28400 ; Operativas ; 
BP ; BANCOS ; 2095 ; KUTXABANK, S.A. (2095) ; ES ; ESPAÑA ; 12 ; MADRID             ; 28 ; Madrid ; 049 ; COSLADA ; AV DE LA CONSTITUCION, 62 S/N ; 28821 ; Operativas ; 
BP ; BANCOS ; 2095 ; KUTXABANK, S.A. (2095) ; ES ; ESPAÑA ; 12 ; MADRID             ; 28 ; Madrid ; 058 ; FUENLABRADA ; AV AVENIDA DE ESPAÑA 00022 ; 28941 ; Operativas ; 
BP ; BANCOS ; 2095 ; KUTXABANK, S.A. (2095) ; ES ; ESPAÑA ; 12 ; MADRID             ; 28 ; Madrid ; 065 ; GETAFE ; ZZ CUBAS 2, ESQ RAMON Y CAJAL  ; 28902 ; Operativas ; 
BP ; BANCOS ; 2095 ; KUTXABANK, S.A. (2095) ; ES ; ESPAÑA ; 12 ; MADRID             ; 28 ; Madrid ; 074 ; LEGANES ; AV AV. DOCTOR MARTN VEGU 00039 ; 28912 ; Operativas ; 
BP ; BANCOS ; 2095 ; KUTXABANK, S.A. (2095) ; ES ; ESPAÑA ; 12 ; MADRID             ; 28 ; Madrid ; 079 ; MADRID ; AV  GENERAL PERN, 38  ; 28020 ; Operativas ; 
BP ; BANCOS ; 2095 ; KUTXABANK, S.A. (2095) ; ES ; ESPAÑA ; 12 ; MADRID             ; 28 ; Madrid ; 079 ; MADRID ; CL CORAZON DE MARIA 00043 ; 28002 ; Operativas ; 
BP ; BANCOS ; 2095 ; KUTXABANK, S.A. (2095) ; ES ; ESPAÑA ; 12 ; MADRID             ; 28 ; Madrid ; 079 ; MADRID ; CM CAMINO VINATEROS 00030 ; 28030 ; Operativas ; 
BP ; BANCOS ; 2095 ; KUTXABANK, S.A. (2095) ; ES ; ESPAÑA ; 12 ; MADRID             ; 28 ; Madrid ; 079 ; MADRID ; CL SAN CIPRIANO 00048 ; 28032 ; Operativas ; 
BP ; BANCOS ; 2095 ; KUTXABANK, S.A. (2095) ; ES ; ESPAÑA ; 12 ; MADRID             ; 28 ; Madrid ; 079 ; MADRID ; CL SOR ANGELA DE LA CRUZ 00007 ; 28020 ; Operativas ; 
BP ; BANCOS ; 2095 ; KUTXABANK, S.A. (2095) ; ES ; ESPAÑA ; 12 ; MADRID             ; 28 ; Madrid ; 079 ; MADRID ; CL OCA 00042 ; 28025 ; Operativas ; 
BP ; BANCOS ; 2095 ; KUTXABANK, S.A. (2095) ; ES ; ESPAÑA ; 12 ; MADRID             ; 28 ; Madrid ; 079 ; MADRID ; CL ALCALA 00457 ; 28027 ; Operativas ; 
BP ; BANCOS ; 2095 ; KUTXABANK, S.A. (2095) ; ES ; ESPAÑA ; 12 ; MADRID             ; 28 ; Madrid ; 079 ; MADRID ; CL G.VIA HORTALEZA 61 00061 ; 28043 ; Operativas ; 
BP ; BANCOS ; 2095 ; KUTXABANK, S.A. (2095) ; ES ; ESPAÑA ; 12 ; MADRID             ; 28 ; Madrid ; 079 ; MADRID ; AV AV. DE BETANZOS 00053 ; 28029 ; Operativas ; 
BP ; BANCOS ; 2095 ; KUTXABANK, S.A. (2095) ; ES ; ESPAÑA ; 12 ; MADRID             ; 28 ; Madrid ; 079 ; MADRID ; CL ALCALA 00255 ; 28027 ; Operativas ; 
BP ; BANCOS ; 2095 ; KUTXABANK, S.A. (2095) ; ES ; ESPAÑA ; 12 ; MADRID             ; 28 ; Madrid ; 079 ; MADRID ; PS P DE LAS ACACIAS 00050 ; 28005 ; Operativas ; 
BP ; BANCOS ; 2095 ; KUTXABANK, S.A. (2095) ; ES ; ESPAÑA ; 12 ; MADRID             ; 28 ; Madrid ; 079 ; MADRID ; AV AVENIDA DE LOS ANDES 00010 ; 28042 ; Operativas ; 
BP ; BANCOS ; 2095 ; KUTXABANK, S.A. (2095) ; ES ; ESPAÑA ; 12 ; MADRID             ; 28 ; Madrid ; 079 ; MADRID ; CL ACANTO 00022 ; 28015 ; Operativas ; 
BP ; BANCOS ; 2095 ; KUTXABANK, S.A. (2095) ; ES ; ESPAÑA ; 12 ; MADRID             ; 28 ; Madrid ; 079 ; MADRID ; CL San Bernardo 00004 ; 28013 ; Operativas ; 
BP ; BANCOS ; 2095 ; KUTXABANK, S.A. (2095) ; ES ; ESPAÑA ; 12 ; MADRID             ; 28 ; Madrid ; 079 ; MADRID ; CL VELAZQUEZ 00035 ; 28001 ; Operativas ; 
BP ; BANCOS ; 2095 ; KUTXABANK, S.A. (2095) ; ES ; ESPAÑA ; 12 ; MADRID             ; 28 ; Madrid ; 079 ; MADRID ; PS PASEO CASTELLANA 00174 ; 28046 ; Operativas ; 
BP ; BANCOS ; 2095 ; KUTXABANK, S.A. (2095) ; ES ; ESPAÑA ; 12 ; MADRID             ; 28 ; Madrid ; 079 ; MADRID ; CL GRAN VIA 00013 ; 28013 ; Operativas ; 
BP ; BANCOS ; 2095 ; KUTXABANK, S.A. (2095) ; ES ; ESPAÑA ; 12 ; MADRID             ; 28 ; Madrid ; 079 ; MADRID ; ZZ ALBERTO AGUILERA, 10  ; 28015 ; Operativas ; 
BP ; BANCOS ; 2095 ; KUTXABANK, S.A. (2095) ; ES ; ESPAÑA ; 12 ; MADRID             ; 28 ; Madrid ; 079 ; MADRID ; ZZ DIEGO HURTADO DE MENDOZA, 12-LOC. 4 S/N ; 28050 ; Operativas ; 
BP ; BANCOS ; 2095 ; KUTXABANK, S.A. (2095) ; ES ; ESPAÑA ; 12 ; MADRID             ; 28 ; Madrid ; 079 ; MADRID ; ZZ BARRANQUILLA, 3 S/N ; 28033 ; Operativas ; 
BP ; BANCOS ; 2095 ; KUTXABANK, S.A. (2095) ; ES ; ESPAÑA ; 12 ; MADRID             ; 28 ; Madrid ; 079 ; MADRID ; CL CLAUDIO COELLO 123 ; 28006 ; Operativas ; 
BP ; BANCOS ; 2095 ; KUTXABANK, S.A. (2095) ; ES ; ESPAÑA ; 12 ; MADRID             ; 28 ; Madrid ; 079 ; MADRID ; ZZ ORENSE, 69 S/N ; 28020 ; Operativas ; 
BP ; BANCOS ; 2095 ; KUTXABANK, S.A. (2095) ; ES ; ESPAÑA ; 12 ; MADRID             ; 28 ; Madrid ; 079 ; MADRID ; CL FRANCOS RODRIGUEZ 00047 ; 28039 ; Operativas ; 
BP ; BANCOS ; 2095 ; KUTXABANK, S.A. (2095) ; ES ; ESPAÑA ; 12 ; MADRID             ; 28 ; Madrid ; 079 ; MADRID ; CL SESEA 00091 ; 28024 ; Operativas ; 
BP ; BANCOS ; 2095 ; KUTXABANK, S.A. (2095) ; ES ; ESPAÑA ; 12 ; MADRID             ; 28 ; Madrid ; 079 ; MADRID ; PZ PZ. DE LEGAZPI 00005 ; 28045 ; Operativas ; 
BP ; BANCOS ; 2095 ; KUTXABANK, S.A. (2095) ; ES ; ESPAÑA ; 12 ; MADRID             ; 28 ; Madrid ; 079 ; MADRID ; CL CARTAGENA 00048 ; 28028 ; Operativas ; 
BP ; BANCOS ; 2095 ; KUTXABANK, S.A. (2095) ; ES ; ESPAÑA ; 12 ; MADRID             ; 28 ; Madrid ; 079 ; MADRID ; PS PS. DE LAS DELICIAS 00022 ; 28045 ; Operativas ; 
BP ; BANCOS ; 2095 ; KUTXABANK, S.A. (2095) ; ES ; ESPAÑA ; 12 ; MADRID             ; 28 ; Madrid ; 079 ; MADRID ; AV AV. DE LA ALBUFERA 00077 ; 28038 ; Operativas ; 
BP ; BANCOS ; 2095 ; KUTXABANK, S.A. (2095) ; ES ; ESPAÑA ; 12 ; MADRID             ; 28 ; Madrid ; 079 ; MADRID ; CL MAURICIO LEGENDRE 00013 ; 28046 ; Operativas ; 
BP ; BANCOS ; 2095 ; KUTXABANK, S.A. (2095) ; ES ; ESPAÑA ; 12 ; MADRID             ; 28 ; Madrid ; 079 ; MADRID ; PS PS. DE EXTREMADURA 00012 ; 28011 ; Operativas ; 
BP ; BANCOS ; 2095 ; KUTXABANK, S.A. (2095) ; ES ; ESPAÑA ; 12 ; MADRID             ; 28 ; Madrid ; 079 ; MADRID ; CL LOPEZ DE HOYOS 00066 ; 28002 ; Operativas ; 
BP ; BANCOS ; 2095 ; KUTXABANK, S.A. (2095) ; ES ; ESPAÑA ; 12 ; MADRID             ; 28 ; Madrid ; 079 ; MADRID ; AV AV. REINA VICTORIA 00015 ; 28003 ; Operativas ; 
BP ; BANCOS ; 2095 ; KUTXABANK, S.A. (2095) ; ES ; ESPAÑA ; 12 ; MADRID             ; 28 ; Madrid ; 079 ; MADRID ; AV DEL MEDITERRANEO, 19 S/N ; 28007 ; Operativas ; 
BP ; BANCOS ; 2095 ; KUTXABANK, S.A. (2095) ; ES ; ESPAÑA ; 12 ; MADRID             ; 28 ; Madrid ; 079 ; MADRID ; ZZ PICO DE LA CIERVA, 1 S/N ; 28031 ; Operativas ; 
BP ; BANCOS ; 2095 ; KUTXABANK, S.A. (2095) ; ES ; ESPAÑA ; 12 ; MADRID             ; 28 ; Madrid ; 079 ; MADRID ; ZZ ALCALA, 622 S/N ; 28022 ; Operativas ; 
BP ; BANCOS ; 2095 ; KUTXABANK, S.A. (2095) ; ES ; ESPAÑA ; 12 ; MADRID             ; 28 ; Madrid ; 080 ; MAJADAHONDA ; AV AV. DOCTOR MARAON 00031 ; 28220 ; Operativas ; 
BP ; BANCOS ; 2095 ; KUTXABANK, S.A. (2095) ; ES ; ESPAÑA ; 12 ; MADRID             ; 28 ; Madrid ; 080 ; MAJADAHONDA ; AV AVDA. DE ESPAA 00070 ; 28220 ; Operativas ; 
BP ; BANCOS ; 2095 ; KUTXABANK, S.A. (2095) ; ES ; ESPAÑA ; 12 ; MADRID             ; 28 ; Madrid ; 092 ; MOSTOLES ; ZZ SAN MARCIAL, 5 S/N ; 28931 ; Operativas ; 
BP ; BANCOS ; 2095 ; KUTXABANK, S.A. (2095) ; ES ; ESPAÑA ; 12 ; MADRID             ; 28 ; Madrid ; 092 ; MOSTOLES ; CL Río Genil (local 9-10) 19 ; 28934 ; Operativas ; 
BP ; BANCOS ; 2095 ; KUTXABANK, S.A. (2095) ; ES ; ESPAÑA ; 12 ; MADRID             ; 28 ; Madrid ; 106 ; PARLA ; CL REAL 00097 ; 28980 ; Operativas ; 
BP ; BANCOS ; 2095 ; KUTXABANK, S.A. (2095) ; ES ; ESPAÑA ; 12 ; MADRID             ; 28 ; Madrid ; 113 ; PINTO ; PS PASEO DE DOLORES SORIA 00008 ; 28320 ; Operativas ; 
BP ; BANCOS ; 2095 ; KUTXABANK, S.A. (2095) ; ES ; ESPAÑA ; 12 ; MADRID             ; 28 ; Madrid ; 115 ; POZUELO DE ALARCON ; AV DE EUROPA, 31-BAJO S/N ; 28224 ; Operativas ; 
BP ; BANCOS ; 2095 ; KUTXABANK, S.A. (2095) ; ES ; ESPAÑA ; 12 ; MADRID             ; 28 ; Madrid ; 115 ; POZUELO DE ALARCON ; AV AVENIDA DE EUROPA 00005 ; 28224 ; Operativas ; 
BP ; BANCOS ; 2095 ; KUTXABANK, S.A. (2095) ; ES ; ESPAÑA ; 12 ; MADRID             ; 28 ; Madrid ; 123 ; RIVAS-VACIAMADRID ; PZ PZ. FEDERICO GARCIA LORCA 00001 ; 28529 ; Operativas ; 
BP ; BANCOS ; 2095 ; KUTXABANK, S.A. (2095) ; ES ; ESPAÑA ; 12 ; MADRID             ; 28 ; Madrid ; 127 ; ROZAS DE MADRID (LAS) ; AV Los toreros 7 ; 28230 ; Operativas ; 
BP ; BANCOS ; 2095 ; KUTXABANK, S.A. (2095) ; ES ; ESPAÑA ; 12 ; MADRID             ; 28 ; Madrid ; 127 ; ROZAS DE MADRID (LAS) ; AV AVDA. DE LA CONSTITUCION 00010 ; 28230 ; Operativas ; 
BP ; BANCOS ; 2095 ; KUTXABANK, S.A. (2095) ; ES ; ESPAÑA ; 12 ; MADRID             ; 28 ; Madrid ; 134 ; SAN SEBASTIAN DE LOS REYES ; ZZ REAL, 1 S/N ; 28700 ; Operativas ; 
BP ; BANCOS ; 2095 ; KUTXABANK, S.A. (2095) ; ES ; ESPAÑA ; 12 ; MADRID             ; 28 ; Madrid ; 148 ; TORREJON DE ARDOZ ; PZ MAYOR, 12 S/N ; 28850 ; Operativas ; 
BP ; BANCOS ; 2095 ; KUTXABANK, S.A. (2095) ; ES ; ESPAÑA ; 12 ; MADRID             ; 28 ; Madrid ; 148 ; TORREJON DE ARDOZ ; CL LONDRES 00006 ; 28850 ; Operativas ; 
BP ; BANCOS ; 2095 ; KUTXABANK, S.A. (2095) ; ES ; ESPAÑA ; 12 ; MADRID             ; 28 ; Madrid ; 161 ; VALDEMORO ; CL ESTRELLA DE ELOLA 00031 ; 28341 ; Operativas ; 
BP ; BANCOS ; 2095 ; KUTXABANK, S.A. (2095) ; ES ; ESPAÑA ; 12 ; MADRID             ; 28 ; Madrid ; 181 ; VILLAVICIOSA DE ODON ; AV AV. PRINCIPE DE ASTURIAS 00044 ; 28670 ; Operativas ; 
BP ; BANCOS ; 2095 ; KUTXABANK, S.A. (2095) ; ES ; ESPAÑA ; 12 ; MADRID             ; 28 ; Madrid ; 903 ; TRES CANTOS ; CL SECTOR LITERATOS 00023 ; 28760 ; Operativas ; 
BP ; BANCOS ; 2100 ; CAIXABANK, S.A. (2100) ; ES ; ESPAÑA ; 12 ; MADRID             ; 28 ; Madrid ; 002 ; AJALVIR ; CL CARLOS RUIZ 16 ; 28864 ; Operativas ; 
BP ; BANCOS ; 2100 ; CAIXABANK, S.A. (2100) ; ES ; ESPAÑA ; 12 ; MADRID             ; 28 ; Madrid ; 004 ; ALAMO (EL) ; AV DE MADRID 25 ; 28607 ; Operativas ; 
BP ; BANCOS ; 2100 ; CAIXABANK, S.A. (2100) ; ES ; ESPAÑA ; 12 ; MADRID             ; 28 ; Madrid ; 005 ; ALCALA DE HENARES ; AV  VALLADOLID  ; 28804 ; Operativas ; 
BP ; BANCOS ; 2100 ; CAIXABANK, S.A. (2100) ; ES ; ESPAÑA ; 12 ; MADRID             ; 28 ; Madrid ; 005 ; ALCALA DE HENARES ; AV  JUAN CARLOS I 00013 ; 28806 ; Operativas ; 
BP ; BANCOS ; 2100 ; CAIXABANK, S.A. (2100) ; ES ; ESPAÑA ; 12 ; MADRID             ; 28 ; Madrid ; 005 ; ALCALA DE HENARES ; CL MATEO DE TORRES 2 ; 28806 ; Operativas ; 
BP ; BANCOS ; 2100 ; CAIXABANK, S.A. (2100) ; ES ; ESPAÑA ; 12 ; MADRID             ; 28 ; Madrid ; 005 ; ALCALA DE HENARES ; CL MAYOR 2 ; 28801 ; Operativas ; 
BP ; BANCOS ; 2100 ; CAIXABANK, S.A. (2100) ; ES ; ESPAÑA ; 12 ; MADRID             ; 28 ; Madrid ; 005 ; ALCALA DE HENARES ; CL LIBREROS 10 ; 28801 ; Operativas ; 
BP ; BANCOS ; 2100 ; CAIXABANK, S.A. (2100) ; ES ; ESPAÑA ; 12 ; MADRID             ; 28 ; Madrid ; 005 ; ALCALA DE HENARES ; AV REYES CATOLICOS 4 ; 28802 ; Operativas ; 
BP ; BANCOS ; 2100 ; CAIXABANK, S.A. (2100) ; ES ; ESPAÑA ; 12 ; MADRID             ; 28 ; Madrid ; 005 ; ALCALA DE HENARES ; CL CANOVAS DEL CASTILLO 5 ; 28807 ; Operativas ; 
BP ; BANCOS ; 2100 ; CAIXABANK, S.A. (2100) ; ES ; ESPAÑA ; 12 ; MADRID             ; 28 ; Madrid ; 005 ; ALCALA DE HENARES ; CL ENTREPEÑAS S/N ; 28803 ; Operativas ; 
BP ; BANCOS ; 2100 ; CAIXABANK, S.A. (2100) ; ES ; ESPAÑA ; 12 ; MADRID             ; 28 ; Madrid ; 005 ; ALCALA DE HENARES ; AV JUAN DE AUSTRIA 17 ; 28804 ; Operativas ; 
BP ; BANCOS ; 2100 ; CAIXABANK, S.A. (2100) ; ES ; ESPAÑA ; 12 ; MADRID             ; 28 ; Madrid ; 005 ; ALCALA DE HENARES ; ZZ VIA COMPLUTENSE - RIBERA S/N ; 28805 ; Operativas ; 
BP ; BANCOS ; 2100 ; CAIXABANK, S.A. (2100) ; ES ; ESPAÑA ; 12 ; MADRID             ; 28 ; Madrid ; 005 ; ALCALA DE HENARES ; ZZ C. RAFAEL ALBERTI 00060 ; 28805 ; Operativas ; 
BP ; BANCOS ; 2100 ; CAIXABANK, S.A. (2100) ; ES ; ESPAÑA ; 12 ; MADRID             ; 28 ; Madrid ; 005 ; ALCALA DE HENARES ; CL JOSE RUIZ AZORIN 47 ; 28806 ; Operativas ; 
BP ; BANCOS ; 2100 ; CAIXABANK, S.A. (2100) ; ES ; ESPAÑA ; 12 ; MADRID             ; 28 ; Madrid ; 005 ; ALCALA DE HENARES ; ZZ MIGUEL DE UNAMUNO, 3 S/N ; 28804 ; Operativas ; 
BP ; BANCOS ; 2100 ; CAIXABANK, S.A. (2100) ; ES ; ESPAÑA ; 12 ; MADRID             ; 28 ; Madrid ; 005 ; ALCALA DE HENARES ; PZ DE CERVANTES 27 ; 28801 ; Operativas ; 
BP ; BANCOS ; 2100 ; CAIXABANK, S.A. (2100) ; ES ; ESPAÑA ; 12 ; MADRID             ; 28 ; Madrid ; 005 ; ALCALA DE HENARES ; AV  REYES CATOLICOS 00028 ; 28802 ; Operativas ; 
BP ; BANCOS ; 2100 ; CAIXABANK, S.A. (2100) ; ES ; ESPAÑA ; 12 ; MADRID             ; 28 ; Madrid ; 006 ; ALCOBENDAS ; CM DEL CURA 00010 ; 28109 ; Operativas ; 
BP ; BANCOS ; 2100 ; CAIXABANK, S.A. (2100) ; ES ; ESPAÑA ; 12 ; MADRID             ; 28 ; Madrid ; 006 ; ALCOBENDAS ; CL CONSTITUCION 92 ; 28100 ; Operativas ; 
BP ; BANCOS ; 2100 ; CAIXABANK, S.A. (2100) ; ES ; ESPAÑA ; 12 ; MADRID             ; 28 ; Madrid ; 006 ; ALCOBENDAS ; AV DE LA ERMITA 00002 ; 28100 ; Operativas ; 
BP ; BANCOS ; 2100 ; CAIXABANK, S.A. (2100) ; ES ; ESPAÑA ; 12 ; MADRID             ; 28 ; Madrid ; 006 ; ALCOBENDAS ; PZ MORALEJA 9 ; 28109 ; Operativas ; 
BP ; BANCOS ; 2100 ; CAIXABANK, S.A. (2100) ; ES ; ESPAÑA ; 12 ; MADRID             ; 28 ; Madrid ; 006 ; ALCOBENDAS ; AV INDUSTRIA 32 ; 28108 ; Operativas ; 
BP ; BANCOS ; 2100 ; CAIXABANK, S.A. (2100) ; ES ; ESPAÑA ; 12 ; MADRID             ; 28 ; Madrid ; 006 ; ALCOBENDAS ; CL MANUEL DE FALLA 71 ; 28100 ; Operativas ; 
BP ; BANCOS ; 2100 ; CAIXABANK, S.A. (2100) ; ES ; ESPAÑA ; 12 ; MADRID             ; 28 ; Madrid ; 006 ; ALCOBENDAS ; CL LIBERTAD 17 ; 28100 ; Operativas ; 
BP ; BANCOS ; 2100 ; CAIXABANK, S.A. (2100) ; ES ; ESPAÑA ; 12 ; MADRID             ; 28 ; Madrid ; 006 ; ALCOBENDAS ; AV  INDUSTRIA 00013 ; 28108 ; Operativas ; 
BP ; BANCOS ; 2100 ; CAIXABANK, S.A. (2100) ; ES ; ESPAÑA ; 12 ; MADRID             ; 28 ; Madrid ; 006 ; ALCOBENDAS ; PS DE LA CHOPERA 121 ; 28100 ; Operativas ; 
BP ; BANCOS ; 2100 ; CAIXABANK, S.A. (2100) ; ES ; ESPAÑA ; 12 ; MADRID             ; 28 ; Madrid ; 007 ; ALCORCON ; ZZ CONCHITA PUIG C/V RIO MIÑO- P.ONDARRETA S/N ; 28923 ; Operativas ; 
BP ; BANCOS ; 2100 ; CAIXABANK, S.A. (2100) ; ES ; ESPAÑA ; 12 ; MADRID             ; 28 ; Madrid ; 007 ; ALCORCON ; CL MAYOR 14 ; 28921 ; Operativas ; 
BP ; BANCOS ; 2100 ; CAIXABANK, S.A. (2100) ; ES ; ESPAÑA ; 12 ; MADRID             ; 28 ; Madrid ; 007 ; ALCORCON ; CL MINISTRO FERNANDEZ ORDOÑEZ 3 ; 28924 ; Operativas ; 
BP ; BANCOS ; 2100 ; CAIXABANK, S.A. (2100) ; ES ; ESPAÑA ; 12 ; MADRID             ; 28 ; Madrid ; 007 ; ALCORCON ; AV RETAMAS 70 ; 28922 ; Operativas ; 
BP ; BANCOS ; 2100 ; CAIXABANK, S.A. (2100) ; ES ; ESPAÑA ; 12 ; MADRID             ; 28 ; Madrid ; 007 ; ALCORCON ; CL BETANZOS 5 ; 28925 ; Operativas ; 
BP ; BANCOS ; 2100 ; CAIXABANK, S.A. (2100) ; ES ; ESPAÑA ; 12 ; MADRID             ; 28 ; Madrid ; 007 ; ALCORCON ; CL PORTO CRISTO 6 ; 28924 ; Operativas ; 
BP ; BANCOS ; 2100 ; CAIXABANK, S.A. (2100) ; ES ; ESPAÑA ; 12 ; MADRID             ; 28 ; Madrid ; 007 ; ALCORCON ; CL PRÍNCIPE DON JUAN CARLOS 1 ; 28924 ; Operativas ; 
BP ; BANCOS ; 2100 ; CAIXABANK, S.A. (2100) ; ES ; ESPAÑA ; 12 ; MADRID             ; 28 ; Madrid ; 007 ; ALCORCON ; AV DE VALLADOLID, 8 S/N ; 28925 ; Operativas ; 
BP ; BANCOS ; 2100 ; CAIXABANK, S.A. (2100) ; ES ; ESPAÑA ; 12 ; MADRID             ; 28 ; Madrid ; 007 ; ALCORCON ; CL MAYOR 55 ; 28922 ; Operativas ; 
BP ; BANCOS ; 2100 ; CAIXABANK, S.A. (2100) ; ES ; ESPAÑA ; 12 ; MADRID             ; 28 ; Madrid ; 007 ; ALCORCON ; CL NUEVA S/N ; 28921 ; Operativas ; 
BP ; BANCOS ; 2100 ; CAIXABANK, S.A. (2100) ; ES ; ESPAÑA ; 12 ; MADRID             ; 28 ; Madrid ; 007 ; ALCORCON ; ZZ C. OSLO-ROTTERDAM  ; 28922 ; Operativas ; 
BP ; BANCOS ; 2100 ; CAIXABANK, S.A. (2100) ; ES ; ESPAÑA ; 12 ; MADRID             ; 28 ; Madrid ; 008 ; ALDEA DEL FRESNO ; ZZ PL. CONSTITUCION 00004 ; 28620 ; Operativas ; 
BP ; BANCOS ; 2100 ; CAIXABANK, S.A. (2100) ; ES ; ESPAÑA ; 12 ; MADRID             ; 28 ; Madrid ; 009 ; ALGETE ; CL MAYOR 48 ; 28110 ; Operativas ; 
BP ; BANCOS ; 2100 ; CAIXABANK, S.A. (2100) ; ES ; ESPAÑA ; 12 ; MADRID             ; 28 ; Madrid ; 010 ; ALPEDRETE ; AV DE LOS CANTEROS 8 ; 28430 ; Operativas ; 
BP ; BANCOS ; 2100 ; CAIXABANK, S.A. (2100) ; ES ; ESPAÑA ; 12 ; MADRID             ; 28 ; Madrid ; 013 ; ARANJUEZ ; CL SAN ANTONIO 47 ; 28300 ; Operativas ; 
BP ; BANCOS ; 2100 ; CAIXABANK, S.A. (2100) ; ES ; ESPAÑA ; 12 ; MADRID             ; 28 ; Madrid ; 013 ; ARANJUEZ ; GL JOAQUIN COTANDA 17 ; 28300 ; Operativas ; 
BP ; BANCOS ; 2100 ; CAIXABANK, S.A. (2100) ; ES ; ESPAÑA ; 12 ; MADRID             ; 28 ; Madrid ; 013 ; ARANJUEZ ; PS DEL DELEITE 00042 ; 28300 ; Operativas ; 
BP ; BANCOS ; 2100 ; CAIXABANK, S.A. (2100) ; ES ; ESPAÑA ; 12 ; MADRID             ; 28 ; Madrid ; 014 ; ARGANDA DEL REY ; AV EJERCITO 27 ; 28500 ; Operativas ; 
BP ; BANCOS ; 2100 ; CAIXABANK, S.A. (2100) ; ES ; ESPAÑA ; 12 ; MADRID             ; 28 ; Madrid ; 014 ; ARGANDA DEL REY ; CL SOLANILLA 25 ; 28500 ; Operativas ; 
BP ; BANCOS ; 2100 ; CAIXABANK, S.A. (2100) ; ES ; ESPAÑA ; 12 ; MADRID             ; 28 ; Madrid ; 014 ; ARGANDA DEL REY ; CL MARIA ZAMBRANO 2 ; 28500 ; Operativas ; 
BP ; BANCOS ; 2100 ; CAIXABANK, S.A. (2100) ; ES ; ESPAÑA ; 12 ; MADRID             ; 28 ; Madrid ; 015 ; ARROYOMOLINOS ; AV DE LA UNION EUROPEA 19 ; 28939 ; Operativas ; 
BP ; BANCOS ; 2100 ; CAIXABANK, S.A. (2100) ; ES ; ESPAÑA ; 12 ; MADRID             ; 28 ; Madrid ; 018 ; BECERRIL DE LA SIERRA ; CL SAN SEBASTIAN 9 ; 28490 ; Operativas ; 
BP ; BANCOS ; 2100 ; CAIXABANK, S.A. (2100) ; ES ; ESPAÑA ; 12 ; MADRID             ; 28 ; Madrid ; 019 ; BELMONTE DE TAJO ; BO ALTO 00039 ; 28390 ; Operativas ; 
BP ; BANCOS ; 2100 ; CAIXABANK, S.A. (2100) ; ES ; ESPAÑA ; 12 ; MADRID             ; 28 ; Madrid ; 022 ; BOADILLA DEL MONTE ; AV INFANTE DON LUÍS 10 ; 28660 ; Operativas ; 
BP ; BANCOS ; 2100 ; CAIXABANK, S.A. (2100) ; ES ; ESPAÑA ; 12 ; MADRID             ; 28 ; Madrid ; 022 ; BOADILLA DEL MONTE ; CR DE MAJADAHONDA 50 ; 28660 ; Operativas ; 
BP ; BANCOS ; 2100 ; CAIXABANK, S.A. (2100) ; ES ; ESPAÑA ; 12 ; MADRID             ; 28 ; Madrid ; 023 ; BOALO (EL) ; AV DE LOS CANTEROS 2 ; 28412 ; Operativas ; 
BP ; BANCOS ; 2100 ; CAIXABANK, S.A. (2100) ; ES ; ESPAÑA ; 12 ; MADRID             ; 28 ; Madrid ; 026 ; BRUNETE ; CL MADRID 24 ; 28690 ; Operativas ; 
BP ; BANCOS ; 2100 ; CAIXABANK, S.A. (2100) ; ES ; ESPAÑA ; 12 ; MADRID             ; 28 ; Madrid ; 027 ; BUITRAGO DEL LOZOYA ; CL REAL 30 ; 28730 ; Operativas ; 
BP ; BANCOS ; 2100 ; CAIXABANK, S.A. (2100) ; ES ; ESPAÑA ; 12 ; MADRID             ; 28 ; Madrid ; 028 ; BUSTARVIEJO ; CL SAN SEBASTIAN 1 ; 28720 ; Operativas ; 
BP ; BANCOS ; 2100 ; CAIXABANK, S.A. (2100) ; ES ; ESPAÑA ; 12 ; MADRID             ; 28 ; Madrid ; 031 ; CADALSO DE LOS VIDRIOS ; CL REAL 30 ; 28640 ; Operativas ; 
BP ; BANCOS ; 2100 ; CAIXABANK, S.A. (2100) ; ES ; ESPAÑA ; 12 ; MADRID             ; 28 ; Madrid ; 032 ; CAMARMA DE ESTERUELAS ; PZ DEL PASEO 18 ; 28816 ; Operativas ; 
BP ; BANCOS ; 2100 ; CAIXABANK, S.A. (2100) ; ES ; ESPAÑA ; 12 ; MADRID             ; 28 ; Madrid ; 033 ; CAMPO REAL ; PZ MAYOR, 6 S/N ; 28510 ; Operativas ; 
BP ; BANCOS ; 2100 ; CAIXABANK, S.A. (2100) ; ES ; ESPAÑA ; 12 ; MADRID             ; 28 ; Madrid ; 037 ; CENICIENTOS ; PZ DE ESPAÑA 6 ; 28650 ; Operativas ; 
BP ; BANCOS ; 2100 ; CAIXABANK, S.A. (2100) ; ES ; ESPAÑA ; 12 ; MADRID             ; 28 ; Madrid ; 038 ; CERCEDILLA ; CL MAYOR 1 ; 28470 ; Operativas ; 
BP ; BANCOS ; 2100 ; CAIXABANK, S.A. (2100) ; ES ; ESPAÑA ; 12 ; MADRID             ; 28 ; Madrid ; 040 ; CIEMPOZUELOS ; CL ESPAÑA 3 ; 28350 ; Operativas ; 
BP ; BANCOS ; 2100 ; CAIXABANK, S.A. (2100) ; ES ; ESPAÑA ; 12 ; MADRID             ; 28 ; Madrid ; 041 ; COBEÑA ; CM GUADALAJARA-CTRA ALCALA  ; 28863 ; Operativas ; 
BP ; BANCOS ; 2100 ; CAIXABANK, S.A. (2100) ; ES ; ESPAÑA ; 12 ; MADRID             ; 28 ; Madrid ; 043 ; COLMENAR DE OREJA ; ZZ EMPEDRADA 7 S/N ; 28380 ; Operativas ; 
BP ; BANCOS ; 2100 ; CAIXABANK, S.A. (2100) ; ES ; ESPAÑA ; 12 ; MADRID             ; 28 ; Madrid ; 044 ; COLMENAREJO ; ZZ PORVENIR C/V PRAOFUENTES S/N ; 28270 ; Operativas ; 
BP ; BANCOS ; 2100 ; CAIXABANK, S.A. (2100) ; ES ; ESPAÑA ; 12 ; MADRID             ; 28 ; Madrid ; 045 ; COLMENAR VIEJO ; ZZ RESIDENCIA SANTA TERESA DE AVILA S/N ; 28770 ; Operativas ; 
BP ; BANCOS ; 2100 ; CAIXABANK, S.A. (2100) ; ES ; ESPAÑA ; 12 ; MADRID             ; 28 ; Madrid ; 045 ; COLMENAR VIEJO ; CL MARQUÉS DE SANTILLANA 4 ; 28770 ; Operativas ; 
BP ; BANCOS ; 2100 ; CAIXABANK, S.A. (2100) ; ES ; ESPAÑA ; 12 ; MADRID             ; 28 ; Madrid ; 046 ; COLLADO MEDIANO ; CL REAL 25 ; 28450 ; Operativas ; 
BP ; BANCOS ; 2100 ; CAIXABANK, S.A. (2100) ; ES ; ESPAÑA ; 12 ; MADRID             ; 28 ; Madrid ; 047 ; COLLADO VILLALBA ; ZZ C. ESCOFINA 00030 ; 28400 ; Operativas ; 
BP ; BANCOS ; 2100 ; CAIXABANK, S.A. (2100) ; ES ; ESPAÑA ; 12 ; MADRID             ; 28 ; Madrid ; 047 ; COLLADO VILLALBA ; PZ DE LOS CUATRO CAÑOS 4 ; 28400 ; Operativas ; 
BP ; BANCOS ; 2100 ; CAIXABANK, S.A. (2100) ; ES ; ESPAÑA ; 12 ; MADRID             ; 28 ; Madrid ; 047 ; COLLADO VILLALBA ; CL REAL 34 ; 28400 ; Operativas ; 
BP ; BANCOS ; 2100 ; CAIXABANK, S.A. (2100) ; ES ; ESPAÑA ; 12 ; MADRID             ; 28 ; Madrid ; 047 ; COLLADO VILLALBA ; AV REAL 31 ; 28400 ; Operativas ; 
BP ; BANCOS ; 2100 ; CAIXABANK, S.A. (2100) ; ES ; ESPAÑA ; 12 ; MADRID             ; 28 ; Madrid ; 049 ; COSLADA ; ZZ COLOMBIA -LOCALES 7 Y 8 S/N ; 28820 ; Operativas ; 
BP ; BANCOS ; 2100 ; CAIXABANK, S.A. (2100) ; ES ; ESPAÑA ; 12 ; MADRID             ; 28 ; Madrid ; 049 ; COSLADA ; AV CONSTITUCION 35 ; 28821 ; Operativas ; 
BP ; BANCOS ; 2100 ; CAIXABANK, S.A. (2100) ; ES ; ESPAÑA ; 12 ; MADRID             ; 28 ; Madrid ; 049 ; COSLADA ; ZZ PETRA SANCHEZ, S/N S/N ; 28820 ; Operativas ; 
BP ; BANCOS ; 2100 ; CAIXABANK, S.A. (2100) ; ES ; ESPAÑA ; 12 ; MADRID             ; 28 ; Madrid ; 049 ; COSLADA ; CL GUATEMALA 3 ; 28822 ; Operativas ; 
BP ; BANCOS ; 2100 ; CAIXABANK, S.A. (2100) ; ES ; ESPAÑA ; 12 ; MADRID             ; 28 ; Madrid ; 049 ; COSLADA ; AV MADRID 00013 ; 28822 ; Operativas ; 
BP ; BANCOS ; 2100 ; CAIXABANK, S.A. (2100) ; ES ; ESPAÑA ; 12 ; MADRID             ; 28 ; Madrid ; 050 ; CUBAS DE LA SAGRA ; ZZ REAL 20 S/N ; 28978 ; Operativas ; 
BP ; BANCOS ; 2100 ; CAIXABANK, S.A. (2100) ; ES ; ESPAÑA ; 12 ; MADRID             ; 28 ; Madrid ; 051 ; CHAPINERIA ; CL MADRID 5 ; 28694 ; Operativas ; 
BP ; BANCOS ; 2100 ; CAIXABANK, S.A. (2100) ; ES ; ESPAÑA ; 12 ; MADRID             ; 28 ; Madrid ; 052 ; CHINCHON ; CL GRANDE 16 ; 28370 ; Operativas ; 
BP ; BANCOS ; 2100 ; CAIXABANK, S.A. (2100) ; ES ; ESPAÑA ; 12 ; MADRID             ; 28 ; Madrid ; 053 ; DAGANZO DE ARRIBA ; ZZ GTA. DE ALCALA, 10 S/N ; 28814 ; Operativas ; 
BP ; BANCOS ; 2100 ; CAIXABANK, S.A. (2100) ; ES ; ESPAÑA ; 12 ; MADRID             ; 28 ; Madrid ; 054 ; ESCORIAL (EL) ; AV ARBOLEDA 16 ; 28280 ; Operativas ; 
BP ; BANCOS ; 2100 ; CAIXABANK, S.A. (2100) ; ES ; ESPAÑA ; 12 ; MADRID             ; 28 ; Madrid ; 055 ; ESTREMERA ; PZ JUAN CARLOS I, 15 S/N ; 28595 ; Operativas ; 
BP ; BANCOS ; 2100 ; CAIXABANK, S.A. (2100) ; ES ; ESPAÑA ; 12 ; MADRID             ; 28 ; Madrid ; 058 ; FUENLABRADA ; AV COMUNIDAD DE MADRID S/N ; 28940 ; Operativas ; 
BP ; BANCOS ; 2100 ; CAIXABANK, S.A. (2100) ; ES ; ESPAÑA ; 12 ; MADRID             ; 28 ; Madrid ; 058 ; FUENLABRADA ; CL LOS ANGELES 5 ; 28940 ; Operativas ; 
BP ; BANCOS ; 2100 ; CAIXABANK, S.A. (2100) ; ES ; ESPAÑA ; 12 ; MADRID             ; 28 ; Madrid ; 058 ; FUENLABRADA ; CL PLAZA 32 ; 28940 ; Operativas ; 
BP ; BANCOS ; 2100 ; CAIXABANK, S.A. (2100) ; ES ; ESPAÑA ; 12 ; MADRID             ; 28 ; Madrid ; 058 ; FUENLABRADA ; AV DE EUROPA, 2. S/N ; 28940 ; Operativas ; 
BP ; BANCOS ; 2100 ; CAIXABANK, S.A. (2100) ; ES ; ESPAÑA ; 12 ; MADRID             ; 28 ; Madrid ; 058 ; FUENLABRADA ; AV DE LAS NACIONES 18 ; 28943 ; Operativas ; 
BP ; BANCOS ; 2100 ; CAIXABANK, S.A. (2100) ; ES ; ESPAÑA ; 12 ; MADRID             ; 28 ; Madrid ; 058 ; FUENLABRADA ; CL GRECIA 9 ; 28943 ; Operativas ; 
BP ; BANCOS ; 2100 ; CAIXABANK, S.A. (2100) ; ES ; ESPAÑA ; 12 ; MADRID             ; 28 ; Madrid ; 058 ; FUENLABRADA ; CL GABRIELA MISTRAL 12 ; 28942 ; Operativas ; 
BP ; BANCOS ; 2100 ; CAIXABANK, S.A. (2100) ; ES ; ESPAÑA ; 12 ; MADRID             ; 28 ; Madrid ; 058 ; FUENLABRADA ; AV PORTUGAL 33 ; 28943 ; Operativas ; 
BP ; BANCOS ; 2100 ; CAIXABANK, S.A. (2100) ; ES ; ESPAÑA ; 12 ; MADRID             ; 28 ; Madrid ; 058 ; FUENLABRADA ; AV DE LA INDUSTRIA 2 ; 28947 ; Operativas ; 
BP ; BANCOS ; 2100 ; CAIXABANK, S.A. (2100) ; ES ; ESPAÑA ; 12 ; MADRID             ; 28 ; Madrid ; 058 ; FUENLABRADA ; AV ESPAÑA C/V CASTILLA NUEVA 22 ; 28940 ; Operativas ; 
BP ; BANCOS ; 2100 ; CAIXABANK, S.A. (2100) ; ES ; ESPAÑA ; 12 ; MADRID             ; 28 ; Madrid ; 058 ; FUENLABRADA ; AV DE LAS PROVINCIAS 1 ; 28940 ; Operativas ; 
BP ; BANCOS ; 2100 ; CAIXABANK, S.A. (2100) ; ES ; ESPAÑA ; 12 ; MADRID             ; 28 ; Madrid ; 058 ; FUENLABRADA ; AV HISPANIDAD 8 ; 28945 ; Operativas ; 
BP ; BANCOS ; 2100 ; CAIXABANK, S.A. (2100) ; ES ; ESPAÑA ; 12 ; MADRID             ; 28 ; Madrid ; 059 ; FUENTE EL SAZ DE JARAMA ; AV ALAMEDA 18 ; 28140 ; Operativas ; 
BP ; BANCOS ; 2100 ; CAIXABANK, S.A. (2100) ; ES ; ESPAÑA ; 12 ; MADRID             ; 28 ; Madrid ; 060 ; FUENTIDUEÑA DE TAJO ; ZZ PL. CONSTITUCION 00015 ; 28597 ; Operativas ; 
BP ; BANCOS ; 2100 ; CAIXABANK, S.A. (2100) ; ES ; ESPAÑA ; 12 ; MADRID             ; 28 ; Madrid ; 061 ; GALAPAGAR ; CL CONCEJO 1 ; 28260 ; Operativas ; 
BP ; BANCOS ; 2100 ; CAIXABANK, S.A. (2100) ; ES ; ESPAÑA ; 12 ; MADRID             ; 28 ; Madrid ; 065 ; GETAFE ; AV BUENOS AIRES 11 ; 28905 ; Operativas ; 
BP ; BANCOS ; 2100 ; CAIXABANK, S.A. (2100) ; ES ; ESPAÑA ; 12 ; MADRID             ; 28 ; Madrid ; 065 ; GETAFE ; AV FRANCISCO FERNANDEZ ORDOÑEZ 3 ; 28903 ; Operativas ; 
BP ; BANCOS ; 2100 ; CAIXABANK, S.A. (2100) ; ES ; ESPAÑA ; 12 ; MADRID             ; 28 ; Madrid ; 065 ; GETAFE ; ZZ VIOLETA PARRA C/V AV. CIUDADES S/N ; 28903 ; Operativas ; 
BP ; BANCOS ; 2100 ; CAIXABANK, S.A. (2100) ; ES ; ESPAÑA ; 12 ; MADRID             ; 28 ; Madrid ; 065 ; GETAFE ; AV ARAGON 14 ; 28903 ; Operativas ; 
BP ; BANCOS ; 2100 ; CAIXABANK, S.A. (2100) ; ES ; ESPAÑA ; 12 ; MADRID             ; 28 ; Madrid ; 065 ; GETAFE ; CL GARCILASO 54 ; 28904 ; Operativas ; 
BP ; BANCOS ; 2100 ; CAIXABANK, S.A. (2100) ; ES ; ESPAÑA ; 12 ; MADRID             ; 28 ; Madrid ; 065 ; GETAFE ; AV MARIA ZAMBRANO 4 ; 28903 ; Operativas ; 
BP ; BANCOS ; 2100 ; CAIXABANK, S.A. (2100) ; ES ; ESPAÑA ; 12 ; MADRID             ; 28 ; Madrid ; 065 ; GETAFE ; CL GROENLANDIA 4 ; 28909 ; Operativas ; 
BP ; BANCOS ; 2100 ; CAIXABANK, S.A. (2100) ; ES ; ESPAÑA ; 12 ; MADRID             ; 28 ; Madrid ; 065 ; GETAFE ; CL MADRID 69 ; 28902 ; Operativas ; 
BP ; BANCOS ; 2100 ; CAIXABANK, S.A. (2100) ; ES ; ESPAÑA ; 12 ; MADRID             ; 28 ; Madrid ; 065 ; GETAFE ; CL MADRID 115 ; 28903 ; Operativas ; 
BP ; BANCOS ; 2100 ; CAIXABANK, S.A. (2100) ; ES ; ESPAÑA ; 12 ; MADRID             ; 28 ; Madrid ; 065 ; GETAFE ; AV JUAN CARLOS I 1 ; 28905 ; Operativas ; 
BP ; BANCOS ; 2100 ; CAIXABANK, S.A. (2100) ; ES ; ESPAÑA ; 12 ; MADRID             ; 28 ; Madrid ; 065 ; GETAFE ; CL MADRID 30 ; 28901 ; Operativas ; 
BP ; BANCOS ; 2100 ; CAIXABANK, S.A. (2100) ; ES ; ESPAÑA ; 12 ; MADRID             ; 28 ; Madrid ; 065 ; GETAFE ; ZZ TOLEDO, 4 S/N ; 28901 ; Operativas ; 
BP ; BANCOS ; 2100 ; CAIXABANK, S.A. (2100) ; ES ; ESPAÑA ; 12 ; MADRID             ; 28 ; Madrid ; 065 ; GETAFE ; CL TOLEDO 7 ; 28901 ; Operativas ; 
BP ; BANCOS ; 2100 ; CAIXABANK, S.A. (2100) ; ES ; ESPAÑA ; 12 ; MADRID             ; 28 ; Madrid ; 066 ; GRIÑON ; CL CARLOS RUIZ 1 ; 28971 ; Operativas ; 
BP ; BANCOS ; 2100 ; CAIXABANK, S.A. (2100) ; ES ; ESPAÑA ; 12 ; MADRID             ; 28 ; Madrid ; 067 ; GUADALIX DE LA SIERRA ; PZ CONSISTORIAL 10 ; 28794 ; Operativas ; 
BP ; BANCOS ; 2100 ; CAIXABANK, S.A. (2100) ; ES ; ESPAÑA ; 12 ; MADRID             ; 28 ; Madrid ; 068 ; GUADARRAMA ; CL ALFONSO SENRA 38 ; 28440 ; Operativas ; 
BP ; BANCOS ; 2100 ; CAIXABANK, S.A. (2100) ; ES ; ESPAÑA ; 12 ; MADRID             ; 28 ; Madrid ; 072 ; HOYO DE MANZANARES ; CL HURTADA 4 ; 28240 ; Operativas ; 
BP ; BANCOS ; 2100 ; CAIXABANK, S.A. (2100) ; ES ; ESPAÑA ; 12 ; MADRID             ; 28 ; Madrid ; 073 ; HUMANES DE MADRID ; AV DEL MEDITERRANEO 2 ; 28970 ; Operativas ; 
BP ; BANCOS ; 2100 ; CAIXABANK, S.A. (2100) ; ES ; ESPAÑA ; 12 ; MADRID             ; 28 ; Madrid ; 074 ; LEGANES ; PZ España 5 ; 28911 ; Operativas ; 
BP ; BANCOS ; 2100 ; CAIXABANK, S.A. (2100) ; ES ; ESPAÑA ; 12 ; MADRID             ; 28 ; Madrid ; 074 ; LEGANES ; ZZ AVDA.REY JUAN CARLOS I, 40 -ZARZAQUEMADA S/N ; 28915 ; Operativas ; 
BP ; BANCOS ; 2100 ; CAIXABANK, S.A. (2100) ; ES ; ESPAÑA ; 12 ; MADRID             ; 28 ; Madrid ; 074 ; LEGANES ; ZZ ALCALDE PEDRO GLEZ, GLEZ., 12 S/N ; 28914 ; Operativas ; 
BP ; BANCOS ; 2100 ; CAIXABANK, S.A. (2100) ; ES ; ESPAÑA ; 12 ; MADRID             ; 28 ; Madrid ; 074 ; LEGANES ; AV  REINA SOFIA 00023 ; 28915 ; Operativas ; 
BP ; BANCOS ; 2100 ; CAIXABANK, S.A. (2100) ; ES ; ESPAÑA ; 12 ; MADRID             ; 28 ; Madrid ; 074 ; LEGANES ; CL MEDIODIA 1 ; 28911 ; Operativas ; 
BP ; BANCOS ; 2100 ; CAIXABANK, S.A. (2100) ; ES ; ESPAÑA ; 12 ; MADRID             ; 28 ; Madrid ; 074 ; LEGANES ; AV REY JUAN CARLOS I 114 ; 28916 ; Operativas ; 
BP ; BANCOS ; 2100 ; CAIXABANK, S.A. (2100) ; ES ; ESPAÑA ; 12 ; MADRID             ; 28 ; Madrid ; 074 ; LEGANES ; ZZ ALCARRIA 98 S/N ; 28915 ; Operativas ; 
BP ; BANCOS ; 2100 ; CAIXABANK, S.A. (2100) ; ES ; ESPAÑA ; 12 ; MADRID             ; 28 ; Madrid ; 074 ; LEGANES ; AV  DE LA LIBERTAD 00004 ; 28917 ; Operativas ; 
BP ; BANCOS ; 2100 ; CAIXABANK, S.A. (2100) ; ES ; ESPAÑA ; 12 ; MADRID             ; 28 ; Madrid ; 074 ; LEGANES ; PZ ESPAÑA 22 ; 28911 ; Operativas ; 
BP ; BANCOS ; 2100 ; CAIXABANK, S.A. (2100) ; ES ; ESPAÑA ; 12 ; MADRID             ; 28 ; Madrid ; 074 ; LEGANES ; CL MONEGROS 12 ; 28915 ; Operativas ; 
BP ; BANCOS ; 2100 ; CAIXABANK, S.A. (2100) ; ES ; ESPAÑA ; 12 ; MADRID             ; 28 ; Madrid ; 074 ; LEGANES ; AV DOCTOR MENDIGUCHIA CARRICHE 11 ; 28913 ; Operativas ; 
BP ; BANCOS ; 2100 ; CAIXABANK, S.A. (2100) ; ES ; ESPAÑA ; 12 ; MADRID             ; 28 ; Madrid ; 075 ; LOECHES ; CL LOS BAÑOS 1 ; 28890 ; Operativas ; 
BP ; BANCOS ; 2100 ; CAIXABANK, S.A. (2100) ; ES ; ESPAÑA ; 12 ; MADRID             ; 28 ; Madrid ; 076 ; LOZOYA ; PZ MARQUES DE LOZOYA, 19 S/N ; 28742 ; Operativas ; 
BP ; BANCOS ; 2100 ; CAIXABANK, S.A. (2100) ; ES ; ESPAÑA ; 12 ; MADRID             ; 28 ; Madrid ; 079 ; MADRID ; ZZ C. CAMPEZO 00014 ; 28022 ; Operativas ; 
BP ; BANCOS ; 2100 ; CAIXABANK, S.A. (2100) ; ES ; ESPAÑA ; 12 ; MADRID             ; 28 ; Madrid ; 079 ; MADRID ; ZZ C. BAHIA DE ALMERIA 00021 ; 28042 ; Operativas ; 
BP ; BANCOS ; 2100 ; CAIXABANK, S.A. (2100) ; ES ; ESPAÑA ; 12 ; MADRID             ; 28 ; Madrid ; 079 ; MADRID ; CL EMBAJADORES 161 ; 28045 ; Operativas ; 
BP ; BANCOS ; 2100 ; CAIXABANK, S.A. (2100) ; ES ; ESPAÑA ; 12 ; MADRID             ; 28 ; Madrid ; 079 ; MADRID ; CL LA MAQUINILLA 10 ; 28031 ; Operativas ; 
BP ; BANCOS ; 2100 ; CAIXABANK, S.A. (2100) ; ES ; ESPAÑA ; 12 ; MADRID             ; 28 ; Madrid ; 079 ; MADRID ; PS DE LA HABANA 4 ; 28046 ; Operativas ; 
BP ; BANCOS ; 2100 ; CAIXABANK, S.A. (2100) ; ES ; ESPAÑA ; 12 ; MADRID             ; 28 ; Madrid ; 079 ; MADRID ; CL JOSE DE CADALSO 00082 ; 28044 ; Operativas ; 
BP ; BANCOS ; 2100 ; CAIXABANK, S.A. (2100) ; ES ; ESPAÑA ; 12 ; MADRID             ; 28 ; Madrid ; 079 ; MADRID ; AV MACHUPICHU 19 ; 28043 ; Operativas ; 
BP ; BANCOS ; 2100 ; CAIXABANK, S.A. (2100) ; ES ; ESPAÑA ; 12 ; MADRID             ; 28 ; Madrid ; 079 ; MADRID ; AV DE LA OSA MAYOR 58 ; 28023 ; Operativas ; 
BP ; BANCOS ; 2100 ; CAIXABANK, S.A. (2100) ; ES ; ESPAÑA ; 12 ; MADRID             ; 28 ; Madrid ; 079 ; MADRID ; ZZ VIA LUSITANA 00047 ; 28025 ; Operativas ; 
BP ; BANCOS ; 2100 ; CAIXABANK, S.A. (2100) ; ES ; ESPAÑA ; 12 ; MADRID             ; 28 ; Madrid ; 079 ; MADRID ; ZZ C. CONCEJAL FCO J. JIMENEZ MARTIN 00126 ; 28047 ; Operativas ; 
BP ; BANCOS ; 2100 ; CAIXABANK, S.A. (2100) ; ES ; ESPAÑA ; 12 ; MADRID             ; 28 ; Madrid ; 079 ; MADRID ; CL Juan José Martinez Seco 2 ; 28041 ; Operativas ; 
BP ; BANCOS ; 2100 ; CAIXABANK, S.A. (2100) ; ES ; ESPAÑA ; 12 ; MADRID             ; 28 ; Madrid ; 079 ; MADRID ; CL FERROCARRIL 7 ; 28045 ; Operativas ; 
BP ; BANCOS ; 2100 ; CAIXABANK, S.A. (2100) ; ES ; ESPAÑA ; 12 ; MADRID             ; 28 ; Madrid ; 079 ; MADRID ; RD DE LA COMUNICACION S/N ; 28050 ; Operativas ; 
BP ; BANCOS ; 2100 ; CAIXABANK, S.A. (2100) ; ES ; ESPAÑA ; 12 ; MADRID             ; 28 ; Madrid ; 079 ; MADRID ; AV  ENSANCHE DE VALLECAS 00055 ; 28051 ; Operativas ; 
BP ; BANCOS ; 2100 ; CAIXABANK, S.A. (2100) ; ES ; ESPAÑA ; 12 ; MADRID             ; 28 ; Madrid ; 079 ; MADRID ; CL HORTALEZA 90 ; 28004 ; Operativas ; 
BP ; BANCOS ; 2100 ; CAIXABANK, S.A. (2100) ; ES ; ESPAÑA ; 12 ; MADRID             ; 28 ; Madrid ; 079 ; MADRID ; ZZ C. JULIAN GONZALEZ SEGADOR  ; 28043 ; Operativas ; 
BP ; BANCOS ; 2100 ; CAIXABANK, S.A. (2100) ; ES ; ESPAÑA ; 12 ; MADRID             ; 28 ; Madrid ; 079 ; MADRID ; CL MONASTERIO DE LIEBANA 1 ; 28049 ; Operativas ; 
BP ; BANCOS ; 2100 ; CAIXABANK, S.A. (2100) ; ES ; ESPAÑA ; 12 ; MADRID             ; 28 ; Madrid ; 079 ; MADRID ; AV  PRINCIPE CARLOS  ; 28050 ; Operativas ; 
BP ; BANCOS ; 2100 ; CAIXABANK, S.A. (2100) ; ES ; ESPAÑA ; 12 ; MADRID             ; 28 ; Madrid ; 079 ; MADRID ; CL JUAN JOSE MARTINEZ SECO 58 ; 28021 ; Operativas ; 
BP ; BANCOS ; 2100 ; CAIXABANK, S.A. (2100) ; ES ; ESPAÑA ; 12 ; MADRID             ; 28 ; Madrid ; 079 ; MADRID ; CL VIRGEN DEL SAGRARIO 4 ; 28027 ; Operativas ; 
BP ; BANCOS ; 2100 ; CAIXABANK, S.A. (2100) ; ES ; ESPAÑA ; 12 ; MADRID             ; 28 ; Madrid ; 079 ; MADRID ; AV GENERAL, 20 -BARAJAS S/N ; 28042 ; Operativas ; 
BP ; BANCOS ; 2100 ; CAIXABANK, S.A. (2100) ; ES ; ESPAÑA ; 12 ; MADRID             ; 28 ; Madrid ; 079 ; MADRID ; PZ ANDRES SOLOAGA 1 ; 28024 ; Operativas ; 
BP ; BANCOS ; 2100 ; CAIXABANK, S.A. (2100) ; ES ; ESPAÑA ; 12 ; MADRID             ; 28 ; Madrid ; 079 ; MADRID ; CL CIUDAD SANITARIA "LA PAZ" S/N ; 28046 ; Operativas ; 
BP ; BANCOS ; 2100 ; CAIXABANK, S.A. (2100) ; ES ; ESPAÑA ; 12 ; MADRID             ; 28 ; Madrid ; 079 ; MADRID ; AV SAN LUIS 8 ; 28033 ; Operativas ; 
BP ; BANCOS ; 2100 ; CAIXABANK, S.A. (2100) ; ES ; ESPAÑA ; 12 ; MADRID             ; 28 ; Madrid ; 079 ; MADRID ; AV BARRANQUILLA, 5 S/N ; 28033 ; Operativas ; 
BP ; BANCOS ; 2100 ; CAIXABANK, S.A. (2100) ; ES ; ESPAÑA ; 12 ; MADRID             ; 28 ; Madrid ; 079 ; MADRID ; AV CARDENAL HERRERA ORIA 245 ; 28035 ; Operativas ; 
BP ; BANCOS ; 2100 ; CAIXABANK, S.A. (2100) ; ES ; ESPAÑA ; 12 ; MADRID             ; 28 ; Madrid ; 079 ; MADRID ; CL FRANCOS RODRIGUEZ 33 ; 28039 ; Operativas ; 
BP ; BANCOS ; 2100 ; CAIXABANK, S.A. (2100) ; ES ; ESPAÑA ; 12 ; MADRID             ; 28 ; Madrid ; 079 ; MADRID ; PZ Castilla 3 ; 28046 ; Operativas ; 
BP ; BANCOS ; 2100 ; CAIXABANK, S.A. (2100) ; ES ; ESPAÑA ; 12 ; MADRID             ; 28 ; Madrid ; 079 ; MADRID ; CL VALMOJADO 293 ; 28047 ; Operativas ; 
BP ; BANCOS ; 2100 ; CAIXABANK, S.A. (2100) ; ES ; ESPAÑA ; 12 ; MADRID             ; 28 ; Madrid ; 079 ; MADRID ; CL ALCALDE MARTIN DE ALZAGA 9 ; 28039 ; Operativas ; 
BP ; BANCOS ; 2100 ; CAIXABANK, S.A. (2100) ; ES ; ESPAÑA ; 12 ; MADRID             ; 28 ; Madrid ; 079 ; MADRID ; PZ PINAZO 3 ; 28021 ; Operativas ; 
BP ; BANCOS ; 2100 ; CAIXABANK, S.A. (2100) ; ES ; ESPAÑA ; 12 ; MADRID             ; 28 ; Madrid ; 079 ; MADRID ; AV DE BRUSELAS, 67 S/N ; 28028 ; Operativas ; 
BP ; BANCOS ; 2100 ; CAIXABANK, S.A. (2100) ; ES ; ESPAÑA ; 12 ; MADRID             ; 28 ; Madrid ; 079 ; MADRID ; CL MAR NEGRO 7 ; 28033 ; Operativas ; 
BP ; BANCOS ; 2100 ; CAIXABANK, S.A. (2100) ; ES ; ESPAÑA ; 12 ; MADRID             ; 28 ; Madrid ; 079 ; MADRID ; ZZ ARTURO SORIA, 299 S/N ; 28033 ; Operativas ; 
BP ; BANCOS ; 2100 ; CAIXABANK, S.A. (2100) ; ES ; ESPAÑA ; 12 ; MADRID             ; 28 ; Madrid ; 079 ; MADRID ; PZ ARTESANOS, 6 S/N ; 28037 ; Operativas ; 
BP ; BANCOS ; 2100 ; CAIXABANK, S.A. (2100) ; ES ; ESPAÑA ; 12 ; MADRID             ; 28 ; Madrid ; 079 ; MADRID ; CL VIRGEN DE ARANZAZU 16 ; 28034 ; Operativas ; 
BP ; BANCOS ; 2100 ; CAIXABANK, S.A. (2100) ; ES ; ESPAÑA ; 12 ; MADRID             ; 28 ; Madrid ; 079 ; MADRID ; GL CUATRO CAMINOS 6 ; 28020 ; Operativas ; 
BP ; BANCOS ; 2100 ; CAIXABANK, S.A. (2100) ; ES ; ESPAÑA ; 12 ; MADRID             ; 28 ; Madrid ; 079 ; MADRID ; CL OLIVA DE PLASENCIA 3 ; 28044 ; Operativas ; 
BP ; BANCOS ; 2100 ; CAIXABANK, S.A. (2100) ; ES ; ESPAÑA ; 12 ; MADRID             ; 28 ; Madrid ; 079 ; MADRID ; CL EL GRECO 20 ; 28011 ; Operativas ; 
BP ; BANCOS ; 2100 ; CAIXABANK, S.A. (2100) ; ES ; ESPAÑA ; 12 ; MADRID             ; 28 ; Madrid ; 079 ; MADRID ; AV OROVILLA 61 ; 28041 ; Operativas ; 
BP ; BANCOS ; 2100 ; CAIXABANK, S.A. (2100) ; ES ; ESPAÑA ; 12 ; MADRID             ; 28 ; Madrid ; 079 ; MADRID ; ZZ RIOS ROSAS 44 S/N ; 28003 ; Operativas ; 
BP ; BANCOS ; 2100 ; CAIXABANK, S.A. (2100) ; ES ; ESPAÑA ; 12 ; MADRID             ; 28 ; Madrid ; 079 ; MADRID ; CL SAN GERARDO 14 ; 28035 ; Operativas ; 
BP ; BANCOS ; 2100 ; CAIXABANK, S.A. (2100) ; ES ; ESPAÑA ; 12 ; MADRID             ; 28 ; Madrid ; 079 ; MADRID ; ZZ VIRGEN DE LAS VIÑAS, 7 S/N ; 28031 ; Operativas ; 
BP ; BANCOS ; 2100 ; CAIXABANK, S.A. (2100) ; ES ; ESPAÑA ; 12 ; MADRID             ; 28 ; Madrid ; 079 ; MADRID ; AV DE OPORTO 63 ; 28019 ; Operativas ; 
BP ; BANCOS ; 2100 ; CAIXABANK, S.A. (2100) ; ES ; ESPAÑA ; 12 ; MADRID             ; 28 ; Madrid ; 079 ; MADRID ; CL ANTONIO LOPEZ 58 ; 28019 ; Operativas ; 
BP ; BANCOS ; 2100 ; CAIXABANK, S.A. (2100) ; ES ; ESPAÑA ; 12 ; MADRID             ; 28 ; Madrid ; 079 ; MADRID ; CL MEZQUITA 9 ; 28041 ; Operativas ; 
BP ; BANCOS ; 2100 ; CAIXABANK, S.A. (2100) ; ES ; ESPAÑA ; 12 ; MADRID             ; 28 ; Madrid ; 079 ; MADRID ; CL HERMANOS GARCIA NOBLEJAS 158 ; 28037 ; Operativas ; 
BP ; BANCOS ; 2100 ; CAIXABANK, S.A. (2100) ; ES ; ESPAÑA ; 12 ; MADRID             ; 28 ; Madrid ; 079 ; MADRID ; CL CRUZ DEL SUR 4 ; 28007 ; Operativas ; 
BP ; BANCOS ; 2100 ; CAIXABANK, S.A. (2100) ; ES ; ESPAÑA ; 12 ; MADRID             ; 28 ; Madrid ; 079 ; MADRID ; ZZ NARVAEZ, 29 S/N ; 28009 ; Operativas ; 
BP ; BANCOS ; 2100 ; CAIXABANK, S.A. (2100) ; ES ; ESPAÑA ; 12 ; MADRID             ; 28 ; Madrid ; 079 ; MADRID ; ZZ PEDRO LABORDE, 36 S/N ; 28038 ; Operativas ; 
BP ; BANCOS ; 2100 ; CAIXABANK, S.A. (2100) ; ES ; ESPAÑA ; 12 ; MADRID             ; 28 ; Madrid ; 079 ; MADRID ; ZZ CONGOSTO, 18 S/N ; 28031 ; Operativas ; 
BP ; BANCOS ; 2100 ; CAIXABANK, S.A. (2100) ; ES ; ESPAÑA ; 12 ; MADRID             ; 28 ; Madrid ; 079 ; MADRID ; CL AYALA 20 ; 28001 ; Operativas ; 
BP ; BANCOS ; 2100 ; CAIXABANK, S.A. (2100) ; ES ; ESPAÑA ; 12 ; MADRID             ; 28 ; Madrid ; 079 ; MADRID ; CL VELAZQUEZ 85 ; 28006 ; Operativas ; 
BP ; BANCOS ; 2100 ; CAIXABANK, S.A. (2100) ; ES ; ESPAÑA ; 12 ; MADRID             ; 28 ; Madrid ; 079 ; MADRID ; CL DOCTOR ESQUERDO 97 ; 28007 ; Operativas ; 
BP ; BANCOS ; 2100 ; CAIXABANK, S.A. (2100) ; ES ; ESPAÑA ; 12 ; MADRID             ; 28 ; Madrid ; 079 ; MADRID ; GL MONTE DE GOZO 4 ; 28050 ; Operativas ; 
BP ; BANCOS ; 2100 ; CAIXABANK, S.A. (2100) ; ES ; ESPAÑA ; 12 ; MADRID             ; 28 ; Madrid ; 079 ; MADRID ; CL PRINCIPE DE VERGARA 71 ; 28006 ; Operativas ; 
BP ; BANCOS ; 2100 ; CAIXABANK, S.A. (2100) ; ES ; ESPAÑA ; 12 ; MADRID             ; 28 ; Madrid ; 079 ; MADRID ; CL ALCALÁ 213 ; 28028 ; Operativas ; 
BP ; BANCOS ; 2100 ; CAIXABANK, S.A. (2100) ; ES ; ESPAÑA ; 12 ; MADRID             ; 28 ; Madrid ; 079 ; MADRID ; CL VIRGEN DE LOS PELIGROS 3 ; 28013 ; Operativas ; 
BP ; BANCOS ; 2100 ; CAIXABANK, S.A. (2100) ; ES ; ESPAÑA ; 12 ; MADRID             ; 28 ; Madrid ; 079 ; MADRID ; PS SANTA MARIA DE LA CABEZA 76 ; 28005 ; Operativas ; 
BP ; BANCOS ; 2100 ; CAIXABANK, S.A. (2100) ; ES ; ESPAÑA ; 12 ; MADRID             ; 28 ; Madrid ; 079 ; MADRID ; CL JUAN BRAVO 3 ; 28006 ; Operativas ; 
BP ; BANCOS ; 2100 ; CAIXABANK, S.A. (2100) ; ES ; ESPAÑA ; 12 ; MADRID             ; 28 ; Madrid ; 079 ; MADRID ; AV Juan Antonio Samaranch 80 ; 28055 ; Operativas ; 
BP ; BANCOS ; 2100 ; CAIXABANK, S.A. (2100) ; ES ; ESPAÑA ; 12 ; MADRID             ; 28 ; Madrid ; 079 ; MADRID ; AV FELIPE II 18 ; 28009 ; Operativas ; 
BP ; BANCOS ; 2100 ; CAIXABANK, S.A. (2100) ; ES ; ESPAÑA ; 12 ; MADRID             ; 28 ; Madrid ; 079 ; MADRID ; CL MAYOR 16 ; 28013 ; Operativas ; 
BP ; BANCOS ; 2100 ; CAIXABANK, S.A. (2100) ; ES ; ESPAÑA ; 12 ; MADRID             ; 28 ; Madrid ; 079 ; MADRID ; ZZ TOLEDO 54 ; 28005 ; Operativas ; 
BP ; BANCOS ; 2100 ; CAIXABANK, S.A. (2100) ; ES ; ESPAÑA ; 12 ; MADRID             ; 28 ; Madrid ; 079 ; MADRID ; PS SAN FRANCISCO DE SALES 10 ; 28003 ; Operativas ; 
BP ; BANCOS ; 2100 ; CAIXABANK, S.A. (2100) ; ES ; ESPAÑA ; 12 ; MADRID             ; 28 ; Madrid ; 079 ; MADRID ; AV REAL DE PINTO 20 ; 28021 ; Operativas ; 
BP ; BANCOS ; 2100 ; CAIXABANK, S.A. (2100) ; ES ; ESPAÑA ; 12 ; MADRID             ; 28 ; Madrid ; 079 ; MADRID ; CL PRINCESA 12 ; 28008 ; Operativas ; 
BP ; BANCOS ; 2100 ; CAIXABANK, S.A. (2100) ; ES ; ESPAÑA ; 12 ; MADRID             ; 28 ; Madrid ; 079 ; MADRID ; CL CARTAGENA 127 ; 28002 ; Operativas ; 
BP ; BANCOS ; 2100 ; CAIXABANK, S.A. (2100) ; ES ; ESPAÑA ; 12 ; MADRID             ; 28 ; Madrid ; 079 ; MADRID ; CL SERRANO 7 ; 28001 ; Operativas ; 
BP ; BANCOS ; 2100 ; CAIXABANK, S.A. (2100) ; ES ; ESPAÑA ; 12 ; MADRID             ; 28 ; Madrid ; 079 ; MADRID ; CL CARLOS MARTIN ALVAREZ 98 ; 28018 ; Operativas ; 
BP ; BANCOS ; 2100 ; CAIXABANK, S.A. (2100) ; ES ; ESPAÑA ; 12 ; MADRID             ; 28 ; Madrid ; 079 ; MADRID ; AV MORATALAZ 00141 ; 28030 ; Operativas ; 
BP ; BANCOS ; 2100 ; CAIXABANK, S.A. (2100) ; ES ; ESPAÑA ; 12 ; MADRID             ; 28 ; Madrid ; 079 ; MADRID ; CL ALCALÁ 391 ; 28027 ; Operativas ; 
BP ; BANCOS ; 2100 ; CAIXABANK, S.A. (2100) ; ES ; ESPAÑA ; 12 ; MADRID             ; 28 ; Madrid ; 079 ; MADRID ; CL BRAVO MURILLO 361 ; 28020 ; Operativas ; 
BP ; BANCOS ; 2100 ; CAIXABANK, S.A. (2100) ; ES ; ESPAÑA ; 12 ; MADRID             ; 28 ; Madrid ; 079 ; MADRID ; AV INSTITUCIÓN LIBRE DE LA ENSEÑANZA 18 ; 28037 ; Operativas ; 
BP ; BANCOS ; 2100 ; CAIXABANK, S.A. (2100) ; ES ; ESPAÑA ; 12 ; MADRID             ; 28 ; Madrid ; 079 ; MADRID ; CL ALBERTO AGUILERA 62 ; 28015 ; Operativas ; 
BP ; BANCOS ; 2100 ; CAIXABANK, S.A. (2100) ; ES ; ESPAÑA ; 12 ; MADRID             ; 28 ; Madrid ; 079 ; MADRID ; PS PASEO DE LA HABANA 82 ; 28036 ; Operativas ; 
BP ; BANCOS ; 2100 ; CAIXABANK, S.A. (2100) ; ES ; ESPAÑA ; 12 ; MADRID             ; 28 ; Madrid ; 079 ; MADRID ; CL SAN AGUSTIN 2 ; 28014 ; Operativas ; 
BP ; BANCOS ; 2100 ; CAIXABANK, S.A. (2100) ; ES ; ESPAÑA ; 12 ; MADRID             ; 28 ; Madrid ; 079 ; MADRID ; CL MIGUEL ANGEL 16 ; 28010 ; Operativas ; 
BP ; BANCOS ; 2100 ; CAIXABANK, S.A. (2100) ; ES ; ESPAÑA ; 12 ; MADRID             ; 28 ; Madrid ; 079 ; MADRID ; AV ALBUFERA 119 ; 28038 ; Operativas ; 
BP ; BANCOS ; 2100 ; CAIXABANK, S.A. (2100) ; ES ; ESPAÑA ; 12 ; MADRID             ; 28 ; Madrid ; 079 ; MADRID ; CL FERROCARRIL 42 ; 28045 ; Operativas ; 
BP ; BANCOS ; 2100 ; CAIXABANK, S.A. (2100) ; ES ; ESPAÑA ; 12 ; MADRID             ; 28 ; Madrid ; 079 ; MADRID ; PS DE LAS ACACIAS 19 ; 28005 ; Operativas ; 
BP ; BANCOS ; 2100 ; CAIXABANK, S.A. (2100) ; ES ; ESPAÑA ; 12 ; MADRID             ; 28 ; Madrid ; 079 ; MADRID ; CL GUAREÑA 9 ; 28044 ; Operativas ; 
BP ; BANCOS ; 2100 ; CAIXABANK, S.A. (2100) ; ES ; ESPAÑA ; 12 ; MADRID             ; 28 ; Madrid ; 079 ; MADRID ; CL ERASO 21 ; 28028 ; Operativas ; 
BP ; BANCOS ; 2100 ; CAIXABANK, S.A. (2100) ; ES ; ESPAÑA ; 12 ; MADRID             ; 28 ; Madrid ; 079 ; MADRID ; CL GAVIA SECA 14 ; 28031 ; Operativas ; 
BP ; BANCOS ; 2100 ; CAIXABANK, S.A. (2100) ; ES ; ESPAÑA ; 12 ; MADRID             ; 28 ; Madrid ; 079 ; MADRID ; CL Hermanos Garcia Noblejas 5 ; 28037 ; Operativas ; 
BP ; BANCOS ; 2100 ; CAIXABANK, S.A. (2100) ; ES ; ESPAÑA ; 12 ; MADRID             ; 28 ; Madrid ; 079 ; MADRID ; CL POTOSI 7 ; 28016 ; Operativas ; 
BP ; BANCOS ; 2100 ; CAIXABANK, S.A. (2100) ; ES ; ESPAÑA ; 12 ; MADRID             ; 28 ; Madrid ; 079 ; MADRID ; CL DOCTOR ESQUERDO 185 ; 28007 ; Operativas ; 
BP ; BANCOS ; 2100 ; CAIXABANK, S.A. (2100) ; ES ; ESPAÑA ; 12 ; MADRID             ; 28 ; Madrid ; 079 ; MADRID ; CL OCA 23 ; 28025 ; Operativas ; 
BP ; BANCOS ; 2100 ; CAIXABANK, S.A. (2100) ; ES ; ESPAÑA ; 12 ; MADRID             ; 28 ; Madrid ; 079 ; MADRID ; CL ILLESCAS 18 ; 28024 ; Operativas ; 
BP ; BANCOS ; 2100 ; CAIXABANK, S.A. (2100) ; ES ; ESPAÑA ; 12 ; MADRID             ; 28 ; Madrid ; 079 ; MADRID ; AV ALBUFERA 51 ; 28038 ; Operativas ; 
BP ; BANCOS ; 2100 ; CAIXABANK, S.A. (2100) ; ES ; ESPAÑA ; 12 ; MADRID             ; 28 ; Madrid ; 079 ; MADRID ; CL FRANCOS RODRÍGUEZ 88 ; 28039 ; Operativas ; 
BP ; BANCOS ; 2100 ; CAIXABANK, S.A. (2100) ; ES ; ESPAÑA ; 12 ; MADRID             ; 28 ; Madrid ; 079 ; MADRID ; PS EXTREMADURA 23 ; 28011 ; Operativas ; 
BP ; BANCOS ; 2100 ; CAIXABANK, S.A. (2100) ; ES ; ESPAÑA ; 12 ; MADRID             ; 28 ; Madrid ; 079 ; MADRID ; CL ARTURO SORIA 179 ; 28043 ; Operativas ; 
BP ; BANCOS ; 2100 ; CAIXABANK, S.A. (2100) ; ES ; ESPAÑA ; 12 ; MADRID             ; 28 ; Madrid ; 079 ; MADRID ; PS DE LA CASTELLANA 175 ; 28046 ; Operativas ; 
BP ; BANCOS ; 2100 ; CAIXABANK, S.A. (2100) ; ES ; ESPAÑA ; 12 ; MADRID             ; 28 ; Madrid ; 079 ; MADRID ; CL CEA BERMUDEZ 56 ; 28003 ; Operativas ; 
BP ; BANCOS ; 2100 ; CAIXABANK, S.A. (2100) ; ES ; ESPAÑA ; 12 ; MADRID             ; 28 ; Madrid ; 079 ; MADRID ; CL MARCELIANO SANTA MARIA 2 ; 28036 ; Operativas ; 
BP ; BANCOS ; 2100 ; CAIXABANK, S.A. (2100) ; ES ; ESPAÑA ; 12 ; MADRID             ; 28 ; Madrid ; 079 ; MADRID ; ZZ AEROPUERTO BARAJAS TERMINAL 2 ; 28042 ; Operativas ; 
BP ; BANCOS ; 2100 ; CAIXABANK, S.A. (2100) ; ES ; ESPAÑA ; 12 ; MADRID             ; 28 ; Madrid ; 079 ; MADRID ; CL ALCALÁ 27 ; 28014 ; Operativas ; 
BP ; BANCOS ; 2100 ; CAIXABANK, S.A. (2100) ; ES ; ESPAÑA ; 12 ; MADRID             ; 28 ; Madrid ; 079 ; MADRID ; PS EXTREMADURA 164 ; 28011 ; Operativas ; 
BP ; BANCOS ; 2100 ; CAIXABANK, S.A. (2100) ; ES ; ESPAÑA ; 12 ; MADRID             ; 28 ; Madrid ; 079 ; MADRID ; CL EUGENIA DE MONTIJO 87 ; 28044 ; Operativas ; 
BP ; BANCOS ; 2100 ; CAIXABANK, S.A. (2100) ; ES ; ESPAÑA ; 12 ; MADRID             ; 28 ; Madrid ; 079 ; MADRID ; AV PALOMERAS 92 ; 28018 ; Operativas ; 
BP ; BANCOS ; 2100 ; CAIXABANK, S.A. (2100) ; ES ; ESPAÑA ; 12 ; MADRID             ; 28 ; Madrid ; 079 ; MADRID ; CL MANUEL ALONSO 1 ; 28048 ; Operativas ; 
BP ; BANCOS ; 2100 ; CAIXABANK, S.A. (2100) ; ES ; ESPAÑA ; 12 ; MADRID             ; 28 ; Madrid ; 079 ; MADRID ; AV DE AMERICA, 24 S/N ; 28028 ; Operativas ; 
BP ; BANCOS ; 2100 ; CAIXABANK, S.A. (2100) ; ES ; ESPAÑA ; 12 ; MADRID             ; 28 ; Madrid ; 079 ; MADRID ; CL ARAMA 2 ; 28041 ; Operativas ; 
BP ; BANCOS ; 2100 ; CAIXABANK, S.A. (2100) ; ES ; ESPAÑA ; 12 ; MADRID             ; 28 ; Madrid ; 079 ; MADRID ; GL MARQUES DE VADILLO 8 ; 28019 ; Operativas ; 
BP ; BANCOS ; 2100 ; CAIXABANK, S.A. (2100) ; ES ; ESPAÑA ; 12 ; MADRID             ; 28 ; Madrid ; 079 ; MADRID ; CL CARLOS MARTIN ALVAREZ 21 ; 28018 ; Operativas ; 
BP ; BANCOS ; 2100 ; CAIXABANK, S.A. (2100) ; ES ; ESPAÑA ; 12 ; MADRID             ; 28 ; Madrid ; 079 ; MADRID ; CR DE CANILLAS 49 ; 28043 ; Operativas ; 
BP ; BANCOS ; 2100 ; CAIXABANK, S.A. (2100) ; ES ; ESPAÑA ; 12 ; MADRID             ; 28 ; Madrid ; 079 ; MADRID ; CL ALCALA 455 ; 28027 ; Operativas ; 
BP ; BANCOS ; 2100 ; CAIXABANK, S.A. (2100) ; ES ; ESPAÑA ; 12 ; MADRID             ; 28 ; Madrid ; 079 ; MADRID ; CL ALCALA 581 ; 28022 ; Operativas ; 
BP ; BANCOS ; 2100 ; CAIXABANK, S.A. (2100) ; ES ; ESPAÑA ; 12 ; MADRID             ; 28 ; Madrid ; 079 ; MADRID ; CL TOLEDO 134 ; 28005 ; Operativas ; 
BP ; BANCOS ; 2100 ; CAIXABANK, S.A. (2100) ; ES ; ESPAÑA ; 12 ; MADRID             ; 28 ; Madrid ; 079 ; MADRID ; CL RIOJA 13 ; 28042 ; Operativas ; 
BP ; BANCOS ; 2100 ; CAIXABANK, S.A. (2100) ; ES ; ESPAÑA ; 12 ; MADRID             ; 28 ; Madrid ; 079 ; MADRID ; CL GOYA 40 ; 28001 ; Operativas ; 
BP ; BANCOS ; 2100 ; CAIXABANK, S.A. (2100) ; ES ; ESPAÑA ; 12 ; MADRID             ; 28 ; Madrid ; 079 ; MADRID ; CM GANAPANES 33 ; 28035 ; Operativas ; 
BP ; BANCOS ; 2100 ; CAIXABANK, S.A. (2100) ; ES ; ESPAÑA ; 12 ; MADRID             ; 28 ; Madrid ; 079 ; MADRID ; CL LAGUNA 85 ; 28025 ; Operativas ; 
BP ; BANCOS ; 2100 ; CAIXABANK, S.A. (2100) ; ES ; ESPAÑA ; 12 ; MADRID             ; 28 ; Madrid ; 079 ; MADRID ; CL SANTA MARIA REINA 8 ; 28041 ; Operativas ; 
BP ; BANCOS ; 2100 ; CAIXABANK, S.A. (2100) ; ES ; ESPAÑA ; 12 ; MADRID             ; 28 ; Madrid ; 079 ; MADRID ; ZZ CENTRO COMERCIAL MADRID 2. LOCAL A-96. S/N ; 28029 ; Operativas ; 
BP ; BANCOS ; 2100 ; CAIXABANK, S.A. (2100) ; ES ; ESPAÑA ; 12 ; MADRID             ; 28 ; Madrid ; 079 ; MADRID ; CL SOR ANGELA DE LA CRUZ 17 ; 28020 ; Operativas ; 
BP ; BANCOS ; 2100 ; CAIXABANK, S.A. (2100) ; ES ; ESPAÑA ; 12 ; MADRID             ; 28 ; Madrid ; 079 ; MADRID ; CL GRAN AVENIDA 11 ; 28041 ; Operativas ; 
BP ; BANCOS ; 2100 ; CAIXABANK, S.A. (2100) ; ES ; ESPAÑA ; 12 ; MADRID             ; 28 ; Madrid ; 079 ; MADRID ; CL JUAN DUQUE 22 ; 28005 ; Operativas ; 
BP ; BANCOS ; 2100 ; CAIXABANK, S.A. (2100) ; ES ; ESPAÑA ; 12 ; MADRID             ; 28 ; Madrid ; 079 ; MADRID ; CL SAN BERNARDO 107 ; 28015 ; Operativas ; 
BP ; BANCOS ; 2100 ; CAIXABANK, S.A. (2100) ; ES ; ESPAÑA ; 12 ; MADRID             ; 28 ; Madrid ; 079 ; MADRID ; PZ VIRGEN DEL ROMERO 5 ; 28027 ; Operativas ; 
BP ; BANCOS ; 2100 ; CAIXABANK, S.A. (2100) ; ES ; ESPAÑA ; 12 ; MADRID             ; 28 ; Madrid ; 079 ; MADRID ; PS ALBERTO PALACIOS 3 ; 28021 ; Operativas ; 
BP ; BANCOS ; 2100 ; CAIXABANK, S.A. (2100) ; ES ; ESPAÑA ; 12 ; MADRID             ; 28 ; Madrid ; 079 ; MADRID ; CL ORENSE 20 ; 28020 ; Operativas ; 
BP ; BANCOS ; 2100 ; CAIXABANK, S.A. (2100) ; ES ; ESPAÑA ; 12 ; MADRID             ; 28 ; Madrid ; 079 ; MADRID ; CL NUESTRA SEÑORA DE LOS DOLORES 29 ; 28039 ; Operativas ; 
BP ; BANCOS ; 2100 ; CAIXABANK, S.A. (2100) ; ES ; ESPAÑA ; 12 ; MADRID             ; 28 ; Madrid ; 079 ; MADRID ; CL HUMANES 1 ; 28038 ; Operativas ; 
BP ; BANCOS ; 2100 ; CAIXABANK, S.A. (2100) ; ES ; ESPAÑA ; 12 ; MADRID             ; 28 ; Madrid ; 079 ; MADRID ; CL OÑA 121 ; 28050 ; Operativas ; 
BP ; BANCOS ; 2100 ; CAIXABANK, S.A. (2100) ; ES ; ESPAÑA ; 12 ; MADRID             ; 28 ; Madrid ; 079 ; MADRID ; CM VINATEROS 42 ; 28030 ; Operativas ; 
BP ; BANCOS ; 2100 ; CAIXABANK, S.A. (2100) ; ES ; ESPAÑA ; 12 ; MADRID             ; 28 ; Madrid ; 079 ; MADRID ; AV GINZO DE LIMIA 25 ; 28029 ; Operativas ; 
BP ; BANCOS ; 2100 ; CAIXABANK, S.A. (2100) ; ES ; ESPAÑA ; 12 ; MADRID             ; 28 ; Madrid ; 079 ; MADRID ; CL TACONA 87 ; 28030 ; Operativas ; 
BP ; BANCOS ; 2100 ; CAIXABANK, S.A. (2100) ; ES ; ESPAÑA ; 12 ; MADRID             ; 28 ; Madrid ; 079 ; MADRID ; CL LOPEZ DE HOYOS 68 ; 28002 ; Operativas ; 
BP ; BANCOS ; 2100 ; CAIXABANK, S.A. (2100) ; ES ; ESPAÑA ; 12 ; MADRID             ; 28 ; Madrid ; 079 ; MADRID ; CL ETRURIA 35 ; 28022 ; Operativas ; 
BP ; BANCOS ; 2100 ; CAIXABANK, S.A. (2100) ; ES ; ESPAÑA ; 12 ; MADRID             ; 28 ; Madrid ; 079 ; MADRID ; CL AÑASTRO 25 ; 28033 ; Operativas ; 
BP ; BANCOS ; 2100 ; CAIXABANK, S.A. (2100) ; ES ; ESPAÑA ; 12 ; MADRID             ; 28 ; Madrid ; 079 ; MADRID ; CR DE CANILLAS 134 ; 28043 ; Operativas ; 
BP ; BANCOS ; 2100 ; CAIXABANK, S.A. (2100) ; ES ; ESPAÑA ; 12 ; MADRID             ; 28 ; Madrid ; 079 ; MADRID ; AV MEDITERRANEO 30 ; 28007 ; Operativas ; 
BP ; BANCOS ; 2100 ; CAIXABANK, S.A. (2100) ; ES ; ESPAÑA ; 12 ; MADRID             ; 28 ; Madrid ; 079 ; MADRID ; CL Alcala 133 ; 28009 ; Operativas ; 
BP ; BANCOS ; 2100 ; CAIXABANK, S.A. (2100) ; ES ; ESPAÑA ; 12 ; MADRID             ; 28 ; Madrid ; 079 ; MADRID ; CL ISLAS CIES 15 ; 28035 ; Operativas ; 
BP ; BANCOS ; 2100 ; CAIXABANK, S.A. (2100) ; ES ; ESPAÑA ; 12 ; MADRID             ; 28 ; Madrid ; 079 ; MADRID ; CL MARQUÉS DE ZAFRA 29 ; 28028 ; Operativas ; 
BP ; BANCOS ; 2100 ; CAIXABANK, S.A. (2100) ; ES ; ESPAÑA ; 12 ; MADRID             ; 28 ; Madrid ; 079 ; MADRID ; CL ESTEBAN COLLANTES 13 ; 28017 ; Operativas ; 
BP ; BANCOS ; 2100 ; CAIXABANK, S.A. (2100) ; ES ; ESPAÑA ; 12 ; MADRID             ; 28 ; Madrid ; 079 ; MADRID ; CL HUERTA CASTAÑEDA 42 ; 28011 ; Operativas ; 
BP ; BANCOS ; 2100 ; CAIXABANK, S.A. (2100) ; ES ; ESPAÑA ; 12 ; MADRID             ; 28 ; Madrid ; 079 ; MADRID ; AV VERBENA DE LA PALOMA 00012 ; 28041 ; Operativas ; 
BP ; BANCOS ; 2100 ; CAIXABANK, S.A. (2100) ; ES ; ESPAÑA ; 12 ; MADRID             ; 28 ; Madrid ; 079 ; MADRID ; PS ACACIAS 24 ; 28005 ; Operativas ; 
BP ; BANCOS ; 2100 ; CAIXABANK, S.A. (2100) ; ES ; ESPAÑA ; 12 ; MADRID             ; 28 ; Madrid ; 079 ; MADRID ; CL Fernan González 58 ; 28009 ; Operativas ; 
BP ; BANCOS ; 2100 ; CAIXABANK, S.A. (2100) ; ES ; ESPAÑA ; 12 ; MADRID             ; 28 ; Madrid ; 079 ; MADRID ; CL DIEGO DE LEON 21 ; 28006 ; Operativas ; 
BP ; BANCOS ; 2100 ; CAIXABANK, S.A. (2100) ; ES ; ESPAÑA ; 12 ; MADRID             ; 28 ; Madrid ; 079 ; MADRID ; AV DE LA ALBUFERA 72 ; 28038 ; Operativas ; 
BP ; BANCOS ; 2100 ; CAIXABANK, S.A. (2100) ; ES ; ESPAÑA ; 12 ; MADRID             ; 28 ; Madrid ; 079 ; MADRID ; CL DOLORES BARRANCO 57 ; 28026 ; Operativas ; 
BP ; BANCOS ; 2100 ; CAIXABANK, S.A. (2100) ; ES ; ESPAÑA ; 12 ; MADRID             ; 28 ; Madrid ; 079 ; MADRID ; CL GENOVA 17 ; 28046 ; Operativas ; 
BP ; BANCOS ; 2100 ; CAIXABANK, S.A. (2100) ; ES ; ESPAÑA ; 12 ; MADRID             ; 28 ; Madrid ; 079 ; MADRID ; CL ILLESCAS 100 ; 28047 ; Operativas ; 
BP ; BANCOS ; 2100 ; CAIXABANK, S.A. (2100) ; ES ; ESPAÑA ; 12 ; MADRID             ; 28 ; Madrid ; 079 ; MADRID ; CM VIEJO DE LEGANES 151 ; 28025 ; Operativas ; 
BP ; BANCOS ; 2100 ; CAIXABANK, S.A. (2100) ; ES ; ESPAÑA ; 12 ; MADRID             ; 28 ; Madrid ; 079 ; MADRID ; AV DE BADAJOZ 9 ; 28027 ; Operativas ; 
BP ; BANCOS ; 2100 ; CAIXABANK, S.A. (2100) ; ES ; ESPAÑA ; 12 ; MADRID             ; 28 ; Madrid ; 079 ; MADRID ; CL JOSE ORTEGA Y GASSET 57 ; 28006 ; Operativas ; 
BP ; BANCOS ; 2100 ; CAIXABANK, S.A. (2100) ; ES ; ESPAÑA ; 12 ; MADRID             ; 28 ; Madrid ; 079 ; MADRID ; CL DONOSO CORTES 80 ; 28015 ; Operativas ; 
BP ; BANCOS ; 2100 ; CAIXABANK, S.A. (2100) ; ES ; ESPAÑA ; 12 ; MADRID             ; 28 ; Madrid ; 079 ; MADRID ; CL Marcelo Usera 52 ; 28026 ; Operativas ; 
BP ; BANCOS ; 2100 ; CAIXABANK, S.A. (2100) ; ES ; ESPAÑA ; 12 ; MADRID             ; 28 ; Madrid ; 079 ; MADRID ; CL BOLTAÑA 20 ; 28022 ; Operativas ; 
BP ; BANCOS ; 2100 ; CAIXABANK, S.A. (2100) ; ES ; ESPAÑA ; 12 ; MADRID             ; 28 ; Madrid ; 079 ; MADRID ; CL PEDROÑERAS 14 ; 28043 ; Operativas ; 
BP ; BANCOS ; 2100 ; CAIXABANK, S.A. (2100) ; ES ; ESPAÑA ; 12 ; MADRID             ; 28 ; Madrid ; 079 ; MADRID ; AV DE LA ALBUFERA 250 ; 28038 ; Operativas ; 
BP ; BANCOS ; 2100 ; CAIXABANK, S.A. (2100) ; ES ; ESPAÑA ; 12 ; MADRID             ; 28 ; Madrid ; 079 ; MADRID ; AV VALDEBERNARDO 20 ; 28030 ; Operativas ; 
BP ; BANCOS ; 2100 ; CAIXABANK, S.A. (2100) ; ES ; ESPAÑA ; 12 ; MADRID             ; 28 ; Madrid ; 079 ; MADRID ; CL VILLALMANZO 15 ; 28032 ; Operativas ; 
BP ; BANCOS ; 2100 ; CAIXABANK, S.A. (2100) ; ES ; ESPAÑA ; 12 ; MADRID             ; 28 ; Madrid ; 079 ; MADRID ; AV CIUDAD DE BARCELONA 136 ; 28007 ; Operativas ; 
BP ; BANCOS ; 2100 ; CAIXABANK, S.A. (2100) ; ES ; ESPAÑA ; 12 ; MADRID             ; 28 ; Madrid ; 079 ; MADRID ; ZZ SANGENJO 13 S/N ; 28034 ; Operativas ; 
BP ; BANCOS ; 2100 ; CAIXABANK, S.A. (2100) ; ES ; ESPAÑA ; 12 ; MADRID             ; 28 ; Madrid ; 079 ; MADRID ; CL CORAZON DE MARIA 35 ; 28002 ; Operativas ; 
BP ; BANCOS ; 2100 ; CAIXABANK, S.A. (2100) ; ES ; ESPAÑA ; 12 ; MADRID             ; 28 ; Madrid ; 079 ; MADRID ; CL SIERRA TOLEDANA 38 ; 28038 ; Operativas ; 
BP ; BANCOS ; 2100 ; CAIXABANK, S.A. (2100) ; ES ; ESPAÑA ; 12 ; MADRID             ; 28 ; Madrid ; 079 ; MADRID ; CL CHAPINERIA 2 ; 28035 ; Operativas ; 
BP ; BANCOS ; 2100 ; CAIXABANK, S.A. (2100) ; ES ; ESPAÑA ; 12 ; MADRID             ; 28 ; Madrid ; 079 ; MADRID ; PS DE LA CASTELLANA 95 ; 28046 ; Operativas ; 
BP ; BANCOS ; 2100 ; CAIXABANK, S.A. (2100) ; ES ; ESPAÑA ; 12 ; MADRID             ; 28 ; Madrid ; 079 ; MADRID ; CL NURIA 55 ; 28034 ; Operativas ; 
BP ; BANCOS ; 2100 ; CAIXABANK, S.A. (2100) ; ES ; ESPAÑA ; 12 ; MADRID             ; 28 ; Madrid ; 079 ; MADRID ; CL ALFREDO MARQUERIE 23 ; 28034 ; Operativas ; 
BP ; BANCOS ; 2100 ; CAIXABANK, S.A. (2100) ; ES ; ESPAÑA ; 12 ; MADRID             ; 28 ; Madrid ; 079 ; MADRID ; CL DEPOSITO DEL AGUA 2 ; 28053 ; Operativas ; 
BP ; BANCOS ; 2100 ; CAIXABANK, S.A. (2100) ; ES ; ESPAÑA ; 12 ; MADRID             ; 28 ; Madrid ; 079 ; MADRID ; CL JULIO PALACIOS 2 ; 28029 ; Operativas ; 
BP ; BANCOS ; 2100 ; CAIXABANK, S.A. (2100) ; ES ; ESPAÑA ; 12 ; MADRID             ; 28 ; Madrid ; 079 ; MADRID ; CL AEROPUERTO DE BARAJAS S/N ; 28042 ; Operativas ; 
BP ; BANCOS ; 2100 ; CAIXABANK, S.A. (2100) ; ES ; ESPAÑA ; 12 ; MADRID             ; 28 ; Madrid ; 079 ; MADRID ; CL SIERRA CONTRAVIESA 13 ; 28053 ; Operativas ; 
BP ; BANCOS ; 2100 ; CAIXABANK, S.A. (2100) ; ES ; ESPAÑA ; 12 ; MADRID             ; 28 ; Madrid ; 079 ; MADRID ; CL LOS ANDALUCES 18 ; 28038 ; Operativas ; 
BP ; BANCOS ; 2100 ; CAIXABANK, S.A. (2100) ; ES ; ESPAÑA ; 12 ; MADRID             ; 28 ; Madrid ; 079 ; MADRID ; AV MARIA TERESA SAENZ HEREDIA 44 ; 28017 ; Operativas ; 
BP ; BANCOS ; 2100 ; CAIXABANK, S.A. (2100) ; ES ; ESPAÑA ; 12 ; MADRID             ; 28 ; Madrid ; 079 ; MADRID ; CL LONGARES 26 ; 28022 ; Operativas ; 
BP ; BANCOS ; 2100 ; CAIXABANK, S.A. (2100) ; ES ; ESPAÑA ; 12 ; MADRID             ; 28 ; Madrid ; 079 ; MADRID ; CL ALMANSA 73 ; 28040 ; Operativas ; 
BP ; BANCOS ; 2100 ; CAIXABANK, S.A. (2100) ; ES ; ESPAÑA ; 12 ; MADRID             ; 28 ; Madrid ; 079 ; MADRID ; CL BRAVO MURILLO 344 ; 28020 ; Operativas ; 
BP ; BANCOS ; 2100 ; CAIXABANK, S.A. (2100) ; ES ; ESPAÑA ; 12 ; MADRID             ; 28 ; Madrid ; 079 ; MADRID ; AV BETANZOS 61 ; 28029 ; Operativas ; 
BP ; BANCOS ; 2100 ; CAIXABANK, S.A. (2100) ; ES ; ESPAÑA ; 12 ; MADRID             ; 28 ; Madrid ; 079 ; MADRID ; CL ILLESCAS 90 ; 28047 ; Operativas ; 
BP ; BANCOS ; 2100 ; CAIXABANK, S.A. (2100) ; ES ; ESPAÑA ; 12 ; MADRID             ; 28 ; Madrid ; 079 ; MADRID ; CL FEDERICO GRASES 27 ; 28025 ; Operativas ; 
BP ; BANCOS ; 2100 ; CAIXABANK, S.A. (2100) ; ES ; ESPAÑA ; 12 ; MADRID             ; 28 ; Madrid ; 079 ; MADRID ; AV NTRA. SRA. DE FÁTIMA 34 ; 28047 ; Operativas ; 
BP ; BANCOS ; 2100 ; CAIXABANK, S.A. (2100) ; ES ; ESPAÑA ; 12 ; MADRID             ; 28 ; Madrid ; 079 ; MADRID ; CL DE LA VIA 23 ; 28019 ; Operativas ; 
BP ; BANCOS ; 2100 ; CAIXABANK, S.A. (2100) ; ES ; ESPAÑA ; 12 ; MADRID             ; 28 ; Madrid ; 079 ; MADRID ; ZZ AVDA. DOCTOR ARCE, 32 S/N ; 28002 ; Operativas ; 
BP ; BANCOS ; 2100 ; CAIXABANK, S.A. (2100) ; ES ; ESPAÑA ; 12 ; MADRID             ; 28 ; Madrid ; 079 ; MADRID ; AV DE PIO XII, 61 S/N ; 28016 ; Operativas ; 
BP ; BANCOS ; 2100 ; CAIXABANK, S.A. (2100) ; ES ; ESPAÑA ; 12 ; MADRID             ; 28 ; Madrid ; 079 ; MADRID ; CL TORRECILLA DEL PUERTO 3 ; 28043 ; Operativas ; 
BP ; BANCOS ; 2100 ; CAIXABANK, S.A. (2100) ; ES ; ESPAÑA ; 12 ; MADRID             ; 28 ; Madrid ; 079 ; MADRID ; CL GOLONDRINA 29 ; 28023 ; Operativas ; 
BP ; BANCOS ; 2100 ; CAIXABANK, S.A. (2100) ; ES ; ESPAÑA ; 12 ; MADRID             ; 28 ; Madrid ; 079 ; MADRID ; CL DOCTOR ESQUERDO 160 ; 28007 ; Operativas ; 
BP ; BANCOS ; 2100 ; CAIXABANK, S.A. (2100) ; ES ; ESPAÑA ; 12 ; MADRID             ; 28 ; Madrid ; 079 ; MADRID ; AV ALBERTO ALCOCER 1 ; 28036 ; Operativas ; 
BP ; BANCOS ; 2100 ; CAIXABANK, S.A. (2100) ; ES ; ESPAÑA ; 12 ; MADRID             ; 28 ; Madrid ; 079 ; MADRID ; PS DE LAS DELICIAS 18 ; 28045 ; Operativas ; 
BP ; BANCOS ; 2100 ; CAIXABANK, S.A. (2100) ; ES ; ESPAÑA ; 12 ; MADRID             ; 28 ; Madrid ; 079 ; MADRID ; AV ALBERTO ALCOCER 50 ; 28016 ; Operativas ; 
BP ; BANCOS ; 2100 ; CAIXABANK, S.A. (2100) ; ES ; ESPAÑA ; 12 ; MADRID             ; 28 ; Madrid ; 079 ; MADRID ; CL VELAZQUEZ 68 ; 28001 ; Operativas ; 
BP ; BANCOS ; 2100 ; CAIXABANK, S.A. (2100) ; ES ; ESPAÑA ; 12 ; MADRID             ; 28 ; Madrid ; 079 ; MADRID ; AV PABLO NERUDA 132 ; 28018 ; Operativas ; 
BP ; BANCOS ; 2100 ; CAIXABANK, S.A. (2100) ; ES ; ESPAÑA ; 12 ; MADRID             ; 28 ; Madrid ; 079 ; MADRID ; CL ALCALA 267 ; 28027 ; Operativas ; 
BP ; BANCOS ; 2100 ; CAIXABANK, S.A. (2100) ; ES ; ESPAÑA ; 12 ; MADRID             ; 28 ; Madrid ; 079 ; MADRID ; ZZ ARGENTA, 1 -ESQ.A ARCOS DEL JALON,60 BIS S/N ; 28037 ; Operativas ; 
BP ; BANCOS ; 2100 ; CAIXABANK, S.A. (2100) ; ES ; ESPAÑA ; 12 ; MADRID             ; 28 ; Madrid ; 079 ; MADRID ; ZZ GRAN VIA DE HORTALEZA, 43 S/N ; 28043 ; Operativas ; 
BP ; BANCOS ; 2100 ; CAIXABANK, S.A. (2100) ; ES ; ESPAÑA ; 12 ; MADRID             ; 28 ; Madrid ; 079 ; MADRID ; CL CERRO MINGUETE 14 ; 28035 ; Operativas ; 
BP ; BANCOS ; 2100 ; CAIXABANK, S.A. (2100) ; ES ; ESPAÑA ; 12 ; MADRID             ; 28 ; Madrid ; 079 ; MADRID ; PS GINEBRA 5 ; 28022 ; Operativas ; 
BP ; BANCOS ; 2100 ; CAIXABANK, S.A. (2100) ; ES ; ESPAÑA ; 12 ; MADRID             ; 28 ; Madrid ; 079 ; MADRID ; CL JOSÉ PRAT 19 ; 28032 ; Operativas ; 
BP ; BANCOS ; 2100 ; CAIXABANK, S.A. (2100) ; ES ; ESPAÑA ; 12 ; MADRID             ; 28 ; Madrid ; 079 ; MADRID ; AV LAGUNA DE CAMEROS 21 ; 28021 ; Operativas ; 
BP ; BANCOS ; 2100 ; CAIXABANK, S.A. (2100) ; ES ; ESPAÑA ; 12 ; MADRID             ; 28 ; Madrid ; 079 ; MADRID ; PS DE LA CASTELLANA, 189 S/N ; 28046 ; Operativas ; 
BP ; BANCOS ; 2100 ; CAIXABANK, S.A. (2100) ; ES ; ESPAÑA ; 12 ; MADRID             ; 28 ; Madrid ; 079 ; MADRID ; ZZ JUAN DE MARIANA, 28 S/N ; 28045 ; Operativas ; 
BP ; BANCOS ; 2100 ; CAIXABANK, S.A. (2100) ; ES ; ESPAÑA ; 12 ; MADRID             ; 28 ; Madrid ; 079 ; MADRID ; CL MARCELO USERA 37 ; 28026 ; Operativas ; 
BP ; BANCOS ; 2100 ; CAIXABANK, S.A. (2100) ; ES ; ESPAÑA ; 12 ; MADRID             ; 28 ; Madrid ; 079 ; MADRID ; PS DEL PRADO 22 ; 28014 ; Operativas ; 
BP ; BANCOS ; 2100 ; CAIXABANK, S.A. (2100) ; ES ; ESPAÑA ; 12 ; MADRID             ; 28 ; Madrid ; 079 ; MADRID ; CL EMILIO MUÑOZ 43 ; 28037 ; Operativas ; 
BP ; BANCOS ; 2100 ; CAIXABANK, S.A. (2100) ; ES ; ESPAÑA ; 12 ; MADRID             ; 28 ; Madrid ; 079 ; MADRID ; CL GENERAL RICARDOS 115 ; 28019 ; Operativas ; 
BP ; BANCOS ; 2100 ; CAIXABANK, S.A. (2100) ; ES ; ESPAÑA ; 12 ; MADRID             ; 28 ; Madrid ; 079 ; MADRID ; ZZ C. CASTRILLO DE AZA 00024 ; 28031 ; Operativas ; 
BP ; BANCOS ; 2100 ; CAIXABANK, S.A. (2100) ; ES ; ESPAÑA ; 12 ; MADRID             ; 28 ; Madrid ; 079 ; MADRID ; CL MARCELO USERA 146 ; 28026 ; Operativas ; 
BP ; BANCOS ; 2100 ; CAIXABANK, S.A. (2100) ; ES ; ESPAÑA ; 12 ; MADRID             ; 28 ; Madrid ; 079 ; MADRID ; CL POETA JOAN MARAGALL 44 ; 28020 ; Operativas ; 
BP ; BANCOS ; 2100 ; CAIXABANK, S.A. (2100) ; ES ; ESPAÑA ; 12 ; MADRID             ; 28 ; Madrid ; 079 ; MADRID ; ZZ C. BRAVO MURILLO 244 ; 28020 ; Operativas ; 
BP ; BANCOS ; 2100 ; CAIXABANK, S.A. (2100) ; ES ; ESPAÑA ; 12 ; MADRID             ; 28 ; Madrid ; 079 ; MADRID ; AV Del Doctor Garcia Tapia 161 ; 28030 ; Operativas ; 
BP ; BANCOS ; 2100 ; CAIXABANK, S.A. (2100) ; ES ; ESPAÑA ; 12 ; MADRID             ; 28 ; Madrid ; 079 ; MADRID ; ZZ TAMPICO 00040 ; 28027 ; Operativas ; 
BP ; BANCOS ; 2100 ; CAIXABANK, S.A. (2100) ; ES ; ESPAÑA ; 12 ; MADRID             ; 28 ; Madrid ; 079 ; MADRID ; ZZ GUETARIA 00072 ; 28041 ; Operativas ; 
BP ; BANCOS ; 2100 ; CAIXABANK, S.A. (2100) ; ES ; ESPAÑA ; 12 ; MADRID             ; 28 ; Madrid ; 079 ; MADRID ; PZ COLON 1 ; 28001 ; Operativas ; 
BP ; BANCOS ; 2100 ; CAIXABANK, S.A. (2100) ; ES ; ESPAÑA ; 12 ; MADRID             ; 28 ; Madrid ; 079 ; MADRID ; CL GRAN VIA 62 ; 28013 ; Operativas ; 
BP ; BANCOS ; 2100 ; CAIXABANK, S.A. (2100) ; ES ; ESPAÑA ; 12 ; MADRID             ; 28 ; Madrid ; 079 ; MADRID ; CL Conde de Peñalver 6 ; 28006 ; Operativas ; 
BP ; BANCOS ; 2100 ; CAIXABANK, S.A. (2100) ; ES ; ESPAÑA ; 12 ; MADRID             ; 28 ; Madrid ; 079 ; MADRID ; CL GLORIETA DE QUEVEDO 3 ; 28015 ; Operativas ; 
BP ; BANCOS ; 2100 ; CAIXABANK, S.A. (2100) ; ES ; ESPAÑA ; 12 ; MADRID             ; 28 ; Madrid ; 079 ; MADRID ; CL GENERAL MARTÍNEZ CAMPOS 3 ; 28010 ; Operativas ; 
BP ; BANCOS ; 2100 ; CAIXABANK, S.A. (2100) ; ES ; ESPAÑA ; 12 ; MADRID             ; 28 ; Madrid ; 079 ; MADRID ; CL LUCHANA 23 ; 28010 ; Operativas ; 
BP ; BANCOS ; 2100 ; CAIXABANK, S.A. (2100) ; ES ; ESPAÑA ; 12 ; MADRID             ; 28 ; Madrid ; 079 ; MADRID ; CL MINERVA 101 ; 28032 ; Operativas ; 
BP ; BANCOS ; 2100 ; CAIXABANK, S.A. (2100) ; ES ; ESPAÑA ; 12 ; MADRID             ; 28 ; Madrid ; 079 ; MADRID ; ZZ AVDA. PESETA, 50 S/N ; 28044 ; Operativas ; 
BP ; BANCOS ; 2100 ; CAIXABANK, S.A. (2100) ; ES ; ESPAÑA ; 12 ; MADRID             ; 28 ; Madrid ; 079 ; MADRID ; CL BRAVO MURILLO 186 ; 28020 ; Operativas ; 
BP ; BANCOS ; 2100 ; CAIXABANK, S.A. (2100) ; ES ; ESPAÑA ; 12 ; MADRID             ; 28 ; Madrid ; 079 ; MADRID ; ZZ VALENCIA 25 S/N ; 28012 ; Operativas ; 
BP ; BANCOS ; 2100 ; CAIXABANK, S.A. (2100) ; ES ; ESPAÑA ; 12 ; MADRID             ; 28 ; Madrid ; 079 ; MADRID ; CL CAVA BAJA 1 ; 28005 ; Operativas ; 
BP ; BANCOS ; 2100 ; CAIXABANK, S.A. (2100) ; ES ; ESPAÑA ; 12 ; MADRID             ; 28 ; Madrid ; 079 ; MADRID ; CL VINAROZ 1 ; 28002 ; Operativas ; 
BP ; BANCOS ; 2100 ; CAIXABANK, S.A. (2100) ; ES ; ESPAÑA ; 12 ; MADRID             ; 28 ; Madrid ; 079 ; MADRID ; PS REINA CRISTINA 36 ; 28014 ; Operativas ; 
BP ; BANCOS ; 2100 ; CAIXABANK, S.A. (2100) ; ES ; ESPAÑA ; 12 ; MADRID             ; 28 ; Madrid ; 079 ; MADRID ; PS MARCELINO CAMACHO 26 ; 28025 ; Operativas ; 
BP ; BANCOS ; 2100 ; CAIXABANK, S.A. (2100) ; ES ; ESPAÑA ; 12 ; MADRID             ; 28 ; Madrid ; 079 ; MADRID ; ZZ ISLAS JARVI, 2 S/N ; 28034 ; Operativas ; 
BP ; BANCOS ; 2100 ; CAIXABANK, S.A. (2100) ; ES ; ESPAÑA ; 12 ; MADRID             ; 28 ; Madrid ; 079 ; MADRID ; CL GENERAL RICARDOS 130 ; 28019 ; Operativas ; 
BP ; BANCOS ; 2100 ; CAIXABANK, S.A. (2100) ; ES ; ESPAÑA ; 12 ; MADRID             ; 28 ; Madrid ; 079 ; MADRID ; CL FUENTESAUCO 44 ; 28024 ; Operativas ; 
BP ; BANCOS ; 2100 ; CAIXABANK, S.A. (2100) ; ES ; ESPAÑA ; 12 ; MADRID             ; 28 ; Madrid ; 079 ; MADRID ; CL BARCELO 0001 ; 28004 ; Operativas ; 
BP ; BANCOS ; 2100 ; CAIXABANK, S.A. (2100) ; ES ; ESPAÑA ; 12 ; MADRID             ; 28 ; Madrid ; 079 ; MADRID ; PJ DE LA FLORIDA 10 ; 28008 ; Operativas ; 
BP ; BANCOS ; 2100 ; CAIXABANK, S.A. (2100) ; ES ; ESPAÑA ; 12 ; MADRID             ; 28 ; Madrid ; 079 ; MADRID ; AV LUIS ARAGONES S/N ; 28022 ; Operativas ; 
BP ; BANCOS ; 2100 ; CAIXABANK, S.A. (2100) ; ES ; ESPAÑA ; 12 ; MADRID             ; 28 ; Madrid ; 080 ; MAJADAHONDA ; CL DOCTOR CALERO 26 ; 28220 ; Operativas ; 
BP ; BANCOS ; 2100 ; CAIXABANK, S.A. (2100) ; ES ; ESPAÑA ; 12 ; MADRID             ; 28 ; Madrid ; 080 ; MAJADAHONDA ; AV ESPAÑA 54 ; 28220 ; Operativas ; 
BP ; BANCOS ; 2100 ; CAIXABANK, S.A. (2100) ; ES ; ESPAÑA ; 12 ; MADRID             ; 28 ; Madrid ; 080 ; MAJADAHONDA ; AV ESPAÑA 26 ; 28220 ; Operativas ; 
BP ; BANCOS ; 2100 ; CAIXABANK, S.A. (2100) ; ES ; ESPAÑA ; 12 ; MADRID             ; 28 ; Madrid ; 080 ; MAJADAHONDA ; CL DOCTOR CALERO 7 ; 28220 ; Operativas ; 
BP ; BANCOS ; 2100 ; CAIXABANK, S.A. (2100) ; ES ; ESPAÑA ; 12 ; MADRID             ; 28 ; Madrid ; 082 ; MANZANARES EL REAL ; ZZ C. PANADEROS 00011 ; 28410 ; Operativas ; 
BP ; BANCOS ; 2100 ; CAIXABANK, S.A. (2100) ; ES ; ESPAÑA ; 12 ; MADRID             ; 28 ; Madrid ; 083 ; MECO ; CL DE LA ESTACIÓN 22 ; 28880 ; Operativas ; 
BP ; BANCOS ; 2100 ; CAIXABANK, S.A. (2100) ; ES ; ESPAÑA ; 12 ; MADRID             ; 28 ; Madrid ; 084 ; MEJORADA DEL CAMPO ; AV CONCORDIA 19 ; 28840 ; Operativas ; 
BP ; BANCOS ; 2100 ; CAIXABANK, S.A. (2100) ; ES ; ESPAÑA ; 12 ; MADRID             ; 28 ; Madrid ; 085 ; MIRAFLORES DE LA SIERRA ; CR DE MADRID 2 ; 28792 ; Operativas ; 
BP ; BANCOS ; 2100 ; CAIXABANK, S.A. (2100) ; ES ; ESPAÑA ; 12 ; MADRID             ; 28 ; Madrid ; 086 ; MOLAR (EL) ; AV  ESPAÑA 00051 ; 28710 ; Operativas ; 
BP ; BANCOS ; 2100 ; CAIXABANK, S.A. (2100) ; ES ; ESPAÑA ; 12 ; MADRID             ; 28 ; Madrid ; 087 ; MOLINOS (LOS) ; CL REAL 31 ; 28460 ; Operativas ; 
BP ; BANCOS ; 2100 ; CAIXABANK, S.A. (2100) ; ES ; ESPAÑA ; 12 ; MADRID             ; 28 ; Madrid ; 089 ; MORALEJA DE ENMEDIO ; PZ DE ESPAÑA 5 ; 28950 ; Operativas ; 
BP ; BANCOS ; 2100 ; CAIXABANK, S.A. (2100) ; ES ; ESPAÑA ; 12 ; MADRID             ; 28 ; Madrid ; 090 ; MORALZARZAL ; CL HUERTA 22 ; 28411 ; Operativas ; 
BP ; BANCOS ; 2100 ; CAIXABANK, S.A. (2100) ; ES ; ESPAÑA ; 12 ; MADRID             ; 28 ; Madrid ; 091 ; MORATA DE TAJUÑA ; PZ MAYOR 13 ; 28530 ; Operativas ; 
BP ; BANCOS ; 2100 ; CAIXABANK, S.A. (2100) ; ES ; ESPAÑA ; 12 ; MADRID             ; 28 ; Madrid ; 092 ; MOSTOLES ; CL PINTOR EL GRECO 2 ; 28933 ; Operativas ; 
BP ; BANCOS ; 2100 ; CAIXABANK, S.A. (2100) ; ES ; ESPAÑA ; 12 ; MADRID             ; 28 ; Madrid ; 092 ; MOSTOLES ; CL TAMARINDO S/N ; 28935 ; Operativas ; 
BP ; BANCOS ; 2100 ; CAIXABANK, S.A. (2100) ; ES ; ESPAÑA ; 12 ; MADRID             ; 28 ; Madrid ; 092 ; MOSTOLES ; ZZ NUEVA YORK, 24 S/N ; 28938 ; Operativas ; 
BP ; BANCOS ; 2100 ; CAIXABANK, S.A. (2100) ; ES ; ESPAÑA ; 12 ; MADRID             ; 28 ; Madrid ; 092 ; MOSTOLES ; PS DE ARROYOMOLINOS S/N ; 28934 ; Operativas ; 
BP ; BANCOS ; 2100 ; CAIXABANK, S.A. (2100) ; ES ; ESPAÑA ; 12 ; MADRID             ; 28 ; Madrid ; 092 ; MOSTOLES ; CL DALIA 40 ; 28933 ; Operativas ; 
BP ; BANCOS ; 2100 ; CAIXABANK, S.A. (2100) ; ES ; ESPAÑA ; 12 ; MADRID             ; 28 ; Madrid ; 092 ; MOSTOLES ; AV PORTUGAL 6 ; 28932 ; Operativas ; 
BP ; BANCOS ; 2100 ; CAIXABANK, S.A. (2100) ; ES ; ESPAÑA ; 12 ; MADRID             ; 28 ; Madrid ; 092 ; MOSTOLES ; CL LIBERTAD 28 ; 28937 ; Operativas ; 
BP ; BANCOS ; 2100 ; CAIXABANK, S.A. (2100) ; ES ; ESPAÑA ; 12 ; MADRID             ; 28 ; Madrid ; 092 ; MOSTOLES ; CL ANTONIO HERNANDEZ 20 ; 28931 ; Operativas ; 
BP ; BANCOS ; 2100 ; CAIXABANK, S.A. (2100) ; ES ; ESPAÑA ; 12 ; MADRID             ; 28 ; Madrid ; 092 ; MOSTOLES ; AV OLIMPICA, 26. S/N ; 28935 ; Operativas ; 
BP ; BANCOS ; 2100 ; CAIXABANK, S.A. (2100) ; ES ; ESPAÑA ; 12 ; MADRID             ; 28 ; Madrid ; 092 ; MOSTOLES ; ZZ RIO EBRO C/C ALFONSO XII. S/N ; 28938 ; Operativas ; 
BP ; BANCOS ; 2100 ; CAIXABANK, S.A. (2100) ; ES ; ESPAÑA ; 12 ; MADRID             ; 28 ; Madrid ; 092 ; MOSTOLES ; ZZ SIMON HERNANDEZ 42 S/N ; 28937 ; Operativas ; 
BP ; BANCOS ; 2100 ; CAIXABANK, S.A. (2100) ; ES ; ESPAÑA ; 12 ; MADRID             ; 28 ; Madrid ; 092 ; MOSTOLES ; PZ PRADILLO 2 ; 28934 ; Operativas ; 
BP ; BANCOS ; 2100 ; CAIXABANK, S.A. (2100) ; ES ; ESPAÑA ; 12 ; MADRID             ; 28 ; Madrid ; 093 ; NAVACERRADA ; AV  MADRID 00014 ; 28491 ; Operativas ; 
BP ; BANCOS ; 2100 ; CAIXABANK, S.A. (2100) ; ES ; ESPAÑA ; 12 ; MADRID             ; 28 ; Madrid ; 095 ; NAVALAGAMELLA ; AV  CONSTITUCION 00043 ; 28212 ; Operativas ; 
BP ; BANCOS ; 2100 ; CAIXABANK, S.A. (2100) ; ES ; ESPAÑA ; 12 ; MADRID             ; 28 ; Madrid ; 096 ; NAVALCARNERO ; CL LIBERTAD 7 ; 28600 ; Operativas ; 
BP ; BANCOS ; 2100 ; CAIXABANK, S.A. (2100) ; ES ; ESPAÑA ; 12 ; MADRID             ; 28 ; Madrid ; 099 ; NAVAS DEL REY ; PZ PLACITUELA DEL CUARTEL 9 ; 28695 ; Operativas ; 
BP ; BANCOS ; 2100 ; CAIXABANK, S.A. (2100) ; ES ; ESPAÑA ; 12 ; MADRID             ; 28 ; Madrid ; 100 ; NUEVO BAZTAN ; UR EUROVILLAS-COM. EUROPEA S/N ; 28514 ; Operativas ; 
BP ; BANCOS ; 2100 ; CAIXABANK, S.A. (2100) ; ES ; ESPAÑA ; 12 ; MADRID             ; 28 ; Madrid ; 104 ; PARACUELLOS DE JARAMA ; CL REAL 33 ; 28860 ; Operativas ; 
BP ; BANCOS ; 2100 ; CAIXABANK, S.A. (2100) ; ES ; ESPAÑA ; 12 ; MADRID             ; 28 ; Madrid ; 106 ; PARLA ; CL ALFONSO X EL SABIO 36 ; 28980 ; Operativas ; 
BP ; BANCOS ; 2100 ; CAIXABANK, S.A. (2100) ; ES ; ESPAÑA ; 12 ; MADRID             ; 28 ; Madrid ; 106 ; PARLA ; CL REAL 86 ; 28980 ; Operativas ; 
BP ; BANCOS ; 2100 ; CAIXABANK, S.A. (2100) ; ES ; ESPAÑA ; 12 ; MADRID             ; 28 ; Madrid ; 106 ; PARLA ; AV  DE LAS ESTRELLAS 00043 ; 28983 ; Operativas ; 
BP ; BANCOS ; 2100 ; CAIXABANK, S.A. (2100) ; ES ; ESPAÑA ; 12 ; MADRID             ; 28 ; Madrid ; 106 ; PARLA ; CL REAL 97 ; 28981 ; Operativas ; 
BP ; BANCOS ; 2100 ; CAIXABANK, S.A. (2100) ; ES ; ESPAÑA ; 12 ; MADRID             ; 28 ; Madrid ; 106 ; PARLA ; CL REAL 2 ; 28981 ; Operativas ; 
BP ; BANCOS ; 2100 ; CAIXABANK, S.A. (2100) ; ES ; ESPAÑA ; 12 ; MADRID             ; 28 ; Madrid ; 106 ; PARLA ; CL PINTO 42 ; 28980 ; Operativas ; 
BP ; BANCOS ; 2100 ; CAIXABANK, S.A. (2100) ; ES ; ESPAÑA ; 12 ; MADRID             ; 28 ; Madrid ; 108 ; PEDREZUELA ; PS DE LA ERMITA 00018 ; 28723 ; Operativas ; 
BP ; BANCOS ; 2100 ; CAIXABANK, S.A. (2100) ; ES ; ESPAÑA ; 12 ; MADRID             ; 28 ; Madrid ; 109 ; PELAYOS DE LA PRESA ; AV  MARCIAL LLORENTE 00110 ; 28696 ; Operativas ; 
BP ; BANCOS ; 2100 ; CAIXABANK, S.A. (2100) ; ES ; ESPAÑA ; 12 ; MADRID             ; 28 ; Madrid ; 110 ; PERALES DE TAJUÑA ; ZZ C. MAYOR BAJA 00010 ; 28540 ; Operativas ; 
BP ; BANCOS ; 2100 ; CAIXABANK, S.A. (2100) ; ES ; ESPAÑA ; 12 ; MADRID             ; 28 ; Madrid ; 113 ; PINTO ; PZ MARTIN SANCHEZ 1 ; 28320 ; Operativas ; 
BP ; BANCOS ; 2100 ; CAIXABANK, S.A. (2100) ; ES ; ESPAÑA ; 12 ; MADRID             ; 28 ; Madrid ; 113 ; PINTO ; PZ EGIDO DE LA FUENTE 8 ; 28320 ; Operativas ; 
BP ; BANCOS ; 2100 ; CAIXABANK, S.A. (2100) ; ES ; ESPAÑA ; 12 ; MADRID             ; 28 ; Madrid ; 115 ; POZUELO DE ALARCON ; AV EUROPA 7 ; 28224 ; Operativas ; 
BP ; BANCOS ; 2100 ; CAIXABANK, S.A. (2100) ; ES ; ESPAÑA ; 12 ; MADRID             ; 28 ; Madrid ; 115 ; POZUELO DE ALARCON ; AV JUAN PABLO II 14 ; 28224 ; Operativas ; 
BP ; BANCOS ; 2100 ; CAIXABANK, S.A. (2100) ; ES ; ESPAÑA ; 12 ; MADRID             ; 28 ; Madrid ; 115 ; POZUELO DE ALARCON ; AV EUROPA 31 ; 28224 ; Operativas ; 
BP ; BANCOS ; 2100 ; CAIXABANK, S.A. (2100) ; ES ; ESPAÑA ; 12 ; MADRID             ; 28 ; Madrid ; 115 ; POZUELO DE ALARCON ; PZ DEL PADRE VALLET 4 ; 28224 ; Operativas ; 
BP ; BANCOS ; 2100 ; CAIXABANK, S.A. (2100) ; ES ; ESPAÑA ; 12 ; MADRID             ; 28 ; Madrid ; 119 ; QUIJORNA ; PS SAN ISIDRO 00002 ; 28693 ; Operativas ; 
BP ; BANCOS ; 2100 ; CAIXABANK, S.A. (2100) ; ES ; ESPAÑA ; 12 ; MADRID             ; 28 ; Madrid ; 120 ; RASCAFRIA ; AV DE EL PAULAR, 1. S/N ; 28740 ; Operativas ; 
BP ; BANCOS ; 2100 ; CAIXABANK, S.A. (2100) ; ES ; ESPAÑA ; 12 ; MADRID             ; 28 ; Madrid ; 123 ; RIVAS-VACIAMADRID ; CL ALOE 14 ; 28529 ; Operativas ; 
BP ; BANCOS ; 2100 ; CAIXABANK, S.A. (2100) ; ES ; ESPAÑA ; 12 ; MADRID             ; 28 ; Madrid ; 123 ; RIVAS-VACIAMADRID ; AV PABLO IGLESIAS 81 ; 28529 ; Operativas ; 
BP ; BANCOS ; 2100 ; CAIXABANK, S.A. (2100) ; ES ; ESPAÑA ; 12 ; MADRID             ; 28 ; Madrid ; 123 ; RIVAS-VACIAMADRID ; AV LEVANTE 124 ; 28529 ; Operativas ; 
BP ; BANCOS ; 2100 ; CAIXABANK, S.A. (2100) ; ES ; ESPAÑA ; 12 ; MADRID             ; 28 ; Madrid ; 123 ; RIVAS-VACIAMADRID ; AV DE COVIBAR 8 ; 28529 ; Operativas ; 
BP ; BANCOS ; 2100 ; CAIXABANK, S.A. (2100) ; ES ; ESPAÑA ; 12 ; MADRID             ; 28 ; Madrid ; 125 ; ROBLEDO DE CHAVELA ; AV JUAN CARLOS I 6 ; 28294 ; Operativas ; 
BP ; BANCOS ; 2100 ; CAIXABANK, S.A. (2100) ; ES ; ESPAÑA ; 12 ; MADRID             ; 28 ; Madrid ; 127 ; ROZAS DE MADRID (LAS) ; CL Bruselas 36C ; 28230 ; Operativas ; 
BP ; BANCOS ; 2100 ; CAIXABANK, S.A. (2100) ; ES ; ESPAÑA ; 12 ; MADRID             ; 28 ; Madrid ; 127 ; ROZAS DE MADRID (LAS) ; ZZ C. SANTOLINA 00002 ; 28232 ; Operativas ; 
BP ; BANCOS ; 2100 ; CAIXABANK, S.A. (2100) ; ES ; ESPAÑA ; 12 ; MADRID             ; 28 ; Madrid ; 127 ; ROZAS DE MADRID (LAS) ; CL REAL 18 ; 28231 ; Operativas ; 
BP ; BANCOS ; 2100 ; CAIXABANK, S.A. (2100) ; ES ; ESPAÑA ; 12 ; MADRID             ; 28 ; Madrid ; 127 ; ROZAS DE MADRID (LAS) ; CL CAMILO JOSE CELA 00005 ; 28232 ; Operativas ; 
BP ; BANCOS ; 2100 ; CAIXABANK, S.A. (2100) ; ES ; ESPAÑA ; 12 ; MADRID             ; 28 ; Madrid ; 127 ; ROZAS DE MADRID (LAS) ; PS DE LOS ALEMANES 2 ; 28290 ; Operativas ; 
BP ; BANCOS ; 2100 ; CAIXABANK, S.A. (2100) ; ES ; ESPAÑA ; 12 ; MADRID             ; 28 ; Madrid ; 129 ; SAN AGUSTIN DEL GUADALIX ; AV DE MADRID 31 ; 28750 ; Operativas ; 
BP ; BANCOS ; 2100 ; CAIXABANK, S.A. (2100) ; ES ; ESPAÑA ; 12 ; MADRID             ; 28 ; Madrid ; 130 ; SAN FERNANDO DE HENARES ; CL JOSE ALIX ALIX 18 ; 28830 ; Operativas ; 
BP ; BANCOS ; 2100 ; CAIXABANK, S.A. (2100) ; ES ; ESPAÑA ; 12 ; MADRID             ; 28 ; Madrid ; 130 ; SAN FERNANDO DE HENARES ; AV LIBERTAD 3 ; 28830 ; Operativas ; 
BP ; BANCOS ; 2100 ; CAIXABANK, S.A. (2100) ; ES ; ESPAÑA ; 12 ; MADRID             ; 28 ; Madrid ; 130 ; SAN FERNANDO DE HENARES ; AV ALGORTA 8 ; 28830 ; Operativas ; 
BP ; BANCOS ; 2100 ; CAIXABANK, S.A. (2100) ; ES ; ESPAÑA ; 12 ; MADRID             ; 28 ; Madrid ; 131 ; SAN LORENZO DE EL ESCORIAL ; CL REY 26 ; 28200 ; Operativas ; 
BP ; BANCOS ; 2100 ; CAIXABANK, S.A. (2100) ; ES ; ESPAÑA ; 12 ; MADRID             ; 28 ; Madrid ; 132 ; SAN MARTIN DE LA VEGA ; CL SAN MARCOS 25 ; 28330 ; Operativas ; 
BP ; BANCOS ; 2100 ; CAIXABANK, S.A. (2100) ; ES ; ESPAÑA ; 12 ; MADRID             ; 28 ; Madrid ; 133 ; SAN MARTIN DE VALDEIGLESIAS ; ZZ CORREDERA ALTA, 2 S/N ; 28680 ; Operativas ; 
BP ; BANCOS ; 2100 ; CAIXABANK, S.A. (2100) ; ES ; ESPAÑA ; 12 ; MADRID             ; 28 ; Madrid ; 134 ; SAN SEBASTIAN DE LOS REYES ; CL REAL 102 ; 28703 ; Operativas ; 
BP ; BANCOS ; 2100 ; CAIXABANK, S.A. (2100) ; ES ; ESPAÑA ; 12 ; MADRID             ; 28 ; Madrid ; 134 ; SAN SEBASTIAN DE LOS REYES ; ZZ AVDA DE LA SIERRA 3 S/N ; 28700 ; Operativas ; 
BP ; BANCOS ; 2100 ; CAIXABANK, S.A. (2100) ; ES ; ESPAÑA ; 12 ; MADRID             ; 28 ; Madrid ; 134 ; SAN SEBASTIAN DE LOS REYES ; ZZ BEATRIZ GALINDO, 2 S/N ; 28702 ; Operativas ; 
BP ; BANCOS ; 2100 ; CAIXABANK, S.A. (2100) ; ES ; ESPAÑA ; 12 ; MADRID             ; 28 ; Madrid ; 134 ; SAN SEBASTIAN DE LOS REYES ; ZZ C. ISLA GRACIOSA 00006 ; 28703 ; Operativas ; 
BP ; BANCOS ; 2100 ; CAIXABANK, S.A. (2100) ; ES ; ESPAÑA ; 12 ; MADRID             ; 28 ; Madrid ; 134 ; SAN SEBASTIAN DE LOS REYES ; CL REAL 26 ; 28703 ; Operativas ; 
BP ; BANCOS ; 2100 ; CAIXABANK, S.A. (2100) ; ES ; ESPAÑA ; 12 ; MADRID             ; 28 ; Madrid ; 141 ; SEVILLA LA NUEVA ; ZZ SEVILLANOS 1 S/N ; 28609 ; Operativas ; 
BP ; BANCOS ; 2100 ; CAIXABANK, S.A. (2100) ; ES ; ESPAÑA ; 12 ; MADRID             ; 28 ; Madrid ; 144 ; SOTO DEL REAL ; UR EL PRADO- L0CAL 12 S/N ; 28791 ; Operativas ; 
BP ; BANCOS ; 2100 ; CAIXABANK, S.A. (2100) ; ES ; ESPAÑA ; 12 ; MADRID             ; 28 ; Madrid ; 146 ; TIELMES ; ZZ C. LUNA 00016 ; 28550 ; Operativas ; 
BP ; BANCOS ; 2100 ; CAIXABANK, S.A. (2100) ; ES ; ESPAÑA ; 12 ; MADRID             ; 28 ; Madrid ; 148 ; TORREJON DE ARDOZ ; AV MADRID 38 ; 28850 ; Operativas ; 
BP ; BANCOS ; 2100 ; CAIXABANK, S.A. (2100) ; ES ; ESPAÑA ; 12 ; MADRID             ; 28 ; Madrid ; 148 ; TORREJON DE ARDOZ ; PZ MAYOR 13 ; 28850 ; Operativas ; 
BP ; BANCOS ; 2100 ; CAIXABANK, S.A. (2100) ; ES ; ESPAÑA ; 12 ; MADRID             ; 28 ; Madrid ; 148 ; TORREJON DE ARDOZ ; CL MADRID 5 ; 28850 ; Operativas ; 
BP ; BANCOS ; 2100 ; CAIXABANK, S.A. (2100) ; ES ; ESPAÑA ; 12 ; MADRID             ; 28 ; Madrid ; 148 ; TORREJON DE ARDOZ ; CL SILICIO 19 ; 28850 ; Operativas ; 
BP ; BANCOS ; 2100 ; CAIXABANK, S.A. (2100) ; ES ; ESPAÑA ; 12 ; MADRID             ; 28 ; Madrid ; 148 ; TORREJON DE ARDOZ ; AV DE LA CONSTITUCION 175 ; 28850 ; Operativas ; 
BP ; BANCOS ; 2100 ; CAIXABANK, S.A. (2100) ; ES ; ESPAÑA ; 12 ; MADRID             ; 28 ; Madrid ; 148 ; TORREJON DE ARDOZ ; CL PRIMAVERA 35 ; 28850 ; Operativas ; 
BP ; BANCOS ; 2100 ; CAIXABANK, S.A. (2100) ; ES ; ESPAÑA ; 12 ; MADRID             ; 28 ; Madrid ; 148 ; TORREJON DE ARDOZ ; AV CONSTITUCION S/N ; 28850 ; Operativas ; 
BP ; BANCOS ; 2100 ; CAIXABANK, S.A. (2100) ; ES ; ESPAÑA ; 12 ; MADRID             ; 28 ; Madrid ; 148 ; TORREJON DE ARDOZ ; CR DE LOECHES 13 ; 28850 ; Operativas ; 
BP ; BANCOS ; 2100 ; CAIXABANK, S.A. (2100) ; ES ; ESPAÑA ; 12 ; MADRID             ; 28 ; Madrid ; 148 ; TORREJON DE ARDOZ ; ZZ C. POSEIDON  ; 28850 ; Operativas ; 
BP ; BANCOS ; 2100 ; CAIXABANK, S.A. (2100) ; ES ; ESPAÑA ; 12 ; MADRID             ; 28 ; Madrid ; 148 ; TORREJON DE ARDOZ ; CL ROMA 29 ; 28850 ; Operativas ; 
BP ; BANCOS ; 2100 ; CAIXABANK, S.A. (2100) ; ES ; ESPAÑA ; 12 ; MADRID             ; 28 ; Madrid ; 148 ; TORREJON DE ARDOZ ; ZZ CIRCUNVALACION C/V A DOLORES IBARRURI S/N ; 28850 ; Operativas ; 
BP ; BANCOS ; 2100 ; CAIXABANK, S.A. (2100) ; ES ; ESPAÑA ; 12 ; MADRID             ; 28 ; Madrid ; 149 ; TORREJON DE LA CALZADA ; CL REAL 12 ; 28991 ; Operativas ; 
BP ; BANCOS ; 2100 ; CAIXABANK, S.A. (2100) ; ES ; ESPAÑA ; 12 ; MADRID             ; 28 ; Madrid ; 150 ; TORREJON DE VELASCO ; PZ DE ESPAÑA,3 S/N ; 28990 ; Operativas ; 
BP ; BANCOS ; 2100 ; CAIXABANK, S.A. (2100) ; ES ; ESPAÑA ; 12 ; MADRID             ; 28 ; Madrid ; 151 ; TORRELAGUNA ; ZZ C. SAN FRANCISCO 00003 ; 28180 ; Operativas ; 
BP ; BANCOS ; 2100 ; CAIXABANK, S.A. (2100) ; ES ; ESPAÑA ; 12 ; MADRID             ; 28 ; Madrid ; 152 ; TORRELODONES ; ZZ JESUSA LARA 00029 ; 28250 ; Operativas ; 
BP ; BANCOS ; 2100 ; CAIXABANK, S.A. (2100) ; ES ; ESPAÑA ; 12 ; MADRID             ; 28 ; Madrid ; 152 ; TORRELODONES ; CL REAL 2 ; 28250 ; Operativas ; 
BP ; BANCOS ; 2100 ; CAIXABANK, S.A. (2100) ; ES ; ESPAÑA ; 12 ; MADRID             ; 28 ; Madrid ; 154 ; TORRES DE LA ALAMEDA ; CL MAYOR 12 ; 28813 ; Operativas ; 
BP ; BANCOS ; 2100 ; CAIXABANK, S.A. (2100) ; ES ; ESPAÑA ; 12 ; MADRID             ; 28 ; Madrid ; 160 ; VALDEMORILLO ; PZ DE LA CONSTITUCION 19 ; 28210 ; Operativas ; 
BP ; BANCOS ; 2100 ; CAIXABANK, S.A. (2100) ; ES ; ESPAÑA ; 12 ; MADRID             ; 28 ; Madrid ; 161 ; VALDEMORO ; CL ANTONIO VAN DE PERE 1 ; 28340 ; Operativas ; 
BP ; BANCOS ; 2100 ; CAIXABANK, S.A. (2100) ; ES ; ESPAÑA ; 12 ; MADRID             ; 28 ; Madrid ; 161 ; VALDEMORO ; ZZ CTRA. DE ANDALUCIA KM 25  ; 28340 ; Operativas ; 
BP ; BANCOS ; 2100 ; CAIXABANK, S.A. (2100) ; ES ; ESPAÑA ; 12 ; MADRID             ; 28 ; Madrid ; 161 ; VALDEMORO ; CL NEGRITAS 2 ; 28340 ; Operativas ; 
BP ; BANCOS ; 2100 ; CAIXABANK, S.A. (2100) ; ES ; ESPAÑA ; 12 ; MADRID             ; 28 ; Madrid ; 161 ; VALDEMORO ; AV  MEDITERRANEO 00051 ; 28340 ; Operativas ; 
BP ; BANCOS ; 2100 ; CAIXABANK, S.A. (2100) ; ES ; ESPAÑA ; 12 ; MADRID             ; 28 ; Madrid ; 161 ; VALDEMORO ; CL FEDERICO MARIN 19 ; 28340 ; Operativas ; 
BP ; BANCOS ; 2100 ; CAIXABANK, S.A. (2100) ; ES ; ESPAÑA ; 12 ; MADRID             ; 28 ; Madrid ; 162 ; VALDEOLMOS-ALALPARDO ; ZZ C. CARLOS MARTIN ALVAREZ 00021 ; 28130 ; Operativas ; 
BP ; BANCOS ; 2100 ; CAIXABANK, S.A. (2100) ; ES ; ESPAÑA ; 12 ; MADRID             ; 28 ; Madrid ; 164 ; VALDETORRES DE JARAMA ; CL IGLESIA 17 ; 28150 ; Operativas ; 
BP ; BANCOS ; 2100 ; CAIXABANK, S.A. (2100) ; ES ; ESPAÑA ; 12 ; MADRID             ; 28 ; Madrid ; 165 ; VALDILECHA ; CL ALCALA 00064 ; 28511 ; Operativas ; 
BP ; BANCOS ; 2100 ; CAIXABANK, S.A. (2100) ; ES ; ESPAÑA ; 12 ; MADRID             ; 28 ; Madrid ; 167 ; VELILLA DE SAN ANTONIO ; ZZ MAYOR, 2 S/N ; 28891 ; Operativas ; 
BP ; BANCOS ; 2100 ; CAIXABANK, S.A. (2100) ; ES ; ESPAÑA ; 12 ; MADRID             ; 28 ; Madrid ; 170 ; VILLACONEJOS ; PZ ALEGRIA, 4 S/N ; 28360 ; Operativas ; 
BP ; BANCOS ; 2100 ; CAIXABANK, S.A. (2100) ; ES ; ESPAÑA ; 12 ; MADRID             ; 28 ; Madrid ; 171 ; VILLA DEL PRADO ; AV ESPAÑA 61 ; 28630 ; Operativas ; 
BP ; BANCOS ; 2100 ; CAIXABANK, S.A. (2100) ; ES ; ESPAÑA ; 12 ; MADRID             ; 28 ; Madrid ; 172 ; VILLALBILLA ; CL GRAN VIA 2 ; 28810 ; Operativas ; 
BP ; BANCOS ; 2100 ; CAIXABANK, S.A. (2100) ; ES ; ESPAÑA ; 12 ; MADRID             ; 28 ; Madrid ; 174 ; VILLAMANTA ; CL VILLAMANTA 00002 ; 28610 ; Operativas ; 
BP ; BANCOS ; 2100 ; CAIXABANK, S.A. (2100) ; ES ; ESPAÑA ; 12 ; MADRID             ; 28 ; Madrid ; 176 ; VILLANUEVA DE LA CAÑADA ; CL REAL 69 ; 28691 ; Operativas ; 
BP ; BANCOS ; 2100 ; CAIXABANK, S.A. (2100) ; ES ; ESPAÑA ; 12 ; MADRID             ; 28 ; Madrid ; 177 ; VILLANUEVA DEL PARDILLO ; ZZ AVDA DE MADRID 18 S/N ; 28229 ; Operativas ; 
BP ; BANCOS ; 2100 ; CAIXABANK, S.A. (2100) ; ES ; ESPAÑA ; 12 ; MADRID             ; 28 ; Madrid ; 180 ; VILLAREJO DE SALVANES ; ZZ MESONES, 3. S/N ; 28590 ; Operativas ; 
BP ; BANCOS ; 2100 ; CAIXABANK, S.A. (2100) ; ES ; ESPAÑA ; 12 ; MADRID             ; 28 ; Madrid ; 181 ; VILLAVICIOSA DE ODON ; PZ PARADOR 3 ; 28670 ; Operativas ; 
BP ; BANCOS ; 2100 ; CAIXABANK, S.A. (2100) ; ES ; ESPAÑA ; 12 ; MADRID             ; 28 ; Madrid ; 181 ; VILLAVICIOSA DE ODON ; AV  QUITAPESARES 00037 ; 28670 ; Operativas ; 
BP ; BANCOS ; 2100 ; CAIXABANK, S.A. (2100) ; ES ; ESPAÑA ; 12 ; MADRID             ; 28 ; Madrid ; 903 ; TRES CANTOS ; AV VIÑUELAS 27 ; 28760 ; Operativas ; 
BP ; BANCOS ; 2100 ; CAIXABANK, S.A. (2100) ; ES ; ESPAÑA ; 12 ; MADRID             ; 28 ; Madrid ; 903 ; TRES CANTOS ; CL SECTOR DESCUBRIDORES 46 ; 28760 ; Operativas ; 
BP ; BANCOS ; 2103 ; UNICAJA BANCO, S.A. (2103) ; ES ; ESPAÑA ; 12 ; MADRID             ; 28 ; Madrid ; 005 ; ALCALA DE HENARES ; CL VÍA COMPLUTENSE 43 ; 28805 ; Operativas ; 
BP ; BANCOS ; 2103 ; UNICAJA BANCO, S.A. (2103) ; ES ; ESPAÑA ; 12 ; MADRID             ; 28 ; Madrid ; 005 ; ALCALA DE HENARES ; ZZ LIBREROS, 7 0 ; 28801 ; Operativas ; 
BP ; BANCOS ; 2103 ; UNICAJA BANCO, S.A. (2103) ; ES ; ESPAÑA ; 12 ; MADRID             ; 28 ; Madrid ; 005 ; ALCALA DE HENARES ; CL M.ALONSO MARTINEZ 6 ; 28805 ; Operativas ; 
BP ; BANCOS ; 2103 ; UNICAJA BANCO, S.A. (2103) ; ES ; ESPAÑA ; 12 ; MADRID             ; 28 ; Madrid ; 006 ; ALCOBENDAS ; AV ESPAÑA 17 ; 28100 ; Operativas ; 
BP ; BANCOS ; 2103 ; UNICAJA BANCO, S.A. (2103) ; ES ; ESPAÑA ; 12 ; MADRID             ; 28 ; Madrid ; 006 ; ALCOBENDAS ; CL DE LA CONSTITUCION 70 ; 28100 ; Operativas ; 
BP ; BANCOS ; 2103 ; UNICAJA BANCO, S.A. (2103) ; ES ; ESPAÑA ; 12 ; MADRID             ; 28 ; Madrid ; 007 ; ALCORCON ; CL FUENLABRADA 2 ; 28921 ; Operativas ; 
BP ; BANCOS ; 2103 ; UNICAJA BANCO, S.A. (2103) ; ES ; ESPAÑA ; 12 ; MADRID             ; 28 ; Madrid ; 007 ; ALCORCON ; ZZ MAYOR, 53 0 ; 28921 ; Operativas ; 
BP ; BANCOS ; 2103 ; UNICAJA BANCO, S.A. (2103) ; ES ; ESPAÑA ; 12 ; MADRID             ; 28 ; Madrid ; 007 ; ALCORCON ; ZZ PORTO CRISTO, 3 0 ; 28924 ; Operativas ; 
BP ; BANCOS ; 2103 ; UNICAJA BANCO, S.A. (2103) ; ES ; ESPAÑA ; 12 ; MADRID             ; 28 ; Madrid ; 013 ; ARANJUEZ ; CL ABASTOS 52 ; 28300 ; Operativas ; 
BP ; BANCOS ; 2103 ; UNICAJA BANCO, S.A. (2103) ; ES ; ESPAÑA ; 12 ; MADRID             ; 28 ; Madrid ; 013 ; ARANJUEZ ; ZZ STUART, 41 0 ; 28300 ; Operativas ; 
BP ; BANCOS ; 2103 ; UNICAJA BANCO, S.A. (2103) ; ES ; ESPAÑA ; 12 ; MADRID             ; 28 ; Madrid ; 014 ; ARGANDA DEL REY ; ZZ MARIA ZAYAS, 2 0 ; 28500 ; Operativas ; 
BP ; BANCOS ; 2103 ; UNICAJA BANCO, S.A. (2103) ; ES ; ESPAÑA ; 12 ; MADRID             ; 28 ; Madrid ; 022 ; BOADILLA DEL MONTE ; CL JUAN CARLOS I 46 ; 28660 ; Operativas ; 
BP ; BANCOS ; 2103 ; UNICAJA BANCO, S.A. (2103) ; ES ; ESPAÑA ; 12 ; MADRID             ; 28 ; Madrid ; 047 ; COLLADO VILLALBA ; CL REAL 35 ; 28400 ; Operativas ; 
BP ; BANCOS ; 2103 ; UNICAJA BANCO, S.A. (2103) ; ES ; ESPAÑA ; 12 ; MADRID             ; 28 ; Madrid ; 049 ; COSLADA ; CL DOCTOR MICHAVILLA 21 ; 28820 ; Operativas ; 
BP ; BANCOS ; 2103 ; UNICAJA BANCO, S.A. (2103) ; ES ; ESPAÑA ; 12 ; MADRID             ; 28 ; Madrid ; 049 ; COSLADA ; AV DE LA CONSTITUCION 71 ; 28821 ; Operativas ; 
BP ; BANCOS ; 2103 ; UNICAJA BANCO, S.A. (2103) ; ES ; ESPAÑA ; 12 ; MADRID             ; 28 ; Madrid ; 058 ; FUENLABRADA ; ZZ LEGANES, 31 0 ; 28945 ; Operativas ; 
BP ; BANCOS ; 2103 ; UNICAJA BANCO, S.A. (2103) ; ES ; ESPAÑA ; 12 ; MADRID             ; 28 ; Madrid ; 058 ; FUENLABRADA ; AV DE LAS NACIONES 1-A ; 28943 ; Operativas ; 
BP ; BANCOS ; 2103 ; UNICAJA BANCO, S.A. (2103) ; ES ; ESPAÑA ; 12 ; MADRID             ; 28 ; Madrid ; 065 ; GETAFE ; ZZ MADRID, 76 0 ; 28902 ; Operativas ; 
BP ; BANCOS ; 2103 ; UNICAJA BANCO, S.A. (2103) ; ES ; ESPAÑA ; 12 ; MADRID             ; 28 ; Madrid ; 065 ; GETAFE ; CL TOLEDO 4 ; 28901 ; Operativas ; 
BP ; BANCOS ; 2103 ; UNICAJA BANCO, S.A. (2103) ; ES ; ESPAÑA ; 12 ; MADRID             ; 28 ; Madrid ; 065 ; GETAFE ; CL MANZANA 4 ; 28901 ; Operativas ; 
BP ; BANCOS ; 2103 ; UNICAJA BANCO, S.A. (2103) ; ES ; ESPAÑA ; 12 ; MADRID             ; 28 ; Madrid ; 074 ; LEGANES ; AV DOCTOR MARTÍN-VEGUE 14 ; 28912 ; Operativas ; 
BP ; BANCOS ; 2103 ; UNICAJA BANCO, S.A. (2103) ; ES ; ESPAÑA ; 12 ; MADRID             ; 28 ; Madrid ; 074 ; LEGANES ; PZ DE ESPAÑA 12 ; 28911 ; Operativas ; 
BP ; BANCOS ; 2103 ; UNICAJA BANCO, S.A. (2103) ; ES ; ESPAÑA ; 12 ; MADRID             ; 28 ; Madrid ; 079 ; MADRID ; CL PADILLA 30 ; 28006 ; Operativas ; 
BP ; BANCOS ; 2103 ; UNICAJA BANCO, S.A. (2103) ; ES ; ESPAÑA ; 12 ; MADRID             ; 28 ; Madrid ; 079 ; MADRID ; CL ALBASANZ 76 ; 28037 ; Operativas ; 
BP ; BANCOS ; 2103 ; UNICAJA BANCO, S.A. (2103) ; ES ; ESPAÑA ; 12 ; MADRID             ; 28 ; Madrid ; 079 ; MADRID ; PZ TRES OLIVOS 15 ; 28034 ; Operativas ; 
BP ; BANCOS ; 2103 ; UNICAJA BANCO, S.A. (2103) ; ES ; ESPAÑA ; 12 ; MADRID             ; 28 ; Madrid ; 079 ; MADRID ; AV DE LA ALBUFERA 117 ; 28038 ; Operativas ; 
BP ; BANCOS ; 2103 ; UNICAJA BANCO, S.A. (2103) ; ES ; ESPAÑA ; 12 ; MADRID             ; 28 ; Madrid ; 079 ; MADRID ; CL VIRGEN DE LOS PELIGROS 14 ; 28013 ; Operativas ; 
BP ; BANCOS ; 2103 ; UNICAJA BANCO, S.A. (2103) ; ES ; ESPAÑA ; 12 ; MADRID             ; 28 ; Madrid ; 079 ; MADRID ; ZZ ARZOBISPO COS, 2-ESQUINA ARTURO SORIA, 4 0 ; 28027 ; Operativas ; 
BP ; BANCOS ; 2103 ; UNICAJA BANCO, S.A. (2103) ; ES ; ESPAÑA ; 12 ; MADRID             ; 28 ; Madrid ; 079 ; MADRID ; PZ DEL ENCUENTRO, 2 0 ; 28030 ; Operativas ; 
BP ; BANCOS ; 2103 ; UNICAJA BANCO, S.A. (2103) ; ES ; ESPAÑA ; 12 ; MADRID             ; 28 ; Madrid ; 079 ; MADRID ; ZZ HILARION ESLAVA, 23 0 ; 28015 ; Operativas ; 
BP ; BANCOS ; 2103 ; UNICAJA BANCO, S.A. (2103) ; ES ; ESPAÑA ; 12 ; MADRID             ; 28 ; Madrid ; 079 ; MADRID ; ZZ PRINCIPE DE VERGARA, 126 0 ; 28002 ; Operativas ; 
BP ; BANCOS ; 2103 ; UNICAJA BANCO, S.A. (2103) ; ES ; ESPAÑA ; 12 ; MADRID             ; 28 ; Madrid ; 079 ; MADRID ; ZZ 0RENSE, 18-20 0 ; 28020 ; Operativas ; 
BP ; BANCOS ; 2103 ; UNICAJA BANCO, S.A. (2103) ; ES ; ESPAÑA ; 12 ; MADRID             ; 28 ; Madrid ; 079 ; MADRID ; ZZ NARVAEZ, 17 0 ; 28009 ; Operativas ; 
BP ; BANCOS ; 2103 ; UNICAJA BANCO, S.A. (2103) ; ES ; ESPAÑA ; 12 ; MADRID             ; 28 ; Madrid ; 079 ; MADRID ; CL JOSE ABASCAL, 63 00063 ; 28003 ; Operativas ; 
BP ; BANCOS ; 2103 ; UNICAJA BANCO, S.A. (2103) ; ES ; ESPAÑA ; 12 ; MADRID             ; 28 ; Madrid ; 079 ; MADRID ; CL BRAVO MURILLO 187 187 ; 28020 ; Operativas ; 
BP ; BANCOS ; 2103 ; UNICAJA BANCO, S.A. (2103) ; ES ; ESPAÑA ; 12 ; MADRID             ; 28 ; Madrid ; 079 ; MADRID ; ZZ MOTA DEL CUERVO, 2 0 ; 28043 ; Operativas ; 
BP ; BANCOS ; 2103 ; UNICAJA BANCO, S.A. (2103) ; ES ; ESPAÑA ; 12 ; MADRID             ; 28 ; Madrid ; 079 ; MADRID ; ZZ MARIA TUDOR, 11 0 ; 28050 ; Operativas ; 
BP ; BANCOS ; 2103 ; UNICAJA BANCO, S.A. (2103) ; ES ; ESPAÑA ; 12 ; MADRID             ; 28 ; Madrid ; 079 ; MADRID ; AV  MONTECARMELO, 7-9 0 ; 28049 ; Operativas ; 
BP ; BANCOS ; 2103 ; UNICAJA BANCO, S.A. (2103) ; ES ; ESPAÑA ; 12 ; MADRID             ; 28 ; Madrid ; 079 ; MADRID ; CL VELAZQUEZ 82 ; 28001 ; Operativas ; 
BP ; BANCOS ; 2103 ; UNICAJA BANCO, S.A. (2103) ; ES ; ESPAÑA ; 12 ; MADRID             ; 28 ; Madrid ; 079 ; MADRID ; PS DE LA CASTELLANA 168 ; 28046 ; Operativas ; 
BP ; BANCOS ; 2103 ; UNICAJA BANCO, S.A. (2103) ; ES ; ESPAÑA ; 12 ; MADRID             ; 28 ; Madrid ; 079 ; MADRID ; PS DE LAS DELICIAS 110 ; 28045 ; Operativas ; 
BP ; BANCOS ; 2103 ; UNICAJA BANCO, S.A. (2103) ; ES ; ESPAÑA ; 12 ; MADRID             ; 28 ; Madrid ; 079 ; MADRID ; PZ DE LA CEBADA 7 ; 28005 ; Operativas ; 
BP ; BANCOS ; 2103 ; UNICAJA BANCO, S.A. (2103) ; ES ; ESPAÑA ; 12 ; MADRID             ; 28 ; Madrid ; 079 ; MADRID ; CL GOYA 66 ; 28001 ; Operativas ; 
BP ; BANCOS ; 2103 ; UNICAJA BANCO, S.A. (2103) ; ES ; ESPAÑA ; 12 ; MADRID             ; 28 ; Madrid ; 079 ; MADRID ; CL SAN FRANCISCO DE SALES 2 ; 28003 ; Operativas ; 
BP ; BANCOS ; 2103 ; UNICAJA BANCO, S.A. (2103) ; ES ; ESPAÑA ; 12 ; MADRID             ; 28 ; Madrid ; 079 ; MADRID ; CL GINZO DE LIMIA 56 ; 28029 ; Operativas ; 
BP ; BANCOS ; 2103 ; UNICAJA BANCO, S.A. (2103) ; ES ; ESPAÑA ; 12 ; MADRID             ; 28 ; Madrid ; 079 ; MADRID ; GL DE BILBAO 5 ; 28004 ; Operativas ; 
BP ; BANCOS ; 2103 ; UNICAJA BANCO, S.A. (2103) ; ES ; ESPAÑA ; 12 ; MADRID             ; 28 ; Madrid ; 079 ; MADRID ; CL LA OCA 69 ; 28025 ; Operativas ; 
BP ; BANCOS ; 2103 ; UNICAJA BANCO, S.A. (2103) ; ES ; ESPAÑA ; 12 ; MADRID             ; 28 ; Madrid ; 079 ; MADRID ; AV PESETA 33 ; 28054 ; Operativas ; 
BP ; BANCOS ; 2103 ; UNICAJA BANCO, S.A. (2103) ; ES ; ESPAÑA ; 12 ; MADRID             ; 28 ; Madrid ; 079 ; MADRID ; CL TITAN 8 ; 28045 ; Operativas ; 
BP ; BANCOS ; 2103 ; UNICAJA BANCO, S.A. (2103) ; ES ; ESPAÑA ; 12 ; MADRID             ; 28 ; Madrid ; 079 ; MADRID ; AV CL DOCTOR ESQUERDO, 118 00044 ; 28007 ; Operativas ; 
BP ; BANCOS ; 2103 ; UNICAJA BANCO, S.A. (2103) ; ES ; ESPAÑA ; 12 ; MADRID             ; 28 ; Madrid ; 079 ; MADRID ; CL ARTURO SORIA, 328. 00328 ; 28033 ; Operativas ; 
BP ; BANCOS ; 2103 ; UNICAJA BANCO, S.A. (2103) ; ES ; ESPAÑA ; 12 ; MADRID             ; 28 ; Madrid ; 079 ; MADRID ; CL GENERAL DÍAZ PORLIER 18 ; 28001 ; Operativas ; 
BP ; BANCOS ; 2103 ; UNICAJA BANCO, S.A. (2103) ; ES ; ESPAÑA ; 12 ; MADRID             ; 28 ; Madrid ; 079 ; MADRID ; CL Profesor Waksman 5 ; 28036 ; Operativas ; 
BP ; BANCOS ; 2103 ; UNICAJA BANCO, S.A. (2103) ; ES ; ESPAÑA ; 12 ; MADRID             ; 28 ; Madrid ; 079 ; MADRID ; CL TOLEDO 171 ; 28005 ; Operativas ; 
BP ; BANCOS ; 2103 ; UNICAJA BANCO, S.A. (2103) ; ES ; ESPAÑA ; 12 ; MADRID             ; 28 ; Madrid ; 079 ; MADRID ; AV REAL DE PINTO 22 ; 28021 ; Operativas ; 
BP ; BANCOS ; 2103 ; UNICAJA BANCO, S.A. (2103) ; ES ; ESPAÑA ; 12 ; MADRID             ; 28 ; Madrid ; 080 ; MAJADAHONDA ; CL SANTA CATALINA 23 ; 28220 ; Operativas ; 
BP ; BANCOS ; 2103 ; UNICAJA BANCO, S.A. (2103) ; ES ; ESPAÑA ; 12 ; MADRID             ; 28 ; Madrid ; 080 ; MAJADAHONDA ; ZZ GRAN VIA, 43 0 ; 28220 ; Operativas ; 
BP ; BANCOS ; 2103 ; UNICAJA BANCO, S.A. (2103) ; ES ; ESPAÑA ; 12 ; MADRID             ; 28 ; Madrid ; 092 ; MOSTOLES ; CL CRISTO 26 ; 28934 ; Operativas ; 
BP ; BANCOS ; 2103 ; UNICAJA BANCO, S.A. (2103) ; ES ; ESPAÑA ; 12 ; MADRID             ; 28 ; Madrid ; 092 ; MOSTOLES ; ZZ ANTONIO HERNANDEZ, 16 0 ; 28931 ; Operativas ; 
BP ; BANCOS ; 2103 ; UNICAJA BANCO, S.A. (2103) ; ES ; ESPAÑA ; 12 ; MADRID             ; 28 ; Madrid ; 092 ; MOSTOLES ; CL VIOLETA 18 ; 28933 ; Operativas ; 
BP ; BANCOS ; 2103 ; UNICAJA BANCO, S.A. (2103) ; ES ; ESPAÑA ; 12 ; MADRID             ; 28 ; Madrid ; 092 ; MOSTOLES ; CL EDUCACION - ESQ. ALMERIA 25 ; 28935 ; Operativas ; 
BP ; BANCOS ; 2103 ; UNICAJA BANCO, S.A. (2103) ; ES ; ESPAÑA ; 12 ; MADRID             ; 28 ; Madrid ; 106 ; PARLA ; CL REAL 46 ; 28982 ; Operativas ; 
BP ; BANCOS ; 2103 ; UNICAJA BANCO, S.A. (2103) ; ES ; ESPAÑA ; 12 ; MADRID             ; 28 ; Madrid ; 106 ; PARLA ; CL CUENCA 1 ; 28982 ; Operativas ; 
BP ; BANCOS ; 2103 ; UNICAJA BANCO, S.A. (2103) ; ES ; ESPAÑA ; 12 ; MADRID             ; 28 ; Madrid ; 113 ; PINTO ; CL ISABEL LA CATÓLICA 27 ; 28320 ; Operativas ; 
BP ; BANCOS ; 2103 ; UNICAJA BANCO, S.A. (2103) ; ES ; ESPAÑA ; 12 ; MADRID             ; 28 ; Madrid ; 113 ; PINTO ; ZZ HOSPITAL, 20 0 ; 28320 ; Operativas ; 
BP ; BANCOS ; 2103 ; UNICAJA BANCO, S.A. (2103) ; ES ; ESPAÑA ; 12 ; MADRID             ; 28 ; Madrid ; 115 ; POZUELO DE ALARCON ; AV DE EUROPA (ESQUINA CL SUECIA) S/N ; 28224 ; Operativas ; 
BP ; BANCOS ; 2103 ; UNICAJA BANCO, S.A. (2103) ; ES ; ESPAÑA ; 12 ; MADRID             ; 28 ; Madrid ; 123 ; RIVAS-VACIAMADRID ; AV PABLO IGLESIAS 83 ; 28521 ; Operativas ; 
BP ; BANCOS ; 2103 ; UNICAJA BANCO, S.A. (2103) ; ES ; ESPAÑA ; 12 ; MADRID             ; 28 ; Madrid ; 123 ; RIVAS-VACIAMADRID ; AV  DE LEVANTE, 126 0 ; 28521 ; Operativas ; 
BP ; BANCOS ; 2103 ; UNICAJA BANCO, S.A. (2103) ; ES ; ESPAÑA ; 12 ; MADRID             ; 28 ; Madrid ; 127 ; ROZAS DE MADRID (LAS) ; CL REAL 33 ; 28230 ; Operativas ; 
BP ; BANCOS ; 2103 ; UNICAJA BANCO, S.A. (2103) ; ES ; ESPAÑA ; 12 ; MADRID             ; 28 ; Madrid ; 134 ; SAN SEBASTIAN DE LOS REYES ; CL HONTANILLAS 2 ; 28700 ; Operativas ; 
BP ; BANCOS ; 2103 ; UNICAJA BANCO, S.A. (2103) ; ES ; ESPAÑA ; 12 ; MADRID             ; 28 ; Madrid ; 134 ; SAN SEBASTIAN DE LOS REYES ; CL SAN ROQUE 45 ; 28700 ; Operativas ; 
BP ; BANCOS ; 2103 ; UNICAJA BANCO, S.A. (2103) ; ES ; ESPAÑA ; 12 ; MADRID             ; 28 ; Madrid ; 148 ; TORREJON DE ARDOZ ; CL CRISTO 5 ; 28850 ; Operativas ; 
BP ; BANCOS ; 2103 ; UNICAJA BANCO, S.A. (2103) ; ES ; ESPAÑA ; 12 ; MADRID             ; 28 ; Madrid ; 148 ; TORREJON DE ARDOZ ; AV CONSTITUCION 53 ; 28850 ; Operativas ; 
BP ; BANCOS ; 2103 ; UNICAJA BANCO, S.A. (2103) ; ES ; ESPAÑA ; 12 ; MADRID             ; 28 ; Madrid ; 161 ; VALDEMORO ; PZ DE LA PIÑA S/N ; 28340 ; Operativas ; 
BP ; BANCOS ; 2103 ; UNICAJA BANCO, S.A. (2103) ; ES ; ESPAÑA ; 12 ; MADRID             ; 28 ; Madrid ; 903 ; TRES CANTOS ; AV DE COLMENAR VIEJO 39 ; 28760 ; Operativas ; 
BP ; BANCOS ; 3183 ; ARQUIA BANK, S.A. (3183) ; ES ; ESPAÑA ; 12 ; MADRID             ; 28 ; Madrid ; 079 ; MADRID ; CL CAPITAN HAYA 00066 ; 28020 ; Operativas ; 
BP ; BANCOS ; 3183 ; ARQUIA BANK, S.A. (3183) ; ES ; ESPAÑA ; 12 ; MADRID             ; 28 ; Madrid ; 079 ; MADRID ; CL RECOLETOS 21 BIS 21BIS ; 28001 ; Operativas ; 
BP ; BANCOS ; 3183 ; ARQUIA BANK, S.A. (3183) ; ES ; ESPAÑA ; 12 ; MADRID             ; 28 ; Madrid ; 079 ; MADRID ; CL RECOLETOS 00021 ; 28001 ; Operativas ; 
BP ; BANCOS ; 3183 ; ARQUIA BANK, S.A. (3183) ; ES ; ESPAÑA ; 12 ; MADRID             ; 28 ; Madrid ; 079 ; MADRID ; ZZ PRESIDENTE CARMONA, 12  ; 28020 ; Operativas ; 
BP ; BANCOS ; 3183 ; ARQUIA BANK, S.A. (3183) ; ES ; ESPAÑA ; 12 ; MADRID             ; 28 ; Madrid ; 079 ; MADRID ; ZZ BARQUILLO, 6  ; 28004 ; Operativas ; 
ECVM ; COMPRA VENTA M.E. ; 1702 ; EURODIVISAS, S.A. (1702) ; ES ; ESPAÑA ; 12 ; MADRID             ; 28 ; Madrid ; 079 ; MADRID ; LG Aeropuerto de Madrid-Barajas T4 S/N ; 28042 ; Operativas ; 
ECVM ; COMPRA VENTA M.E. ; 1702 ; EURODIVISAS, S.A. (1702) ; ES ; ESPAÑA ; 12 ; MADRID             ; 28 ; Madrid ; 079 ; MADRID ; LG Aeropuerto de Madrid-Barajas T4 S/N ; 28042 ; Operativas ; 
ECVM ; COMPRA VENTA M.E. ; 1702 ; EURODIVISAS, S.A. (1702) ; ES ; ESPAÑA ; 12 ; MADRID             ; 28 ; Madrid ; 079 ; MADRID ; LG Aeropuerto de Madrid-Barajas T4 S/N ; 28042 ; Operativas ; 
ECVM ; COMPRA VENTA M.E. ; 1702 ; EURODIVISAS, S.A. (1702) ; ES ; ESPAÑA ; 12 ; MADRID             ; 28 ; Madrid ; 079 ; MADRID ; LG Aeropuerto de Madrid-Barajas T4 S/N ; 28042 ; Operativas ; 
ECVM ; COMPRA VENTA M.E. ; 1702 ; EURODIVISAS, S.A. (1702) ; ES ; ESPAÑA ; 12 ; MADRID             ; 28 ; Madrid ; 079 ; MADRID ; LG Aeropuerto de Madrid-Barajas T4 S/N ; 28042 ; Operativas ; 
ECVM ; COMPRA VENTA M.E. ; 1702 ; EURODIVISAS, S.A. (1702) ; ES ; ESPAÑA ; 12 ; MADRID             ; 28 ; Madrid ; 079 ; MADRID ; CL ARENAL 7 ; 28013 ; Operativas ; 
ECVM ; COMPRA VENTA M.E. ; 1702 ; EURODIVISAS, S.A. (1702) ; ES ; ESPAÑA ; 12 ; MADRID             ; 28 ; Madrid ; 079 ; MADRID ; LG Aeropuerto de Madrid-Barajas T4 S/N ; 28042 ; Operativas ; 
ECVM ; COMPRA VENTA M.E. ; 1702 ; EURODIVISAS, S.A. (1702) ; ES ; ESPAÑA ; 12 ; MADRID             ; 28 ; Madrid ; 079 ; MADRID ; CL MAYOR 88 ; 28013 ; Operativas ; 
ECVM ; COMPRA VENTA M.E. ; 1702 ; EURODIVISAS, S.A. (1702) ; ES ; ESPAÑA ; 12 ; MADRID             ; 28 ; Madrid ; 079 ; MADRID ; AV AVENIDA De la Hispanidad - Aeropuerto Adolfo Suárez S/N ; 28042 ; Operativas ; 
ECVM ; COMPRA VENTA M.E. ; 1702 ; EURODIVISAS, S.A. (1702) ; ES ; ESPAÑA ; 12 ; MADRID             ; 28 ; Madrid ; 079 ; MADRID ; AV De la Hispanidad s/n ; 28042 ; Operativas ; 
ECVM ; COMPRA VENTA M.E. ; 1702 ; EURODIVISAS, S.A. (1702) ; ES ; ESPAÑA ; 12 ; MADRID             ; 28 ; Madrid ; 079 ; MADRID ; CL ALCALÁ 67 ; 28014 ; Operativas ; 
ECVM ; COMPRA VENTA M.E. ; 1704 ; CHANGE EXPRESS, S.A. (1704) ; ES ; ESPAÑA ; 12 ; MADRID             ; 28 ; Madrid ; 006 ; ALCOBENDAS ; CL CONSTITUCION 50 ; 28100 ; Operativas ; 
ECVM ; COMPRA VENTA M.E. ; 1704 ; CHANGE EXPRESS, S.A. (1704) ; ES ; ESPAÑA ; 12 ; MADRID             ; 28 ; Madrid ; 047 ; COLLADO VILLALBA ; CL REAL 28 ; 28400 ; Operativas ; 
ECVM ; COMPRA VENTA M.E. ; 1704 ; CHANGE EXPRESS, S.A. (1704) ; ES ; ESPAÑA ; 12 ; MADRID             ; 28 ; Madrid ; 058 ; FUENLABRADA ; CL PELAYOS 1 ; 28945 ; Operativas ; 
ECVM ; COMPRA VENTA M.E. ; 1704 ; CHANGE EXPRESS, S.A. (1704) ; ES ; ESPAÑA ; 12 ; MADRID             ; 28 ; Madrid ; 079 ; MADRID ; CL GRAN VIA 56 ; 28004 ; Operativas ; 
ECVM ; COMPRA VENTA M.E. ; 1704 ; CHANGE EXPRESS, S.A. (1704) ; ES ; ESPAÑA ; 12 ; MADRID             ; 28 ; Madrid ; 079 ; MADRID ; AV de la Albufera 56 ; 28038 ; Operativas ; 
ECVM ; COMPRA VENTA M.E. ; 1704 ; CHANGE EXPRESS, S.A. (1704) ; ES ; ESPAÑA ; 12 ; MADRID             ; 28 ; Madrid ; 079 ; MADRID ; CL GRAN VIA 25 ; 28013 ; Operativas ; 
ECVM ; COMPRA VENTA M.E. ; 1704 ; CHANGE EXPRESS, S.A. (1704) ; ES ; ESPAÑA ; 12 ; MADRID             ; 28 ; Madrid ; 079 ; MADRID ; CL GRAN VIA 16 ; 28013 ; Operativas ; 
ECVM ; COMPRA VENTA M.E. ; 1704 ; CHANGE EXPRESS, S.A. (1704) ; ES ; ESPAÑA ; 12 ; MADRID             ; 28 ; Madrid ; 079 ; MADRID ; CL Princesa 98 ; 28008 ; Operativas ; 
ECVM ; COMPRA VENTA M.E. ; 1704 ; CHANGE EXPRESS, S.A. (1704) ; ES ; ESPAÑA ; 12 ; MADRID             ; 28 ; Madrid ; 079 ; MADRID ; PZ del Callao 1 ; 28013 ; Operativas ; 
ECVM ; COMPRA VENTA M.E. ; 1782 ; UNIVERSAL DE CAMBIOS, S.A. (1782) ; ES ; ESPAÑA ; 12 ; MADRID             ; 28 ; Madrid ; 079 ; MADRID ; CL APOLONIO MORALES 1 ; 28036 ; Operativas ; 
ECVM ; COMPRA VENTA M.E. ; 1782 ; UNIVERSAL DE CAMBIOS, S.A. (1782) ; ES ; ESPAÑA ; 12 ; MADRID             ; 28 ; Madrid ; 079 ; MADRID ; CL MESONERO ROMANOS 10 ; 28013 ; Operativas ; 
ECVM ; COMPRA VENTA M.E. ; 1782 ; UNIVERSAL DE CAMBIOS, S.A. (1782) ; ES ; ESPAÑA ; 12 ; MADRID             ; 28 ; Madrid ; 079 ; MADRID ; CL MONTERA 43 ; 28013 ; Operativas ; 
ECVM ; COMPRA VENTA M.E. ; 1785 ; EUROCHANGE MONEY SERVICES, S.A. (1785) ; ES ; ESPAÑA ; 12 ; MADRID             ; 28 ; Madrid ; 079 ; MADRID ; CL alcalá 414 ; 28027 ; Operativas ; 
ECVM ; COMPRA VENTA M.E. ; 1785 ; EUROCHANGE MONEY SERVICES, S.A. (1785) ; ES ; ESPAÑA ; 12 ; MADRID             ; 28 ; Madrid ; 079 ; MADRID ; CL CARMEN 27 ; 28013 ; Operativas ; 
ECVM ; COMPRA VENTA M.E. ; 1785 ; EUROCHANGE MONEY SERVICES, S.A. (1785) ; ES ; ESPAÑA ; 12 ; MADRID             ; 28 ; Madrid ; 079 ; MADRID ; CL JACOMETREZO 11 ; 28013 ; Operativas ; 
ECVM ; COMPRA VENTA M.E. ; 1785 ; EUROCHANGE MONEY SERVICES, S.A. (1785) ; ES ; ESPAÑA ; 12 ; MADRID             ; 28 ; Madrid ; 079 ; MADRID ; CL BRAVO MURILLO 92 ; 28003 ; Operativas ; 
ECVM ; COMPRA VENTA M.E. ; 1785 ; EUROCHANGE MONEY SERVICES, S.A. (1785) ; ES ; ESPAÑA ; 12 ; MADRID             ; 28 ; Madrid ; 079 ; MADRID ; AV ALBUFERA 102LOCAL 2 ESQUINA CALLE PICO DE ALBA 1 102 ; 28038 ; Operativas ; 
ECVM ; COMPRA VENTA M.E. ; 1785 ; EUROCHANGE MONEY SERVICES, S.A. (1785) ; ES ; ESPAÑA ; 12 ; MADRID             ; 28 ; Madrid ; 079 ; MADRID ; PZ San Miguel 1 ; 28005 ; Operativas ; 
ECVM ; COMPRA VENTA M.E. ; 1787 ; BEST AND FAST CHANGE ESPAÑA, S.A. (1787) ; ES ; ESPAÑA ; 12 ; MADRID             ; 28 ; Madrid ; 079 ; MADRID ; PZ PUERTA DEL SOL 12 ; 28013 ; Operativas ; 
ECVM ; COMPRA VENTA M.E. ; 1788 ; EUROPOUND EXCHANGE, S.A. (1788) ; ES ; ESPAÑA ; 12 ; MADRID             ; 28 ; Madrid ; 079 ; MADRID ; CL CUCHILLEROS 14 ; 28005 ; Operativas ; 
ECVM ; COMPRA VENTA M.E. ; 1788 ; EUROPOUND EXCHANGE, S.A. (1788) ; ES ; ESPAÑA ; 12 ; MADRID             ; 28 ; Madrid ; 079 ; MADRID ; CL HORTALEZA 29 ; 28004 ; Operativas ; 
ECVM ; COMPRA VENTA M.E. ; 1788 ; EUROPOUND EXCHANGE, S.A. (1788) ; ES ; ESPAÑA ; 12 ; MADRID             ; 28 ; Madrid ; 079 ; MADRID ; CL ATOCHA 95 ; 28012 ; Operativas ; 
ECVM ; COMPRA VENTA M.E. ; 1788 ; EUROPOUND EXCHANGE, S.A. (1788) ; ES ; ESPAÑA ; 12 ; MADRID             ; 28 ; Madrid ; 079 ; MADRID ; CL CARRETAS 21 ; 28012 ; Operativas ; 
ECVM ; COMPRA VENTA M.E. ; 1790 ; CHANGEGROUP SPAIN, S.A. (1790) ; ES ; ESPAÑA ; 12 ; MADRID             ; 28 ; Madrid ; 079 ; MADRID ; CL GRAN VIA 63 ; 28013 ; Operativas ; 
ECVM ; COMPRA VENTA M.E. ; 1790 ; CHANGEGROUP SPAIN, S.A. (1790) ; ES ; ESPAÑA ; 12 ; MADRID             ; 28 ; Madrid ; 079 ; MADRID ; CL PRECIADOS 19 ; 28013 ; Operativas ; 
ECVM ; COMPRA VENTA M.E. ; 1790 ; CHANGEGROUP SPAIN, S.A. (1790) ; ES ; ESPAÑA ; 12 ; MADRID             ; 28 ; Madrid ; 079 ; MADRID ; CL GRAN VIA 49 ; 28013 ; Operativas ; 
ECVM ; COMPRA VENTA M.E. ; 1790 ; CHANGEGROUP SPAIN, S.A. (1790) ; ES ; ESPAÑA ; 12 ; MADRID             ; 28 ; Madrid ; 079 ; MADRID ; ZZ PUERTA DEL SOL 6 ; 28013 ; Operativas ; 
ECVM ; COMPRA VENTA M.E. ; 1790 ; CHANGEGROUP SPAIN, S.A. (1790) ; ES ; ESPAÑA ; 12 ; MADRID             ; 28 ; Madrid ; 079 ; MADRID ; CL ARENAL 15 ; 28013 ; Operativas ; 
ECVM ; COMPRA VENTA M.E. ; 1790 ; CHANGEGROUP SPAIN, S.A. (1790) ; ES ; ESPAÑA ; 12 ; MADRID             ; 28 ; Madrid ; 079 ; MADRID ; CL CARRETAS 33 ; 28012 ; Operativas ; 
ECVM ; COMPRA VENTA M.E. ; 1790 ; CHANGEGROUP SPAIN, S.A. (1790) ; ES ; ESPAÑA ; 12 ; MADRID             ; 28 ; Madrid ; 079 ; MADRID ; CL CARRERA SAN JERONIMO 3 ; 28014 ; Operativas ; 
ECVM ; COMPRA VENTA M.E. ; 1790 ; CHANGEGROUP SPAIN, S.A. (1790) ; ES ; ESPAÑA ; 12 ; MADRID             ; 28 ; Madrid ; 079 ; MADRID ; CL MONTERA 7 S/N ; 28013 ; Operativas ; 
ECVM ; COMPRA VENTA M.E. ; 1790 ; CHANGEGROUP SPAIN, S.A. (1790) ; ES ; ESPAÑA ; 12 ; MADRID             ; 28 ; Madrid ; 079 ; MADRID ; CL FUENCARRAL 14 ; 28004 ; Operativas ; 
ECVM ; COMPRA VENTA M.E. ; 1790 ; CHANGEGROUP SPAIN, S.A. (1790) ; ES ; ESPAÑA ; 12 ; MADRID             ; 28 ; Madrid ; 079 ; MADRID ; CL GRAN VIA 31 ; 28013 ; Operativas ; 
ECVM ; COMPRA VENTA M.E. ; 1790 ; CHANGEGROUP SPAIN, S.A. (1790) ; ES ; ESPAÑA ; 12 ; MADRID             ; 28 ; Madrid ; 079 ; MADRID ; CL GRAN VIA 15 ; 28013 ; Operativas ; 
ECVM ; COMPRA VENTA M.E. ; 1790 ; CHANGEGROUP SPAIN, S.A. (1790) ; ES ; ESPAÑA ; 12 ; MADRID             ; 28 ; Madrid ; 079 ; MADRID ; CL GRAN VIA 12 ; 28013 ; Operativas ; 
ECVM ; COMPRA VENTA M.E. ; 1792 ; NOVACAMBIOS EXCHANGE ESPAÑA, S.A. (1792) ; ES ; ESPAÑA ; 12 ; MADRID             ; 28 ; Madrid ; 079 ; MADRID ; AV GENERAL PERÓN 40 ; 28020 ; Operativas ; 
ECVM ; COMPRA VENTA M.E. ; 1792 ; NOVACAMBIOS EXCHANGE ESPAÑA, S.A. (1792) ; ES ; ESPAÑA ; 12 ; MADRID             ; 28 ; Madrid ; 079 ; MADRID ; CL San Cristobal 4 ; 28012 ; Operativas ; 
ECVM ; COMPRA VENTA M.E. ; 1793 ; CURRENCY MARKET, S.A. (1793) ; ES ; ESPAÑA ; 12 ; MADRID             ; 28 ; Madrid ; 079 ; MADRID ; PZ TIRSO DE MOLINA 12 ; 28012 ; Operativas ; 
ECVM ; COMPRA VENTA M.E. ; 1793 ; CURRENCY MARKET, S.A. (1793) ; ES ; ESPAÑA ; 12 ; MADRID             ; 28 ; Madrid ; 079 ; MADRID ; CL ALCALA 184 ; 28028 ; Operativas ; 
ECVM ; COMPRA VENTA M.E. ; 1793 ; CURRENCY MARKET, S.A. (1793) ; ES ; ESPAÑA ; 12 ; MADRID             ; 28 ; Madrid ; 079 ; MADRID ; CL Alcalá 351 ; 28027 ; Operativas ; 
ECVM ; COMPRA VENTA M.E. ; 1793 ; CURRENCY MARKET, S.A. (1793) ; ES ; ESPAÑA ; 12 ; MADRID             ; 28 ; Madrid ; 079 ; MADRID ; CL San Bernardo 118 ; 28015 ; Operativas ; 
ECVM ; COMPRA VENTA M.E. ; 1793 ; CURRENCY MARKET, S.A. (1793) ; ES ; ESPAÑA ; 12 ; MADRID             ; 28 ; Madrid ; 079 ; MADRID ; CL BRAVO MURILLO 117 ; 28020 ; Operativas ; 
ECVM ; COMPRA VENTA M.E. ; 1793 ; CURRENCY MARKET, S.A. (1793) ; ES ; ESPAÑA ; 12 ; MADRID             ; 28 ; Madrid ; 079 ; MADRID ; CL Ferrocarril 12 ; 28045 ; Operativas ; 
ECVM ; COMPRA VENTA M.E. ; 1793 ; CURRENCY MARKET, S.A. (1793) ; ES ; ESPAÑA ; 12 ; MADRID             ; 28 ; Madrid ; 079 ; MADRID ; CL sor angela de la cruz 43B ; 28020 ; Operativas ; 
ECVM ; COMPRA VENTA M.E. ; 1796 ; EUROFOREXCHANGE, SOCIEDAD ANÓNIMA (1796) ; ES ; ESPAÑA ; 12 ; MADRID             ; 28 ; Madrid ; 079 ; MADRID ; CL MAYOR 21 ; 28013 ; Operativas ; 
ECVM ; COMPRA VENTA M.E. ; 1796 ; EUROFOREXCHANGE, SOCIEDAD ANÓNIMA (1796) ; ES ; ESPAÑA ; 12 ; MADRID             ; 28 ; Madrid ; 079 ; MADRID ; CL MAYOR 44 ; 28013 ; Operativas ; 
CC ; COOPERATIVAS DE CREDITO ; 3009 ; CAJA R. DE EXTREMADURA, S.C.C. (3009) ; ES ; ESPAÑA ; 12 ; MADRID             ; 28 ; Madrid ; 092 ; MOSTOLES ; AV ÍKER CASILLAS 00044 ; 28935 ; Operativas ; 
CC ; COOPERATIVAS DE CREDITO ; 3017 ; CAJA R. DE SORIA, S.C.C. (3017) ; ES ; ESPAÑA ; 12 ; MADRID             ; 28 ; Madrid ; 005 ; ALCALA DE HENARES ; AV JOSE Mª PEREDA 9 ; 28806 ; Operativas ; 
CC ; COOPERATIVAS DE CREDITO ; 3017 ; CAJA R. DE SORIA, S.C.C. (3017) ; ES ; ESPAÑA ; 12 ; MADRID             ; 28 ; Madrid ; 006 ; ALCOBENDAS ; CL CONSTITUCIÓN 37 ; 28100 ; Operativas ; 
CC ; COOPERATIVAS DE CREDITO ; 3017 ; CAJA R. DE SORIA, S.C.C. (3017) ; ES ; ESPAÑA ; 12 ; MADRID             ; 28 ; Madrid ; 007 ; ALCORCON ; CL  TIMANFAYA, 30 POSTERIOR, LOCAL 10 S/N ; 28924 ; Operativas ; 
CC ; COOPERATIVAS DE CREDITO ; 3017 ; CAJA R. DE SORIA, S.C.C. (3017) ; ES ; ESPAÑA ; 12 ; MADRID             ; 28 ; Madrid ; 065 ; GETAFE ; CL RAMON Y CAJAL 29 ; 28901 ; Operativas ; 
CC ; COOPERATIVAS DE CREDITO ; 3017 ; CAJA R. DE SORIA, S.C.C. (3017) ; ES ; ESPAÑA ; 12 ; MADRID             ; 28 ; Madrid ; 074 ; LEGANES ; AV UNIVERSIDAD 5 ; 28911 ; Operativas ; 
CC ; COOPERATIVAS DE CREDITO ; 3017 ; CAJA R. DE SORIA, S.C.C. (3017) ; ES ; ESPAÑA ; 12 ; MADRID             ; 28 ; Madrid ; 079 ; MADRID ; CL DOCTOR ESQUERDO 33 ; 28028 ; Operativas ; 
CC ; COOPERATIVAS DE CREDITO ; 3017 ; CAJA R. DE SORIA, S.C.C. (3017) ; ES ; ESPAÑA ; 12 ; MADRID             ; 28 ; Madrid ; 079 ; MADRID ; CL NAVARRA 2 ; 28039 ; Operativas ; 
CC ; COOPERATIVAS DE CREDITO ; 3017 ; CAJA R. DE SORIA, S.C.C. (3017) ; ES ; ESPAÑA ; 12 ; MADRID             ; 28 ; Madrid ; 079 ; MADRID ; CL Ríos Rosas 54 ; 28003 ; Operativas ; 
CC ; COOPERATIVAS DE CREDITO ; 3017 ; CAJA R. DE SORIA, S.C.C. (3017) ; ES ; ESPAÑA ; 12 ; MADRID             ; 28 ; Madrid ; 079 ; MADRID ; CL ALCALA 391 ; 28027 ; Operativas ; 
CC ; COOPERATIVAS DE CREDITO ; 3017 ; CAJA R. DE SORIA, S.C.C. (3017) ; ES ; ESPAÑA ; 12 ; MADRID             ; 28 ; Madrid ; 148 ; TORREJON DE ARDOZ ; CL ENMEDIO 13 ; 28850 ; Operativas ; 
CC ; COOPERATIVAS DE CREDITO ; 3023 ; CAJA R. DE GRANADA, S.C.C. (3023) ; ES ; ESPAÑA ; 12 ; MADRID             ; 28 ; Madrid ; 005 ; ALCALA DE HENARES ; AV Guadalajara 8 ; 28805 ; Operativas ; 
CC ; COOPERATIVAS DE CREDITO ; 3023 ; CAJA R. DE GRANADA, S.C.C. (3023) ; ES ; ESPAÑA ; 12 ; MADRID             ; 28 ; Madrid ; 079 ; MADRID ; AV MENENDEZ PELAYO 30 ; 28007 ; Operativas ; 
CC ; COOPERATIVAS DE CREDITO ; 3023 ; CAJA R. DE GRANADA, S.C.C. (3023) ; ES ; ESPAÑA ; 12 ; MADRID             ; 28 ; Madrid ; 079 ; MADRID ; PZ DEL MARQUES DE SALAMANCA 11 ; 28006 ; Operativas ; 
CC ; COOPERATIVAS DE CREDITO ; 3025 ; CAIXA C. DELS ENGINYERS, S.C.C. (3025) ; ES ; ESPAÑA ; 12 ; MADRID             ; 28 ; Madrid ; 079 ; MADRID ; CL ALBERTO ALCOCER 46 ; 28016 ; Operativas ; 
CC ; COOPERATIVAS DE CREDITO ; 3025 ; CAIXA C. DELS ENGINYERS, S.C.C. (3025) ; ES ; ESPAÑA ; 12 ; MADRID             ; 28 ; Madrid ; 079 ; MADRID ; CL O'DONNELL 15 ; 28009 ; Operativas ; 
CC ; COOPERATIVAS DE CREDITO ; 3025 ; CAIXA C. DELS ENGINYERS, S.C.C. (3025) ; ES ; ESPAÑA ; 12 ; MADRID             ; 28 ; Madrid ; 079 ; MADRID ; CL CARRANZA 5 ; 28004 ; Operativas ; 
CC ; COOPERATIVAS DE CREDITO ; 3035 ; CAJA LABORAL POPULAR COOP. CREDITO (3035) ; ES ; ESPAÑA ; 12 ; MADRID             ; 28 ; Madrid ; 005 ; ALCALA DE HENARES ; CL LIBREROS 32 ; 28801 ; Operativas ; 
CC ; COOPERATIVAS DE CREDITO ; 3035 ; CAJA LABORAL POPULAR COOP. CREDITO (3035) ; ES ; ESPAÑA ; 12 ; MADRID             ; 28 ; Madrid ; 007 ; ALCORCON ; CL MAYOR 00085 ; 28921 ; Operativas ; 
CC ; COOPERATIVAS DE CREDITO ; 3035 ; CAJA LABORAL POPULAR COOP. CREDITO (3035) ; ES ; ESPAÑA ; 12 ; MADRID             ; 28 ; Madrid ; 058 ; FUENLABRADA ; AV ESPAÑA 00012 ; 28941 ; Operativas ; 
CC ; COOPERATIVAS DE CREDITO ; 3035 ; CAJA LABORAL POPULAR COOP. CREDITO (3035) ; ES ; ESPAÑA ; 12 ; MADRID             ; 28 ; Madrid ; 065 ; GETAFE ; CL MADRID 00083 ; 28902 ; Operativas ; 
CC ; COOPERATIVAS DE CREDITO ; 3035 ; CAJA LABORAL POPULAR COOP. CREDITO (3035) ; ES ; ESPAÑA ; 12 ; MADRID             ; 28 ; Madrid ; 074 ; LEGANES ; CL LA FUENTE 00033 ; 28911 ; Operativas ; 
CC ; COOPERATIVAS DE CREDITO ; 3035 ; CAJA LABORAL POPULAR COOP. CREDITO (3035) ; ES ; ESPAÑA ; 12 ; MADRID             ; 28 ; Madrid ; 079 ; MADRID ; AV ALBUFERA 00033 ; 28038 ; Operativas ; 
CC ; COOPERATIVAS DE CREDITO ; 3035 ; CAJA LABORAL POPULAR COOP. CREDITO (3035) ; ES ; ESPAÑA ; 12 ; MADRID             ; 28 ; Madrid ; 079 ; MADRID ; CL ALCALA 152 ; 28028 ; Operativas ; 
CC ; COOPERATIVAS DE CREDITO ; 3035 ; CAJA LABORAL POPULAR COOP. CREDITO (3035) ; ES ; ESPAÑA ; 12 ; MADRID             ; 28 ; Madrid ; 079 ; MADRID ; PS DE LA CASTELLANA 00167 ; 28046 ; Operativas ; 
CC ; COOPERATIVAS DE CREDITO ; 3035 ; CAJA LABORAL POPULAR COOP. CREDITO (3035) ; ES ; ESPAÑA ; 12 ; MADRID             ; 28 ; Madrid ; 079 ; MADRID ; CL GENOVA 10 ; 28004 ; Operativas ; 
CC ; COOPERATIVAS DE CREDITO ; 3035 ; CAJA LABORAL POPULAR COOP. CREDITO (3035) ; ES ; ESPAÑA ; 12 ; MADRID             ; 28 ; Madrid ; 080 ; MAJADAHONDA ; CL GRAN VIA 31 ; 28220 ; Operativas ; 
CC ; COOPERATIVAS DE CREDITO ; 3035 ; CAJA LABORAL POPULAR COOP. CREDITO (3035) ; ES ; ESPAÑA ; 12 ; MADRID             ; 28 ; Madrid ; 092 ; MOSTOLES ; AV CONSTITUCION 00029 ; 28931 ; Operativas ; 
CC ; COOPERATIVAS DE CREDITO ; 3035 ; CAJA LABORAL POPULAR COOP. CREDITO (3035) ; ES ; ESPAÑA ; 12 ; MADRID             ; 28 ; Madrid ; 123 ; RIVAS-VACIAMADRID ; AV JOSE HIERRO 94 B ; 28521 ; Operativas ; 
CC ; COOPERATIVAS DE CREDITO ; 3035 ; CAJA LABORAL POPULAR COOP. CREDITO (3035) ; ES ; ESPAÑA ; 12 ; MADRID             ; 28 ; Madrid ; 134 ; SAN SEBASTIAN DE LOS REYES ; CL REAL 00005 ; 28700 ; Operativas ; 
CC ; COOPERATIVAS DE CREDITO ; 3058 ; CAJAMAR CAJA RURAL, S.C.C. (3058) ; ES ; ESPAÑA ; 12 ; MADRID             ; 28 ; Madrid ; 005 ; ALCALA DE HENARES ; CL VIA COMPLUTENSE 00001 ; 28805 ; Operativas ; 
CC ; COOPERATIVAS DE CREDITO ; 3058 ; CAJAMAR CAJA RURAL, S.C.C. (3058) ; ES ; ESPAÑA ; 12 ; MADRID             ; 28 ; Madrid ; 006 ; ALCOBENDAS ; CL C/Del Turco 2 ; 28100 ; Operativas ; 
CC ; COOPERATIVAS DE CREDITO ; 3058 ; CAJAMAR CAJA RURAL, S.C.C. (3058) ; ES ; ESPAÑA ; 12 ; MADRID             ; 28 ; Madrid ; 007 ; ALCORCON ; PZ MAYOR 00075 ; 28922 ; Operativas ; 
CC ; COOPERATIVAS DE CREDITO ; 3058 ; CAJAMAR CAJA RURAL, S.C.C. (3058) ; ES ; ESPAÑA ; 12 ; MADRID             ; 28 ; Madrid ; 013 ; ARANJUEZ ; CL GOBERNADOR 00073 ; 28300 ; Operativas ; 
CC ; COOPERATIVAS DE CREDITO ; 3058 ; CAJAMAR CAJA RURAL, S.C.C. (3058) ; ES ; ESPAÑA ; 12 ; MADRID             ; 28 ; Madrid ; 014 ; ARGANDA DEL REY ; AV EJERCITO 00017 ; 28500 ; Operativas ; 
CC ; COOPERATIVAS DE CREDITO ; 3058 ; CAJAMAR CAJA RURAL, S.C.C. (3058) ; ES ; ESPAÑA ; 12 ; MADRID             ; 28 ; Madrid ; 047 ; COLLADO VILLALBA ; CL REAL 00059 ; 28400 ; Operativas ; 
CC ; COOPERATIVAS DE CREDITO ; 3058 ; CAJAMAR CAJA RURAL, S.C.C. (3058) ; ES ; ESPAÑA ; 12 ; MADRID             ; 28 ; Madrid ; 058 ; FUENLABRADA ; CL FRANCISCO JAVIER SAUQUILLO 00027 ; 28944 ; Operativas ; 
CC ; COOPERATIVAS DE CREDITO ; 3058 ; CAJAMAR CAJA RURAL, S.C.C. (3058) ; ES ; ESPAÑA ; 12 ; MADRID             ; 28 ; Madrid ; 065 ; GETAFE ; CL MADRID 00113 ; 28902 ; Operativas ; 
CC ; COOPERATIVAS DE CREDITO ; 3058 ; CAJAMAR CAJA RURAL, S.C.C. (3058) ; ES ; ESPAÑA ; 12 ; MADRID             ; 28 ; Madrid ; 074 ; LEGANES ; AV JUAN CARLOS I 00106 ; 28916 ; Operativas ; 
CC ; COOPERATIVAS DE CREDITO ; 3058 ; CAJAMAR CAJA RURAL, S.C.C. (3058) ; ES ; ESPAÑA ; 12 ; MADRID             ; 28 ; Madrid ; 079 ; MADRID ; CL ALCALA 00024 ; 28014 ; Operativas ; 
CC ; COOPERATIVAS DE CREDITO ; 3058 ; CAJAMAR CAJA RURAL, S.C.C. (3058) ; ES ; ESPAÑA ; 12 ; MADRID             ; 28 ; Madrid ; 079 ; MADRID ; CL ALCALA 00283 ; 28027 ; Operativas ; 
CC ; COOPERATIVAS DE CREDITO ; 3058 ; CAJAMAR CAJA RURAL, S.C.C. (3058) ; ES ; ESPAÑA ; 12 ; MADRID             ; 28 ; Madrid ; 079 ; MADRID ; PS MARCELINO CAMACHO 27 ; 28025 ; Operativas ; 
CC ; COOPERATIVAS DE CREDITO ; 3058 ; CAJAMAR CAJA RURAL, S.C.C. (3058) ; ES ; ESPAÑA ; 12 ; MADRID             ; 28 ; Madrid ; 079 ; MADRID ; AV LA ALBUFERA 00057 ; 28038 ; Operativas ; 
CC ; COOPERATIVAS DE CREDITO ; 3058 ; CAJAMAR CAJA RURAL, S.C.C. (3058) ; ES ; ESPAÑA ; 12 ; MADRID             ; 28 ; Madrid ; 079 ; MADRID ; CL FUENTE DEL BERRO 00001 ; 28009 ; Operativas ; 
CC ; COOPERATIVAS DE CREDITO ; 3058 ; CAJAMAR CAJA RURAL, S.C.C. (3058) ; ES ; ESPAÑA ; 12 ; MADRID             ; 28 ; Madrid ; 079 ; MADRID ; CL BRAVO MURILLO 00198 ; 28020 ; Operativas ; 
CC ; COOPERATIVAS DE CREDITO ; 3058 ; CAJAMAR CAJA RURAL, S.C.C. (3058) ; ES ; ESPAÑA ; 12 ; MADRID             ; 28 ; Madrid ; 079 ; MADRID ; CR VILLAVERDE - VALLECAS 00003 ; 28053 ; Operativas ; 
CC ; COOPERATIVAS DE CREDITO ; 3058 ; CAJAMAR CAJA RURAL, S.C.C. (3058) ; ES ; ESPAÑA ; 12 ; MADRID             ; 28 ; Madrid ; 079 ; MADRID ; CL GENERAL RICARDOS 00090 ; 28019 ; Operativas ; 
CC ; COOPERATIVAS DE CREDITO ; 3058 ; CAJAMAR CAJA RURAL, S.C.C. (3058) ; ES ; ESPAÑA ; 12 ; MADRID             ; 28 ; Madrid ; 079 ; MADRID ; AV PABLO NERUDA 00013 ; 28038 ; Operativas ; 
CC ; COOPERATIVAS DE CREDITO ; 3058 ; CAJAMAR CAJA RURAL, S.C.C. (3058) ; ES ; ESPAÑA ; 12 ; MADRID             ; 28 ; Madrid ; 079 ; MADRID ; CL JORGE JUAN 00019 ; 28001 ; Operativas ; 
CC ; COOPERATIVAS DE CREDITO ; 3058 ; CAJAMAR CAJA RURAL, S.C.C. (3058) ; ES ; ESPAÑA ; 12 ; MADRID             ; 28 ; Madrid ; 079 ; MADRID ; CL DOCTOR FLEMING 00016 ; 28036 ; Operativas ; 
CC ; COOPERATIVAS DE CREDITO ; 3058 ; CAJAMAR CAJA RURAL, S.C.C. (3058) ; ES ; ESPAÑA ; 12 ; MADRID             ; 28 ; Madrid ; 079 ; MADRID ; AV MONFORTE DE LEMOS 131 ; 28029 ; Operativas ; 
CC ; COOPERATIVAS DE CREDITO ; 3058 ; CAJAMAR CAJA RURAL, S.C.C. (3058) ; ES ; ESPAÑA ; 12 ; MADRID             ; 28 ; Madrid ; 079 ; MADRID ; CL MARROQUINA 00002 ; 28030 ; Operativas ; 
CC ; COOPERATIVAS DE CREDITO ; 3058 ; CAJAMAR CAJA RURAL, S.C.C. (3058) ; ES ; ESPAÑA ; 12 ; MADRID             ; 28 ; Madrid ; 079 ; MADRID ; GR RUIZ JIMENEZ, ESQ. SAN BERNARDO S/N ; 28015 ; Operativas ; 
CC ; COOPERATIVAS DE CREDITO ; 3058 ; CAJAMAR CAJA RURAL, S.C.C. (3058) ; ES ; ESPAÑA ; 12 ; MADRID             ; 28 ; Madrid ; 079 ; MADRID ; CL CAMARENA 00106 ; 28047 ; Operativas ; 
CC ; COOPERATIVAS DE CREDITO ; 3058 ; CAJAMAR CAJA RURAL, S.C.C. (3058) ; ES ; ESPAÑA ; 12 ; MADRID             ; 28 ; Madrid ; 079 ; MADRID ; CL ARTURO SORIA 00191 ; 28043 ; Operativas ; 
CC ; COOPERATIVAS DE CREDITO ; 3058 ; CAJAMAR CAJA RURAL, S.C.C. (3058) ; ES ; ESPAÑA ; 12 ; MADRID             ; 28 ; Madrid ; 079 ; MADRID ; PS DE LAS DELICIAS 0059 ; 28045 ; Operativas ; 
CC ; COOPERATIVAS DE CREDITO ; 3058 ; CAJAMAR CAJA RURAL, S.C.C. (3058) ; ES ; ESPAÑA ; 12 ; MADRID             ; 28 ; Madrid ; 080 ; MAJADAHONDA ; ZZ GRAN VIA 00016 ; 28220 ; Operativas ; 
CC ; COOPERATIVAS DE CREDITO ; 3058 ; CAJAMAR CAJA RURAL, S.C.C. (3058) ; ES ; ESPAÑA ; 12 ; MADRID             ; 28 ; Madrid ; 092 ; MOSTOLES ; PZ PRADILLO 00004 ; 28931 ; Operativas ; 
CC ; COOPERATIVAS DE CREDITO ; 3058 ; CAJAMAR CAJA RURAL, S.C.C. (3058) ; ES ; ESPAÑA ; 12 ; MADRID             ; 28 ; Madrid ; 106 ; PARLA ; CL PINTO 00051 ; 28982 ; Operativas ; 
CC ; COOPERATIVAS DE CREDITO ; 3058 ; CAJAMAR CAJA RURAL, S.C.C. (3058) ; ES ; ESPAÑA ; 12 ; MADRID             ; 28 ; Madrid ; 113 ; PINTO ; PS DOLORES SORIA 00011 ; 28320 ; Operativas ; 
CC ; COOPERATIVAS DE CREDITO ; 3058 ; CAJAMAR CAJA RURAL, S.C.C. (3058) ; ES ; ESPAÑA ; 12 ; MADRID             ; 28 ; Madrid ; 123 ; RIVAS-VACIAMADRID ; AV PABLO IGLESIAS 00081 ; 28521 ; Operativas ; 
CC ; COOPERATIVAS DE CREDITO ; 3058 ; CAJAMAR CAJA RURAL, S.C.C. (3058) ; ES ; ESPAÑA ; 12 ; MADRID             ; 28 ; Madrid ; 127 ; ROZAS DE MADRID (LAS) ; CL CAMILO JOSE CELA 00004 ; 28230 ; Operativas ; 
CC ; COOPERATIVAS DE CREDITO ; 3058 ; CAJAMAR CAJA RURAL, S.C.C. (3058) ; ES ; ESPAÑA ; 12 ; MADRID             ; 28 ; Madrid ; 130 ; SAN FERNANDO DE HENARES ; AV CONSTITUCION 00002 ; 28830 ; Operativas ; 
CC ; COOPERATIVAS DE CREDITO ; 3058 ; CAJAMAR CAJA RURAL, S.C.C. (3058) ; ES ; ESPAÑA ; 12 ; MADRID             ; 28 ; Madrid ; 148 ; TORREJON DE ARDOZ ; PZ ESPAÑA 00001 ; 28850 ; Operativas ; 
CC ; COOPERATIVAS DE CREDITO ; 3058 ; CAJAMAR CAJA RURAL, S.C.C. (3058) ; ES ; ESPAÑA ; 12 ; MADRID             ; 28 ; Madrid ; 161 ; VALDEMORO ; CL ESTRELLA DE ELOLA 00030 ; 28340 ; Operativas ; 
CC ; COOPERATIVAS DE CREDITO ; 3059 ; CAJA R. DE ASTURIAS, S.C.C. (3059) ; ES ; ESPAÑA ; 12 ; MADRID             ; 28 ; Madrid ; 079 ; MADRID ; CL O'Donnell 37 ; 28009 ; Operativas ; 
CC ; COOPERATIVAS DE CREDITO ; 3059 ; CAJA R. DE ASTURIAS, S.C.C. (3059) ; ES ; ESPAÑA ; 12 ; MADRID             ; 28 ; Madrid ; 079 ; MADRID ; CL Genova 18 ; 28004 ; Operativas ; 
CC ; COOPERATIVAS DE CREDITO ; 3059 ; CAJA R. DE ASTURIAS, S.C.C. (3059) ; ES ; ESPAÑA ; 12 ; MADRID             ; 28 ; Madrid ; 079 ; MADRID ; PS De la Castellana 141 ; 28046 ; Operativas ; 
CC ; COOPERATIVAS DE CREDITO ; 3067 ; C.R. DE JAEN, BARNA Y MADRID, SCC (3067) ; ES ; ESPAÑA ; 12 ; MADRID             ; 28 ; Madrid ; 013 ; ARANJUEZ ; PS DE LAS MORERAS 00013 ; 28300 ; Operativas ; 
CC ; COOPERATIVAS DE CREDITO ; 3067 ; C.R. DE JAEN, BARNA Y MADRID, SCC (3067) ; ES ; ESPAÑA ; 12 ; MADRID             ; 28 ; Madrid ; 045 ; COLMENAR VIEJO ; PZ DEL PUEBLO 00007 ; 28770 ; Operativas ; 
CC ; COOPERATIVAS DE CREDITO ; 3067 ; C.R. DE JAEN, BARNA Y MADRID, SCC (3067) ; ES ; ESPAÑA ; 12 ; MADRID             ; 28 ; Madrid ; 079 ; MADRID ; CL NUÑEZ DE BALBOA 00063 ; 28001 ; Operativas ; 
CC ; COOPERATIVAS DE CREDITO ; 3067 ; C.R. DE JAEN, BARNA Y MADRID, SCC (3067) ; ES ; ESPAÑA ; 12 ; MADRID             ; 28 ; Madrid ; 181 ; VILLAVICIOSA DE ODON ; CL CARRETAS 00044 ; 28670 ; Operativas ; 
CC ; COOPERATIVAS DE CREDITO ; 3076 ; CAJASIETE, CAJA RURAL, S.C.C. (3076) ; ES ; ESPAÑA ; 12 ; MADRID             ; 28 ; Madrid ; 065 ; GETAFE ; PZ del Conde del valle Suchil 13 Local AA-5 00013 ; 28015 ; Operativas ; 
CC ; COOPERATIVAS DE CREDITO ; 3081 ; EUROCAJA RURAL, S.C.C. (3081) ; ES ; ESPAÑA ; 12 ; MADRID             ; 28 ; Madrid ; 004 ; ALAMO (EL) ; CL ESCUELAS 00014 ; 28607 ; Operativas ; 
CC ; COOPERATIVAS DE CREDITO ; 3081 ; EUROCAJA RURAL, S.C.C. (3081) ; ES ; ESPAÑA ; 12 ; MADRID             ; 28 ; Madrid ; 005 ; ALCALA DE HENARES ; AV DE LA ALCARRIA 00003 ; 28805 ; Operativas ; 
CC ; COOPERATIVAS DE CREDITO ; 3081 ; EUROCAJA RURAL, S.C.C. (3081) ; ES ; ESPAÑA ; 12 ; MADRID             ; 28 ; Madrid ; 007 ; ALCORCON ; AV LIBERTAD 11 ; 28924 ; Operativas ; 
CC ; COOPERATIVAS DE CREDITO ; 3081 ; EUROCAJA RURAL, S.C.C. (3081) ; ES ; ESPAÑA ; 12 ; MADRID             ; 28 ; Madrid ; 013 ; ARANJUEZ ; CL ABDON BORDOY 00022 ; 28300 ; Operativas ; 
CC ; COOPERATIVAS DE CREDITO ; 3081 ; EUROCAJA RURAL, S.C.C. (3081) ; ES ; ESPAÑA ; 12 ; MADRID             ; 28 ; Madrid ; 013 ; ARANJUEZ ; CL SAN ANTONIO 00071 ; 28300 ; Operativas ; 
CC ; COOPERATIVAS DE CREDITO ; 3081 ; EUROCAJA RURAL, S.C.C. (3081) ; ES ; ESPAÑA ; 12 ; MADRID             ; 28 ; Madrid ; 014 ; ARGANDA DEL REY ; PZ DE LA CONSTITUCION, 16. S/N ; 28500 ; Operativas ; 
CC ; COOPERATIVAS DE CREDITO ; 3081 ; EUROCAJA RURAL, S.C.C. (3081) ; ES ; ESPAÑA ; 12 ; MADRID             ; 28 ; Madrid ; 015 ; ARROYOMOLINOS ; CL LA FUENTE 1 ; 28939 ; Operativas ; 
CC ; COOPERATIVAS DE CREDITO ; 3081 ; EUROCAJA RURAL, S.C.C. (3081) ; ES ; ESPAÑA ; 12 ; MADRID             ; 28 ; Madrid ; 033 ; CAMPO REAL ; CR VILLAR DEL OLMO 00007 ; 28510 ; Operativas ; 
CC ; COOPERATIVAS DE CREDITO ; 3081 ; EUROCAJA RURAL, S.C.C. (3081) ; ES ; ESPAÑA ; 12 ; MADRID             ; 28 ; Madrid ; 040 ; CIEMPOZUELOS ; PZ DE LA CONSTITUCION, 14. S/N ; 28350 ; Operativas ; 
CC ; COOPERATIVAS DE CREDITO ; 3081 ; EUROCAJA RURAL, S.C.C. (3081) ; ES ; ESPAÑA ; 12 ; MADRID             ; 28 ; Madrid ; 043 ; COLMENAR DE OREJA ; CL CANO 00002 ; 28380 ; Operativas ; 
CC ; COOPERATIVAS DE CREDITO ; 3081 ; EUROCAJA RURAL, S.C.C. (3081) ; ES ; ESPAÑA ; 12 ; MADRID             ; 28 ; Madrid ; 045 ; COLMENAR VIEJO ; AV  DEL MEDITERRANEO, 1 S/N ; 28770 ; Operativas ; 
CC ; COOPERATIVAS DE CREDITO ; 3081 ; EUROCAJA RURAL, S.C.C. (3081) ; ES ; ESPAÑA ; 12 ; MADRID             ; 28 ; Madrid ; 049 ; COSLADA ; ZZ BEGOÑA, 16. S/N ; 28820 ; Operativas ; 
CC ; COOPERATIVAS DE CREDITO ; 3081 ; EUROCAJA RURAL, S.C.C. (3081) ; ES ; ESPAÑA ; 12 ; MADRID             ; 28 ; Madrid ; 052 ; CHINCHON ; CL GRANDE 00010 ; 28370 ; Operativas ; 
CC ; COOPERATIVAS DE CREDITO ; 3081 ; EUROCAJA RURAL, S.C.C. (3081) ; ES ; ESPAÑA ; 12 ; MADRID             ; 28 ; Madrid ; 058 ; FUENLABRADA ; AV ESPAÑA 2 ; 28941 ; Operativas ; 
CC ; COOPERATIVAS DE CREDITO ; 3081 ; EUROCAJA RURAL, S.C.C. (3081) ; ES ; ESPAÑA ; 12 ; MADRID             ; 28 ; Madrid ; 065 ; GETAFE ; CL MADRID 105 ; 28901 ; Operativas ; 
CC ; COOPERATIVAS DE CREDITO ; 3081 ; EUROCAJA RURAL, S.C.C. (3081) ; ES ; ESPAÑA ; 12 ; MADRID             ; 28 ; Madrid ; 072 ; HOYO DE MANZANARES ; PZ HONTANILLA, 2. S/N ; 28240 ; Operativas ; 
CC ; COOPERATIVAS DE CREDITO ; 3081 ; EUROCAJA RURAL, S.C.C. (3081) ; ES ; ESPAÑA ; 12 ; MADRID             ; 28 ; Madrid ; 074 ; LEGANES ; ZZ CALLE JEROMIN 21 ; 28911 ; Operativas ; 
CC ; COOPERATIVAS DE CREDITO ; 3081 ; EUROCAJA RURAL, S.C.C. (3081) ; ES ; ESPAÑA ; 12 ; MADRID             ; 28 ; Madrid ; 079 ; MADRID ; CL ISLA DE AROSA 39 ; 28035 ; Operativas ; 
CC ; COOPERATIVAS DE CREDITO ; 3081 ; EUROCAJA RURAL, S.C.C. (3081) ; ES ; ESPAÑA ; 12 ; MADRID             ; 28 ; Madrid ; 079 ; MADRID ; AV ALBERTO ALCOCER 48 ; 28016 ; Operativas ; 
CC ; COOPERATIVAS DE CREDITO ; 3081 ; EUROCAJA RURAL, S.C.C. (3081) ; ES ; ESPAÑA ; 12 ; MADRID             ; 28 ; Madrid ; 079 ; MADRID ; CL ALCALÁ 289 ; 28027 ; Operativas ; 
CC ; COOPERATIVAS DE CREDITO ; 3081 ; EUROCAJA RURAL, S.C.C. (3081) ; ES ; ESPAÑA ; 12 ; MADRID             ; 28 ; Madrid ; 079 ; MADRID ; CL EZEQUIEL SOLANA 90 ; 28017 ; Operativas ; 
CC ; COOPERATIVAS DE CREDITO ; 3081 ; EUROCAJA RURAL, S.C.C. (3081) ; ES ; ESPAÑA ; 12 ; MADRID             ; 28 ; Madrid ; 079 ; MADRID ; CL PEDRO TEIXEIRA 12 ; 28020 ; Operativas ; 
CC ; COOPERATIVAS DE CREDITO ; 3081 ; EUROCAJA RURAL, S.C.C. (3081) ; ES ; ESPAÑA ; 12 ; MADRID             ; 28 ; Madrid ; 079 ; MADRID ; CL CLARA DEL REY 54 ; 28002 ; Operativas ; 
CC ; COOPERATIVAS DE CREDITO ; 3081 ; EUROCAJA RURAL, S.C.C. (3081) ; ES ; ESPAÑA ; 12 ; MADRID             ; 28 ; Madrid ; 079 ; MADRID ; CL PRINCESA 15 ; 28008 ; Operativas ; 
CC ; COOPERATIVAS DE CREDITO ; 3081 ; EUROCAJA RURAL, S.C.C. (3081) ; ES ; ESPAÑA ; 12 ; MADRID             ; 28 ; Madrid ; 079 ; MADRID ; CL TOLEDO 126 ; 28005 ; Operativas ; 
CC ; COOPERATIVAS DE CREDITO ; 3081 ; EUROCAJA RURAL, S.C.C. (3081) ; ES ; ESPAÑA ; 12 ; MADRID             ; 28 ; Madrid ; 079 ; MADRID ; CL DOCTOR ESQUERDO 25 ; 28028 ; Operativas ; 
CC ; COOPERATIVAS DE CREDITO ; 3081 ; EUROCAJA RURAL, S.C.C. (3081) ; ES ; ESPAÑA ; 12 ; MADRID             ; 28 ; Madrid ; 079 ; MADRID ; RD DE ATOCHA 19 ; 28012 ; Operativas ; 
CC ; COOPERATIVAS DE CREDITO ; 3081 ; EUROCAJA RURAL, S.C.C. (3081) ; ES ; ESPAÑA ; 12 ; MADRID             ; 28 ; Madrid ; 079 ; MADRID ; CR VILLAVERDE-VALLECAS(MERCAMADRID) S/N ; 28053 ; Operativas ; 
CC ; COOPERATIVAS DE CREDITO ; 3081 ; EUROCAJA RURAL, S.C.C. (3081) ; ES ; ESPAÑA ; 12 ; MADRID             ; 28 ; Madrid ; 083 ; MECO ; CL MAYOR 5 ; 28880 ; Operativas ; 
CC ; COOPERATIVAS DE CREDITO ; 3081 ; EUROCAJA RURAL, S.C.C. (3081) ; ES ; ESPAÑA ; 12 ; MADRID             ; 28 ; Madrid ; 091 ; MORATA DE TAJUÑA ; CL D. RODELGO 00017 ; 28530 ; Operativas ; 
CC ; COOPERATIVAS DE CREDITO ; 3081 ; EUROCAJA RURAL, S.C.C. (3081) ; ES ; ESPAÑA ; 12 ; MADRID             ; 28 ; Madrid ; 092 ; MOSTOLES ; AV CARLOS V 31 ; 28936 ; Operativas ; 
CC ; COOPERATIVAS DE CREDITO ; 3081 ; EUROCAJA RURAL, S.C.C. (3081) ; ES ; ESPAÑA ; 12 ; MADRID             ; 28 ; Madrid ; 096 ; NAVALCARNERO ; CL LIBERTAD 36 ; 28600 ; Operativas ; 
CC ; COOPERATIVAS DE CREDITO ; 3081 ; EUROCAJA RURAL, S.C.C. (3081) ; ES ; ESPAÑA ; 12 ; MADRID             ; 28 ; Madrid ; 104 ; PARACUELLOS DE JARAMA ; CL REAL 23 ; 28860 ; Operativas ; 
CC ; COOPERATIVAS DE CREDITO ; 3081 ; EUROCAJA RURAL, S.C.C. (3081) ; ES ; ESPAÑA ; 12 ; MADRID             ; 28 ; Madrid ; 113 ; PINTO ; CL DOCTOR ISLA 15 ; 28320 ; Operativas ; 
CC ; COOPERATIVAS DE CREDITO ; 3081 ; EUROCAJA RURAL, S.C.C. (3081) ; ES ; ESPAÑA ; 12 ; MADRID             ; 28 ; Madrid ; 132 ; SAN MARTIN DE LA VEGA ; AV DOCTOR MANUEL JARABO 34 ; 28330 ; Operativas ; 
CC ; COOPERATIVAS DE CREDITO ; 3081 ; EUROCAJA RURAL, S.C.C. (3081) ; ES ; ESPAÑA ; 12 ; MADRID             ; 28 ; Madrid ; 134 ; SAN SEBASTIAN DE LOS REYES ; CL SILVIO ABAD 8 ; 28701 ; Operativas ; 
CC ; COOPERATIVAS DE CREDITO ; 3081 ; EUROCAJA RURAL, S.C.C. (3081) ; ES ; ESPAÑA ; 12 ; MADRID             ; 28 ; Madrid ; 141 ; SEVILLA LA NUEVA ; CL CONSTITUCIÓN 27 ; 28609 ; Operativas ; 
CC ; COOPERATIVAS DE CREDITO ; 3081 ; EUROCAJA RURAL, S.C.C. (3081) ; ES ; ESPAÑA ; 12 ; MADRID             ; 28 ; Madrid ; 144 ; SOTO DEL REAL ; PZ DE LA VILLA 3 ; 28791 ; Operativas ; 
CC ; COOPERATIVAS DE CREDITO ; 3081 ; EUROCAJA RURAL, S.C.C. (3081) ; ES ; ESPAÑA ; 12 ; MADRID             ; 28 ; Madrid ; 146 ; TIELMES ; PZ DE LA IGLESIA 00007 ; 28550 ; Operativas ; 
CC ; COOPERATIVAS DE CREDITO ; 3081 ; EUROCAJA RURAL, S.C.C. (3081) ; ES ; ESPAÑA ; 12 ; MADRID             ; 28 ; Madrid ; 149 ; TORREJON DE LA CALZADA ; CL DOCE DE OCTUBRE 21 ; 28991 ; Operativas ; 
CC ; COOPERATIVAS DE CREDITO ; 3081 ; EUROCAJA RURAL, S.C.C. (3081) ; ES ; ESPAÑA ; 12 ; MADRID             ; 28 ; Madrid ; 161 ; VALDEMORO ; AV  MEDITERRANEO, 172 S/N ; 28340 ; Operativas ; 
CC ; COOPERATIVAS DE CREDITO ; 3081 ; EUROCAJA RURAL, S.C.C. (3081) ; ES ; ESPAÑA ; 12 ; MADRID             ; 28 ; Madrid ; 165 ; VALDILECHA ; CL MAYOR 00041 ; 28511 ; Operativas ; 
CC ; COOPERATIVAS DE CREDITO ; 3081 ; EUROCAJA RURAL, S.C.C. (3081) ; ES ; ESPAÑA ; 12 ; MADRID             ; 28 ; Madrid ; 167 ; VELILLA DE SAN ANTONIO ; CL MAYOR 9 ; 28891 ; Operativas ; 
CC ; COOPERATIVAS DE CREDITO ; 3081 ; EUROCAJA RURAL, S.C.C. (3081) ; ES ; ESPAÑA ; 12 ; MADRID             ; 28 ; Madrid ; 169 ; VENTURADA ; PZ COTOS DE MONTERREY S/N ; 28729 ; Operativas ; 
CC ; COOPERATIVAS DE CREDITO ; 3081 ; EUROCAJA RURAL, S.C.C. (3081) ; ES ; ESPAÑA ; 12 ; MADRID             ; 28 ; Madrid ; 170 ; VILLACONEJOS ; CL PRADILLO 1 ; 28360 ; Operativas ; 
CC ; COOPERATIVAS DE CREDITO ; 3081 ; EUROCAJA RURAL, S.C.C. (3081) ; ES ; ESPAÑA ; 12 ; MADRID             ; 28 ; Madrid ; 171 ; VILLA DEL PRADO ; AV DE LA CONSTITUCION 00013 ; 28630 ; Operativas ; 
CC ; COOPERATIVAS DE CREDITO ; 3081 ; EUROCAJA RURAL, S.C.C. (3081) ; ES ; ESPAÑA ; 12 ; MADRID             ; 28 ; Madrid ; 180 ; VILLAREJO DE SALVANES ; CL MESONES 00007 ; 28590 ; Operativas ; 
CC ; COOPERATIVAS DE CREDITO ; 3081 ; EUROCAJA RURAL, S.C.C. (3081) ; ES ; ESPAÑA ; 12 ; MADRID             ; 28 ; Madrid ; 181 ; VILLAVICIOSA DE ODON ; ZZ ERAS, 11 ESQ. JOSE MARUELO S/N ; 28670 ; Operativas ; 
CC ; COOPERATIVAS DE CREDITO ; 3081 ; EUROCAJA RURAL, S.C.C. (3081) ; ES ; ESPAÑA ; 12 ; MADRID             ; 28 ; Madrid ; 903 ; TRES CANTOS ; AV LABRADORES 7 ; 28760 ; Operativas ; 
CC ; COOPERATIVAS DE CREDITO ; 3085 ; CAJA R. DE ZAMORA, C.C. (3085) ; ES ; ESPAÑA ; 12 ; MADRID             ; 28 ; Madrid ; 079 ; MADRID ; CL LUCHANA 00040 ; 28010 ; Operativas ; 
CC ; COOPERATIVAS DE CREDITO ; 3085 ; CAJA R. DE ZAMORA, C.C. (3085) ; ES ; ESPAÑA ; 12 ; MADRID             ; 28 ; Madrid ; 079 ; MADRID ; CL ORENSE 22 ; 28020 ; Operativas ; 
CC ; COOPERATIVAS DE CREDITO ; 3085 ; CAJA R. DE ZAMORA, C.C. (3085) ; ES ; ESPAÑA ; 12 ; MADRID             ; 28 ; Madrid ; 079 ; MADRID ; CL NARVAEZ 57 ; 28009 ; Operativas ; 
CC ; COOPERATIVAS DE CREDITO ; 3187 ; CAJA R. DEL SUR, S. COOP. CREDITO (3187) ; ES ; ESPAÑA ; 12 ; MADRID             ; 28 ; Madrid ; 065 ; GETAFE ; GL ISIDRO PAREJO RISCO S/N ; 28904 ; Operativas ; 
CC ; COOPERATIVAS DE CREDITO ; 3187 ; CAJA R. DEL SUR, S. COOP. CREDITO (3187) ; ES ; ESPAÑA ; 12 ; MADRID             ; 28 ; Madrid ; 079 ; MADRID ; CL VIRGEN DE LOS PELIGROS 6 ; 28028 ; Operativas ; 
CC ; COOPERATIVAS DE CREDITO ; 3190 ; C.R. ALBACETE, C. REAL Y CUENCA,SCC (3190) ; ES ; ESPAÑA ; 12 ; MADRID             ; 28 ; Madrid ; 079 ; MADRID ; CL SOR ANGELA DE LA CRUZ 2 ; 28020 ; Operativas ; 
CC ; COOPERATIVAS DE CREDITO ; 3191 ; CAJA RURAL DE ARAGON S.C.C. (3191) ; ES ; ESPAÑA ; 12 ; MADRID             ; 28 ; Madrid ; 079 ; MADRID ; CL Recoletos 6 ; 28001 ; Operativas ; 
CO ; CREDITO OFICIAL ; 1000 ; INSTITUTO DE CREDITO OFICIAL (1000) ; ES ; ESPAÑA ; 12 ; MADRID             ; 28 ; Madrid ; 079 ; MADRID ; PS PRADO 4 ; 28014 ; Operativas ; 
EP ; ENTIDADES DE PAGO ; 6812 ; MONEY EXCHANGE, S.A. (6812) ; ES ; ESPAÑA ; 12 ; MADRID             ; 28 ; Madrid ; 065 ; GETAFE ; CL TOLEDO 9 ; 28901 ; Operativas ; 
EP ; ENTIDADES DE PAGO ; 6812 ; MONEY EXCHANGE, S.A. (6812) ; ES ; ESPAÑA ; 12 ; MADRID             ; 28 ; Madrid ; 079 ; MADRID ; CL MARCELO USERA 71 ; 28026 ; Operativas ; 
EP ; ENTIDADES DE PAGO ; 6812 ; MONEY EXCHANGE, S.A. (6812) ; ES ; ESPAÑA ; 12 ; MADRID             ; 28 ; Madrid ; 079 ; MADRID ; AV MARQUES DE CORBERA 21 ; 28017 ; Operativas ; 
EP ; ENTIDADES DE PAGO ; 6812 ; MONEY EXCHANGE, S.A. (6812) ; ES ; ESPAÑA ; 12 ; MADRID             ; 28 ; Madrid ; 079 ; MADRID ; CL FUENCARRAL 14 ; 28014 ; Operativas ; 
EP ; ENTIDADES DE PAGO ; 6812 ; MONEY EXCHANGE, S.A. (6812) ; ES ; ESPAÑA ; 12 ; MADRID             ; 28 ; Madrid ; 079 ; MADRID ; CL ANTONIA CALAS 13 ; 28053 ; Operativas ; 
EP ; ENTIDADES DE PAGO ; 6812 ; MONEY EXCHANGE, S.A. (6812) ; ES ; ESPAÑA ; 12 ; MADRID             ; 28 ; Madrid ; 079 ; MADRID ; CL EMILIO FERRARI 30 ; 28017 ; Operativas ; 
EP ; ENTIDADES DE PAGO ; 6812 ; MONEY EXCHANGE, S.A. (6812) ; ES ; ESPAÑA ; 12 ; MADRID             ; 28 ; Madrid ; 079 ; MADRID ; PS DE LAS DELICIAS 146 ; 28045 ; Operativas ; 
EP ; ENTIDADES DE PAGO ; 6812 ; MONEY EXCHANGE, S.A. (6812) ; ES ; ESPAÑA ; 12 ; MADRID             ; 28 ; Madrid ; 079 ; MADRID ; CL RAIMUNDO FERNANDEZ VILLAVERDE 13 ; 28003 ; Operativas ; 
EP ; ENTIDADES DE PAGO ; 6812 ; MONEY EXCHANGE, S.A. (6812) ; ES ; ESPAÑA ; 12 ; MADRID             ; 28 ; Madrid ; 079 ; MADRID ; PS Delicias 7 ; 28045 ; Operativas ; 
EP ; ENTIDADES DE PAGO ; 6812 ; MONEY EXCHANGE, S.A. (6812) ; ES ; ESPAÑA ; 12 ; MADRID             ; 28 ; Madrid ; 148 ; TORREJON DE ARDOZ ; AV DE LA CONSTITUCION (CENTRO COMERCIAL EL CIRCULO) 90 ; 28850 ; Operativas ; 
EP ; ENTIDADES DE PAGO ; 6813 ; TRANS FAST FINANCIAL SERVICES, S.A. (6813) ; ES ; ESPAÑA ; 12 ; MADRID             ; 28 ; Madrid ; 079 ; MADRID ; CL BATALLA DEL SALADO 24 ; 28045 ; Operativas ; 
EP ; ENTIDADES DE PAGO ; 6814 ; MONTY GLOBAL PAYMENTS, S.A. (6814) ; ES ; ESPAÑA ; 12 ; MADRID             ; 28 ; Madrid ; 079 ; MADRID ; CT SAN VICENTE 4 ; 28008 ; Operativas ; 
EP ; ENTIDADES DE PAGO ; 6825 ; UNITED EUROPHIL EP, S.A. (6825) ; ES ; ESPAÑA ; 12 ; MADRID             ; 28 ; Madrid ; 058 ; FUENLABRADA ; CL Belen 8 ; 28943 ; Operativas ; 
EP ; ENTIDADES DE PAGO ; 6825 ; UNITED EUROPHIL EP, S.A. (6825) ; ES ; ESPAÑA ; 12 ; MADRID             ; 28 ; Madrid ; 065 ; GETAFE ; CL Toledo 19 ; 28901 ; Operativas ; 
EP ; ENTIDADES DE PAGO ; 6825 ; UNITED EUROPHIL EP, S.A. (6825) ; ES ; ESPAÑA ; 12 ; MADRID             ; 28 ; Madrid ; 074 ; LEGANES ; CL Pizarro 2 ; 28911 ; Operativas ; 
EP ; ENTIDADES DE PAGO ; 6825 ; UNITED EUROPHIL EP, S.A. (6825) ; ES ; ESPAÑA ; 12 ; MADRID             ; 28 ; Madrid ; 079 ; MADRID ; PS DE LAS DELICIAS 37 ; 28045 ; Operativas ; 
EP ; ENTIDADES DE PAGO ; 6825 ; UNITED EUROPHIL EP, S.A. (6825) ; ES ; ESPAÑA ; 12 ; MADRID             ; 28 ; Madrid ; 079 ; MADRID ; CL Puerto de Arbelan 44 ; 28053 ; Operativas ; 
EP ; ENTIDADES DE PAGO ; 6825 ; UNITED EUROPHIL EP, S.A. (6825) ; ES ; ESPAÑA ; 12 ; MADRID             ; 28 ; Madrid ; 079 ; MADRID ; CL ALMANSA 8 ; 28039 ; Operativas ; 
EP ; ENTIDADES DE PAGO ; 6825 ; UNITED EUROPHIL EP, S.A. (6825) ; ES ; ESPAÑA ; 12 ; MADRID             ; 28 ; Madrid ; 079 ; MADRID ; CL Bravo Murillo 297 ; 28020 ; Operativas ; 
EP ; ENTIDADES DE PAGO ; 6825 ; UNITED EUROPHIL EP, S.A. (6825) ; ES ; ESPAÑA ; 12 ; MADRID             ; 28 ; Madrid ; 079 ; MADRID ; CL San Bernardo 5 ; 28013 ; Operativas ; 
EP ; ENTIDADES DE PAGO ; 6825 ; UNITED EUROPHIL EP, S.A. (6825) ; ES ; ESPAÑA ; 12 ; MADRID             ; 28 ; Madrid ; 079 ; MADRID ; CL Condesa Valle del Pozo 15 ; 28032 ; Operativas ; 
EP ; ENTIDADES DE PAGO ; 6825 ; UNITED EUROPHIL EP, S.A. (6825) ; ES ; ESPAÑA ; 12 ; MADRID             ; 28 ; Madrid ; 079 ; MADRID ; CL c.c. Aluche 17 ; 28024 ; Operativas ; 
EP ; ENTIDADES DE PAGO ; 6825 ; UNITED EUROPHIL EP, S.A. (6825) ; ES ; ESPAÑA ; 12 ; MADRID             ; 28 ; Madrid ; 079 ; MADRID ; CL Alcala 373 ; 28009 ; Operativas ; 
EP ; ENTIDADES DE PAGO ; 6825 ; UNITED EUROPHIL EP, S.A. (6825) ; ES ; ESPAÑA ; 12 ; MADRID             ; 28 ; Madrid ; 079 ; MADRID ; CL Oca 44 ; 28025 ; Operativas ; 
EP ; ENTIDADES DE PAGO ; 6825 ; UNITED EUROPHIL EP, S.A. (6825) ; ES ; ESPAÑA ; 12 ; MADRID             ; 28 ; Madrid ; 079 ; MADRID ; CL Huerta de CVastañeda 41 ; 28011 ; Operativas ; 
EP ; ENTIDADES DE PAGO ; 6825 ; UNITED EUROPHIL EP, S.A. (6825) ; ES ; ESPAÑA ; 12 ; MADRID             ; 28 ; Madrid ; 079 ; MADRID ; CL Laguna 32 ; 28025 ; Operativas ; 
EP ; ENTIDADES DE PAGO ; 6825 ; UNITED EUROPHIL EP, S.A. (6825) ; ES ; ESPAÑA ; 12 ; MADRID             ; 28 ; Madrid ; 079 ; MADRID ; CL Caramuel 16 ; 28011 ; Operativas ; 
EP ; ENTIDADES DE PAGO ; 6825 ; UNITED EUROPHIL EP, S.A. (6825) ; ES ; ESPAÑA ; 12 ; MADRID             ; 28 ; Madrid ; 079 ; MADRID ; CL JUAN FRANCISCO, 2 S/N ; 28019 ; Operativas ; 
EP ; ENTIDADES DE PAGO ; 6825 ; UNITED EUROPHIL EP, S.A. (6825) ; ES ; ESPAÑA ; 12 ; MADRID             ; 28 ; Madrid ; 079 ; MADRID ; CL Monte Igueldo 20 ; 28053 ; Operativas ; 
EP ; ENTIDADES DE PAGO ; 6825 ; UNITED EUROPHIL EP, S.A. (6825) ; ES ; ESPAÑA ; 12 ; MADRID             ; 28 ; Madrid ; 079 ; MADRID ; CL Marcelo Usera 83 ; 28026 ; Operativas ; 
EP ; ENTIDADES DE PAGO ; 6825 ; UNITED EUROPHIL EP, S.A. (6825) ; ES ; ESPAÑA ; 12 ; MADRID             ; 28 ; Madrid ; 079 ; MADRID ; CM Camino Viajo de Leganés 122 ; 28025 ; Operativas ; 
EP ; ENTIDADES DE PAGO ; 6825 ; UNITED EUROPHIL EP, S.A. (6825) ; ES ; ESPAÑA ; 12 ; MADRID             ; 28 ; Madrid ; 079 ; MADRID ; CL Villaramiel 5 ; 28021 ; Operativas ; 
EP ; ENTIDADES DE PAGO ; 6825 ; UNITED EUROPHIL EP, S.A. (6825) ; ES ; ESPAÑA ; 12 ; MADRID             ; 28 ; Madrid ; 079 ; MADRID ; CL Tintoreros 2 ; 28005 ; Operativas ; 
EP ; ENTIDADES DE PAGO ; 6825 ; UNITED EUROPHIL EP, S.A. (6825) ; ES ; ESPAÑA ; 12 ; MADRID             ; 28 ; Madrid ; 092 ; MOSTOLES ; AV DOS DE MAYO 27 ; 28934 ; Operativas ; 
EP ; ENTIDADES DE PAGO ; 6825 ; UNITED EUROPHIL EP, S.A. (6825) ; ES ; ESPAÑA ; 12 ; MADRID             ; 28 ; Madrid ; 106 ; PARLA ; CL Rio Ebro 2 ; 28980 ; Operativas ; 
EP ; ENTIDADES DE PAGO ; 6825 ; UNITED EUROPHIL EP, S.A. (6825) ; ES ; ESPAÑA ; 12 ; MADRID             ; 28 ; Madrid ; 148 ; TORREJON DE ARDOZ ; PS De la Estacion 2 ; 28850 ; Operativas ; 
EP ; ENTIDADES DE PAGO ; 6828 ; I-TRANSFER GLOBAL PAYMENTS E.P. (6828) ; ES ; ESPAÑA ; 12 ; MADRID             ; 28 ; Madrid ; 079 ; MADRID ; CL Nieremberg 29 ; 28002 ; Operativas ; 
EP ; ENTIDADES DE PAGO ; 6831 ; MACCORP EXACT CHANGE, E.P., S.A. (6831) ; ES ; ESPAÑA ; 12 ; MADRID             ; 28 ; Madrid ; 079 ; MADRID ; CL SEVILLA 2 ; 28013 ; Operativas ; 
EP ; ENTIDADES DE PAGO ; 6831 ; MACCORP EXACT CHANGE, E.P., S.A. (6831) ; ES ; ESPAÑA ; 12 ; MADRID             ; 28 ; Madrid ; 079 ; MADRID ; GL EMPERADOR CARLOS V, ESTACION MADRID PUERTA DE ATOCHA S/N ; 28045 ; Operativas ; 
EP ; ENTIDADES DE PAGO ; 6831 ; MACCORP EXACT CHANGE, E.P., S.A. (6831) ; ES ; ESPAÑA ; 12 ; MADRID             ; 28 ; Madrid ; 079 ; MADRID ; CL MAYOR 3 ; 28013 ; Operativas ; 
EP ; ENTIDADES DE PAGO ; 6831 ; MACCORP EXACT CHANGE, E.P., S.A. (6831) ; ES ; ESPAÑA ; 12 ; MADRID             ; 28 ; Madrid ; 079 ; MADRID ; CL ORENSE 6 ; 28020 ; Operativas ; 
EP ; ENTIDADES DE PAGO ; 6831 ; MACCORP EXACT CHANGE, E.P., S.A. (6831) ; ES ; ESPAÑA ; 12 ; MADRID             ; 28 ; Madrid ; 079 ; MADRID ; CL PUERTA DEL SOL 12 ; 28013 ; Operativas ; 
EP ; ENTIDADES DE PAGO ; 6842 ; RIA PAYMENT INSTITUTION, EP, S.A. (6842) ; ES ; ESPAÑA ; 12 ; MADRID             ; 28 ; Madrid ; 006 ; ALCOBENDAS ; CL Cantabria 2 ; 28108 ; Operativas ; 
EP ; ENTIDADES DE PAGO ; 6842 ; RIA PAYMENT INSTITUTION, EP, S.A. (6842) ; ES ; ESPAÑA ; 12 ; MADRID             ; 28 ; Madrid ; 079 ; MADRID ; PZ San Miguel 2 ; 28005 ; Operativas ; 
EP ; ENTIDADES DE PAGO ; 6842 ; RIA PAYMENT INSTITUTION, EP, S.A. (6842) ; ES ; ESPAÑA ; 12 ; MADRID             ; 28 ; Madrid ; 079 ; MADRID ; CL espoz y mina 2 ; 28013 ; Operativas ; 
EP ; ENTIDADES DE PAGO ; 6842 ; RIA PAYMENT INSTITUTION, EP, S.A. (6842) ; ES ; ESPAÑA ; 12 ; MADRID             ; 28 ; Madrid ; 079 ; MADRID ; CL Arenal 1 ; 28013 ; Operativas ; 
EP ; ENTIDADES DE PAGO ; 6842 ; RIA PAYMENT INSTITUTION, EP, S.A. (6842) ; ES ; ESPAÑA ; 12 ; MADRID             ; 28 ; Madrid ; 079 ; MADRID ; PZ CALLAO 4 ; 28012 ; Operativas ; 
EP ; ENTIDADES DE PAGO ; 6842 ; RIA PAYMENT INSTITUTION, EP, S.A. (6842) ; ES ; ESPAÑA ; 12 ; MADRID             ; 28 ; Madrid ; 079 ; MADRID ; CL ARTISTAS 5 ; 28020 ; Operativas ; 
EP ; ENTIDADES DE PAGO ; 6842 ; RIA PAYMENT INSTITUTION, EP, S.A. (6842) ; ES ; ESPAÑA ; 12 ; MADRID             ; 28 ; Madrid ; 079 ; MADRID ; PZ PUERTA DEL SOL 8 ; 28013 ; Operativas ; 
EP ; ENTIDADES DE PAGO ; 6842 ; RIA PAYMENT INSTITUTION, EP, S.A. (6842) ; ES ; ESPAÑA ; 12 ; MADRID             ; 28 ; Madrid ; 079 ; MADRID ; CL MANUEL MUÑOZ 3 ; 28026 ; Operativas ; 
EP ; ENTIDADES DE PAGO ; 6842 ; RIA PAYMENT INSTITUTION, EP, S.A. (6842) ; ES ; ESPAÑA ; 12 ; MADRID             ; 28 ; Madrid ; 079 ; MADRID ; CL Fuencarral 9 ; 28004 ; Operativas ; 
EP ; ENTIDADES DE PAGO ; 6849 ; PRISMA PAYMENTS E.P., S.A. (6849) ; ES ; ESPAÑA ; 12 ; MADRID             ; 28 ; Madrid ; 028 ; BUSTARVIEJO ; CL EASY PAYMENT AND FINANCE, EP, S.A. 6849 ; 28028 ; Operativas ; 
EP ; ENTIDADES DE PAGO ; 6852 ; BOA EUROSERVICES, S.A. (6852) ; ES ; ESPAÑA ; 12 ; MADRID             ; 28 ; Madrid ; 079 ; MADRID ; PZ Cataluña 1 ; 28002 ; Operativas ; 
EFEP ; ESTABLEC. FINANC. CREDITO ENT. PAGO ; 8620 ; ABANCA SERVICIOS FINANCIEROS (8620) ; ES ; ESPAÑA ; 12 ; MADRID             ; 28 ; Madrid ; 079 ; MADRID ; CL VELAZQUEZ 116 ; 28006 ; Operativas ; 
EFEP ; ESTABLEC. FINANC. CREDITO ENT. PAGO ; 8795 ; SERVICIOS FINANCIEROS CARREFOUR,EFC (8795) ; ES ; ESPAÑA ; 12 ; MADRID             ; 28 ; Madrid ; 079 ; MADRID ; CL JUAN ESPLANDIU 00011 ; 28007 ; Operativas ; 
EFEP ; ESTABLEC. FINANC. CREDITO ENT. PAGO ; 8805 ; FINANCIERA EL CORTE INGLES E.F.C. (8805) ; ES ; ESPAÑA ; 12 ; MADRID             ; 28 ; Madrid ; 079 ; MADRID ; CL HERMOSILLA 00112 ; 28009 ; Operativas ; 
EFEP ; ESTABLEC. FINANC. CREDITO ENT. PAGO ; 8814 ; ONEY SERVICIOS FINANCIEROS EFC, S.A (8814) ; ES ; ESPAÑA ; 12 ; MADRID             ; 28 ; Madrid ; 006 ; ALCOBENDAS ; AV DE LA INDUSTRIA 00049 ; 28108 ; Operativas ; 
EFEP ; ESTABLEC. FINANC. CREDITO ENT. PAGO ; 8832 ; BANKINTER CONSUMER FINANCE, EFC, SA (8832) ; ES ; ESPAÑA ; 12 ; MADRID             ; 28 ; Madrid ; 006 ; ALCOBENDAS ; AV  DE BRUSELAS, 7, PLTA. 2 (ARROYO DE LA VEGA)  ; 28108 ; Operativas ; 
EFEP ; ESTABLEC. FINANC. CREDITO ENT. PAGO ; 8839 ; GCC CONSUMO, E.F.C., S.A. (8839) ; ES ; ESPAÑA ; 12 ; MADRID             ; 28 ; Madrid ; 079 ; MADRID ; CL RETAMA 3 ; 28045 ; Operativas ; 
EFC ; ESTABLECIMIENTOS FINANCIEROS ; 4706 ; CATERPILLAR FINANCIAL CORP. FINAN. (4706) ; ES ; ESPAÑA ; 12 ; MADRID             ; 28 ; Madrid ; 115 ; POZUELO DE ALARCON ; ZZ VIA DE LAS DOS CASTILLAS 33 ; 28224 ; Operativas ; 
EFC ; ESTABLECIMIENTOS FINANCIEROS ; 4784 ; TRANSOLVER FINANCE, E.F.C., S.A. (4784) ; ES ; ESPAÑA ; 12 ; MADRID             ; 28 ; Madrid ; 079 ; MADRID ; CL ARAGON 402 ; 28022 ; Operativas ; 
EFC ; ESTABLECIMIENTOS FINANCIEROS ; 4797 ; SANTANDER LEASE, S.A. E.F.C. (4797) ; ES ; ESPAÑA ; 12 ; MADRID             ; 28 ; Madrid ; 022 ; BOADILLA DEL MONTE ; AV CANTABRIA S/N ; 28660 ; Operativas ; 
EFC ; ESTABLECIMIENTOS FINANCIEROS ; 4799 ; MERCEDES-BENZ FINA. SERV. ESP. EFC, (4799) ; ES ; ESPAÑA ; 12 ; MADRID             ; 28 ; Madrid ; 006 ; ALCOBENDAS ; AV  BRUSELAS, 30-PG. ARROYO VEGA  ; 28108 ; Operativas ; 
EFC ; ESTABLECIMIENTOS FINANCIEROS ; 4832 ; IBERCAJA SERVICIOS DE FINANCIACIÓN (4832) ; ES ; ESPAÑA ; 12 ; MADRID             ; 28 ; Madrid ; 151 ; TORRELAGUNA ; CL la cava 12 ; 28180 ; Operativas ; 
EFC ; ESTABLECIMIENTOS FINANCIEROS ; 8308 ; FINANCIERA CARRION, S.A., E.F.C. (8308) ; ES ; ESPAÑA ; 12 ; MADRID             ; 28 ; Madrid ; 058 ; FUENLABRADA ; PZ DE LA CONSTITUCION 2-3 ; 28943 ; Operativas ; 
EFC ; ESTABLECIMIENTOS FINANCIEROS ; 8308 ; FINANCIERA CARRION, S.A., E.F.C. (8308) ; ES ; ESPAÑA ; 12 ; MADRID             ; 28 ; Madrid ; 079 ; MADRID ; PS DEL PINTOR ROSALES 4 ; 28008 ; Operativas ; 
EFC ; ESTABLECIMIENTOS FINANCIEROS ; 8512 ; UNION CREDITOS INMOBILIARIOS (8512) ; ES ; ESPAÑA ; 12 ; MADRID             ; 28 ; Madrid ; 079 ; MADRID ; CL AMALTEA 32 ; 28045 ; Operativas ; 
EFC ; ESTABLECIMIENTOS FINANCIEROS ; 8512 ; UNION CREDITOS INMOBILIARIOS (8512) ; ES ; ESPAÑA ; 12 ; MADRID             ; 28 ; Madrid ; 079 ; MADRID ; CL PRINCIPE DE VERGARA 43 ; 28001 ; Operativas ; 
EFC ; ESTABLECIMIENTOS FINANCIEROS ; 8512 ; UNION CREDITOS INMOBILIARIOS (8512) ; ES ; ESPAÑA ; 12 ; MADRID             ; 28 ; Madrid ; 079 ; MADRID ; AV DE CÓRDOBA 21 ; 28026 ; Operativas ; 
EFC ; ESTABLECIMIENTOS FINANCIEROS ; 8596 ; UNION CTO. FIN. MOB. INM. CREDIFIMO (8596) ; ES ; ESPAÑA ; 12 ; MADRID             ; 28 ; Madrid ; 079 ; MADRID ; CL GOYA 77 ; 28001 ; Operativas ; 
EFC ; ESTABLECIMIENTOS FINANCIEROS ; 8806 ; VFS FINANCIAL SERV. E.F.C., S.A. (8806) ; ES ; ESPAÑA ; 12 ; MADRID             ; 28 ; Madrid ; 079 ; MADRID ; CL PROCION, 1-3 (URB.LA FLORIDA)  ; 28023 ; Operativas ; 
EFC ; ESTABLECIMIENTOS FINANCIEROS ; 8813 ; TRATON FINANCIAL SERVICES IBERICA (8813) ; ES ; ESPAÑA ; 12 ; MADRID             ; 28 ; Madrid ; 130 ; SAN FERNANDO DE HENARES ; AV CASTILLA 00029 ; 28830 ; Operativas ; 
EFC ; ESTABLECIMIENTOS FINANCIEROS ; 8823 ; FINANCIERA ESPAÑOLA CREDITO DISTANC (8823) ; ES ; ESPAÑA ; 12 ; MADRID             ; 28 ; Madrid ; 079 ; MADRID ; ZZ AVDA. DE LA FUENTE DE LA MORA, 4 0 ; 28050 ; Operativas ; 
EFC ; ESTABLECIMIENTOS FINANCIEROS ; 8826 ; DEUTSCHE LEASING IBERICA, E.F.C, SA (8826) ; ES ; ESPAÑA ; 12 ; MADRID             ; 28 ; Madrid ; 079 ; MADRID ; CL ARTE 21 ; 28033 ; Operativas ; 
EFC ; ESTABLECIMIENTOS FINANCIEROS ; 8833 ; BPCE EQUIPMENT SOLUTIONS IBERIA (8833) ; ES ; ESPAÑA ; 12 ; MADRID             ; 28 ; Madrid ; 079 ; MADRID ; CL CALERUEGA 81 ; 28033 ; Operativas ; 
EFC ; ESTABLECIMIENTOS FINANCIEROS ; 8838 ; STELLANTIS FIN SERVICES ESPAÑA EFC (8838) ; ES ; ESPAÑA ; 12 ; MADRID             ; 28 ; Madrid ; 079 ; MADRID ; CL EDUARDO BARREIROS 110 ; 28041 ; Operativas ; 
EFC ; ESTABLECIMIENTOS FINANCIEROS ; 8906 ; SANTANDER FACTORING Y CONFIRMING (8906) ; ES ; ESPAÑA ; 12 ; MADRID             ; 28 ; Madrid ; 022 ; BOADILLA DEL MONTE ; AV CANTABRIA S/N ; 28660 ; Operativas ; 
SEFC ; SUCUR.ENT.FINAN.FILIAL.CTO.COMUNIT ; 1532 ; BNP PARIBAS FACTOR, S.A. S.E. (1532) ; ES ; ESPAÑA ; 12 ; MADRID             ; 28 ; Madrid ; 079 ; MADRID ; CL RIBERA DEL LOIRA 32 ; 28042 ; Operativas ; 
SECC ; SUCURSALES COMUNITARIAS ; 0108 ; SOCIETE GENERALE, S.E. (0108) ; ES ; ESPAÑA ; 12 ; MADRID             ; 28 ; Madrid ; 079 ; MADRID ; PZ PABLO RUIZ PICASSO 1 ; 28001 ; Operativas ; 
SECC ; SUCURSALES COMUNITARIAS ; 0145 ; DEUTSCHE BANK A.G., S.E. (0145) ; ES ; ESPAÑA ; 12 ; MADRID             ; 28 ; Madrid ; 079 ; MADRID ; PS CASTELLANA 42 ; 28046 ; Operativas ; 
SECC ; SUCURSALES COMUNITARIAS ; 0149 ; BNP PARIBAS S.A., S.E. (0149) ; ES ; ESPAÑA ; 12 ; MADRID             ; 28 ; Madrid ; 079 ; MADRID ; CL HERMANOS BECQUER 3 ; 28006 ; Operativas ; 
SECC ; SUCURSALES COMUNITARIAS ; 0149 ; BNP PARIBAS S.A., S.E. (0149) ; ES ; ESPAÑA ; 12 ; MADRID             ; 28 ; Madrid ; 079 ; MADRID ; CL EMILIO VARGAS 4 ; 28043 ; Operativas ; 
SECC ; SUCURSALES COMUNITARIAS ; 0152 ; BARCLAYS BANK IRELAND PLC, S.E. (0152) ; ES ; ESPAÑA ; 12 ; MADRID             ; 28 ; Madrid ; 079 ; MADRID ; CL JOSE ABASCAL 51 ; 28003 ; Operativas ; 
SECC ; SUCURSALES COMUNITARIAS ; 0154 ; CREDIT AGRIC.CORP.INVEST. BANK, S.E (0154) ; ES ; ESPAÑA ; 12 ; MADRID             ; 28 ; Madrid ; 079 ; MADRID ; PS DE LA CASTELLANA 1 ; 28046 ; Operativas ; 
SECC ; SUCURSALES COMUNITARIAS ; 0159 ; COMMERZBANK A.G., S.E. (0159) ; ES ; ESPAÑA ; 12 ; MADRID             ; 28 ; Madrid ; 079 ; MADRID ; PS DE LA CASTELLANA 259-C ; 28046 ; Operativas ; 
SECC ; SUCURSALES COMUNITARIAS ; 0160 ; MUFG BANK (EUROPE) N.V., S.E. (0160) ; ES ; ESPAÑA ; 12 ; MADRID             ; 28 ; Madrid ; 079 ; MADRID ; CL ORTEGA Y GASSET 29 ; 28006 ; Operativas ; 
SECC ; SUCURSALES COMUNITARIAS ; 0162 ; HSBC CONTINENTAL EUROPE, S.E. (0162) ; ES ; ESPAÑA ; 12 ; MADRID             ; 28 ; Madrid ; 079 ; MADRID ; PZ PABLO RUIZ PICASSO 00001 ; 28020 ; Operativas ; 
SECC ; SUCURSALES COMUNITARIAS ; 0220 ; BANCO FINANTIA, S.A., S.E. (0220) ; ES ; ESPAÑA ; 12 ; MADRID             ; 28 ; Madrid ; 079 ; MADRID ; AV MENENDEZ PELAYO 00067 ; 28009 ; Operativas ; 
SECC ; SUCURSALES COMUNITARIAS ; 0226 ; UBS EUROPE SE, S.E. (0226) ; ES ; ESPAÑA ; 12 ; MADRID             ; 28 ; Madrid ; 079 ; MADRID ; ZZ MARIA DE MOLINA, 4  ; 28006 ; Operativas ; 
SECC ; SUCURSALES COMUNITARIAS ; 1457 ; DE LAGE LANDEN INTERNATIONAL BV,SE (1457) ; ES ; ESPAÑA ; 12 ; MADRID             ; 28 ; Madrid ; 079 ; MADRID ; CL JOSE BARDASANO BAOS 00009 ; 28016 ; Operativas ; 
SECC ; SUCURSALES COMUNITARIAS ; 1459 ; COOPERATIEVE RABOBANK U.A. S.E. (1459) ; ES ; ESPAÑA ; 12 ; MADRID             ; 28 ; Madrid ; 079 ; MADRID ; CL RAFAEL CALVO 39 ; 28010 ; Operativas ; 
SECC ; SUCURSALES COMUNITARIAS ; 1465 ; ING BANK, N.V. S.E. (1465) ; ES ; ESPAÑA ; 12 ; MADRID             ; 28 ; Madrid ; 079 ; MADRID ; PS DE ACACIAS 6 ; 28005 ; Operativas ; 
SECC ; SUCURSALES COMUNITARIAS ; 1465 ; ING BANK, N.V. S.E. (1465) ; ES ; ESPAÑA ; 12 ; MADRID             ; 28 ; Madrid ; 079 ; MADRID ; ZZ COSTA RICA, 27 S/N ; 28079 ; Operativas ; 
SECC ; SUCURSALES COMUNITARIAS ; 1465 ; ING BANK, N.V. S.E. (1465) ; ES ; ESPAÑA ; 12 ; MADRID             ; 28 ; Madrid ; 079 ; MADRID ; CL VIA DE LOS POBLADOS 1 ; 28033 ; Operativas ; 
SECC ; SUCURSALES COMUNITARIAS ; 1465 ; ING BANK, N.V. S.E. (1465) ; ES ; ESPAÑA ; 12 ; MADRID             ; 28 ; Madrid ; 079 ; MADRID ; CL VIRIATO 43 ; 28010 ; Operativas ; 
SECC ; SUCURSALES COMUNITARIAS ; 1465 ; ING BANK, N.V. S.E. (1465) ; ES ; ESPAÑA ; 12 ; MADRID             ; 28 ; Madrid ; 079 ; MADRID ; CL O'DONNELL 46 ; 28009 ; Operativas ; 
SECC ; SUCURSALES COMUNITARIAS ; 1465 ; ING BANK, N.V. S.E. (1465) ; ES ; ESPAÑA ; 12 ; MADRID             ; 28 ; Madrid ; 080 ; MAJADAHONDA ; AV reyes catoliticos 2 ; 28220 ; Operativas ; 
SECC ; SUCURSALES COMUNITARIAS ; 1465 ; ING BANK, N.V. S.E. (1465) ; ES ; ESPAÑA ; 12 ; MADRID             ; 28 ; Madrid ; 092 ; MOSTOLES ; AV DE PORTUGAL 14 ; 28931 ; Operativas ; 
SECC ; SUCURSALES COMUNITARIAS ; 1473 ; EDMOND DE ROTHSCHILD (EUROPE), S.E. (1473) ; ES ; ESPAÑA ; 12 ; MADRID             ; 28 ; Madrid ; 079 ; MADRID ; PS CASTELLANA 00055 ; 28046 ; Operativas ; 
SECC ; SUCURSALES COMUNITARIAS ; 1474 ; CITIBANK EUROPE PLC, S.E. (1474) ; ES ; ESPAÑA ; 12 ; MADRID             ; 28 ; Madrid ; 079 ; MADRID ; ZZ ORTEGA Y GASSET 00029 ; 28006 ; Operativas ; 
SECC ; SUCURSALES COMUNITARIAS ; 1480 ; VOLKSWAGEN BANK GMBH, S.E. (1480) ; ES ; ESPAÑA ; 12 ; MADRID             ; 28 ; Madrid ; 006 ; ALCOBENDAS ; AV DE BRUSELAS 34 ; 28108 ; Operativas ; 
SECC ; SUCURSALES COMUNITARIAS ; 1482 ; JOHN DEERE BANK, S.A., S.E. (1482) ; ES ; ESPAÑA ; 12 ; MADRID             ; 28 ; Madrid ; 106 ; PARLA ; CL BULEVAR JOHN DEERE 2 ; 28984 ; Operativas ; 
SECC ; SUCURSALES COMUNITARIAS ; 1485 ; BANK OF AMERICA EUROPE DAC, S. E. (1485) ; ES ; ESPAÑA ; 12 ; MADRID             ; 28 ; Madrid ; 079 ; MADRID ; PZ PABLO RUIZ PICASSO 1 ; 28020 ; Operativas ; 
SECC ; SUCURSALES COMUNITARIAS ; 1487 ; TOYOTA KREDITBANK GMBH, S.E. (1487) ; ES ; ESPAÑA ; 12 ; MADRID             ; 28 ; Madrid ; 006 ; ALCOBENDAS ; AV DE BRUSELAS 00022 ; 28108 ; Operativas ; 
SECC ; SUCURSALES COMUNITARIAS ; 1488 ; BANK PICTET & CIE (EUROPE) AG S.E. (1488) ; ES ; ESPAÑA ; 12 ; MADRID             ; 28 ; Madrid ; 079 ; MADRID ; ZZ HERMOSILLA, 11  ; 28001 ; Operativas ; 
SECC ; SUCURSALES COMUNITARIAS ; 1491 ; TRIODOS BANK, N.V., S.E. (1491) ; ES ; ESPAÑA ; 12 ; MADRID             ; 28 ; Madrid ; 079 ; MADRID ; CL SERRANO ANGUITA 13 ; 28006 ; Operativas ; 
SECC ; SUCURSALES COMUNITARIAS ; 1492 ; BNP PARIBAS LEASE GROUP, S.A. S.E. (1492) ; ES ; ESPAÑA ; 12 ; MADRID             ; 28 ; Madrid ; 079 ; MADRID ; CL RETAMA 3 ; 28045 ; Operativas ; 
SECC ; SUCURSALES COMUNITARIAS ; 1493 ; CAIXA BANCO DE INVESTIMENTO,SA, SE (1493) ; ES ; ESPAÑA ; 12 ; MADRID             ; 28 ; Madrid ; 079 ; MADRID ; PS DE LA CASTELLANA 21 ; 28046 ; Operativas ; 
SECC ; SUCURSALES COMUNITARIAS ; 1494 ; INTESA SANPAOLO S.P.A., S.E. (1494) ; ES ; ESPAÑA ; 12 ; MADRID             ; 28 ; Madrid ; 079 ; MADRID ; PZ COLON 2 ; 28046 ; Operativas ; 
SECC ; SUCURSALES COMUNITARIAS ; 1497 ; HAITONG BANK, S.A. S.E. (1497) ; ES ; ESPAÑA ; 12 ; MADRID             ; 28 ; Madrid ; 079 ; MADRID ; PS de la Castellana 52 ; 28046 ; Operativas ; 
SECC ; SUCURSALES COMUNITARIAS ; 1500 ; BPCE LEASE, S.E. (1500) ; ES ; ESPAÑA ; 12 ; MADRID             ; 28 ; Madrid ; 079 ; MADRID ; CL SERRANO 90 ; 28006 ; Operativas ; 
SECC ; SUCURSALES COMUNITARIAS ; 1501 ; DEUTSCHE PFANDBRIEFBANK AG, S.E. (1501) ; ES ; ESPAÑA ; 12 ; MADRID             ; 28 ; Madrid ; 079 ; MADRID ; CL MONTESQUINZA 30 ; 28010 ; Operativas ; 
SECC ; SUCURSALES COMUNITARIAS ; 1508 ; RCI BANQUE, S.A., S.E. (1508) ; ES ; ESPAÑA ; 12 ; MADRID             ; 28 ; Madrid ; 079 ; MADRID ; AV BURGOS 89A ; 28050 ; Operativas ; 
SECC ; SUCURSALES COMUNITARIAS ; 1514 ; IC FINANCIAL SERVICES, S.E. (1514) ; ES ; ESPAÑA ; 12 ; MADRID             ; 28 ; Madrid ; 049 ; COSLADA ; AV JOSE GARATE 00011 ; 28049 ; Operativas ; 
SECC ; SUCURSALES COMUNITARIAS ; 1520 ; MEDIOBANCA, S.E. (1520) ; ES ; ESPAÑA ; 12 ; MADRID             ; 28 ; Madrid ; 079 ; MADRID ; CL JORGE MANRIQUE 12 ; 28006 ; Operativas ; 
SECC ; SUCURSALES COMUNITARIAS ; 1525 ; BANQUE CHAABI DU MAROC, S.E. (1525) ; ES ; ESPAÑA ; 12 ; MADRID             ; 28 ; Madrid ; 079 ; MADRID ; AV DEL DOCTOR ARCE 00035 ; 28002 ; Operativas ; 
SECC ; SUCURSALES COMUNITARIAS ; 1533 ; BMW BANK GMBH,S.E. (1533) ; ES ; ESPAÑA ; 12 ; MADRID             ; 28 ; Madrid ; 079 ; MADRID ; AV  DE BURGOS, 118  ; 28050 ; Operativas ; 
SECC ; SUCURSALES COMUNITARIAS ; 1535 ; AKF BANK GMBH & CO KG, S.E. (1535) ; ES ; ESPAÑA ; 12 ; MADRID             ; 28 ; Madrid ; 006 ; ALCOBENDAS ; AV DE EUROPA 12 ; 28108 ; Operativas ; 
SECC ; SUCURSALES COMUNITARIAS ; 1538 ; INDUST.COMMERC. BANK CHINA (EUROPE) (1538) ; ES ; ESPAÑA ; 12 ; MADRID             ; 28 ; Madrid ; 079 ; MADRID ; PS DE RECOLETOS 12 ; 28001 ; Operativas ; 
SECC ; SUCURSALES COMUNITARIAS ; 1541 ; ATTIJARIWAFA BANK EUROPE, S.E. (1541) ; ES ; ESPAÑA ; 12 ; MADRID             ; 28 ; Madrid ; 079 ; MADRID ; CL de la Estaciòn 2 ; 28944 ; Operativas ; 
SECC ; SUCURSALES COMUNITARIAS ; 1545 ; CA INDOSUEZ WEALTH (EUROPE), S.E. (1545) ; ES ; ESPAÑA ; 12 ; MADRID             ; 28 ; Madrid ; 079 ; MADRID ; PS CASTELLANA 1 ; 28046 ; Operativas ; 
SECC ; SUCURSALES COMUNITARIAS ; 1547 ; LOMBARD ODIER (EUROPE), S.A., S.E. (1547) ; ES ; ESPAÑA ; 12 ; MADRID             ; 28 ; Madrid ; 079 ; MADRID ; PS Paseo de la Castellana 66 ; 28046 ; Operativas ; 
SECC ; SUCURSALES COMUNITARIAS ; 1548 ; DELL B. INT. DESIGNATED ACT. CO. (1548) ; ES ; ESPAÑA ; 12 ; MADRID             ; 28 ; Madrid ; 079 ; MADRID ; CL Basauri 17 ; 28023 ; Operativas ; 
SECC ; SUCURSALES COMUNITARIAS ; 1550 ; BANCA POPOLARE ETICA SCPA, SE (1550) ; ES ; ESPAÑA ; 12 ; MADRID             ; 28 ; Madrid ; 079 ; MADRID ; PS marques de zafra 6 ; 28028 ; Operativas ; 
SECC ; SUCURSALES COMUNITARIAS ; 1551 ; SMBC BANK EU AG, S.E. (1551) ; ES ; ESPAÑA ; 12 ; MADRID             ; 28 ; Madrid ; 079 ; MADRID ; CL PEDRO TEIXEIRA 8 ; 28020 ; Operativas ; 
SECC ; SUCURSALES COMUNITARIAS ; 1552 ; MIRABAUD & CIE (EUROPE) SA SE (1552) ; ES ; ESPAÑA ; 12 ; MADRID             ; 28 ; Madrid ; 079 ; MADRID ; CL FORTUNY 6 ; 28010 ; Operativas ; 
SECC ; SUCURSALES COMUNITARIAS ; 1563 ; N26 BANK SE, SUCURSAL EN ESPAÑA (1563) ; ES ; ESPAÑA ; 12 ; MADRID             ; 28 ; Madrid ; 079 ; MADRID ; CL José Abascal 41 ; 28003 ; Operativas ; 
SECC ; SUCURSALES COMUNITARIAS ; 8640 ; CA AUTO BANK, SPA, S.E. (8640) ; ES ; ESPAÑA ; 12 ; MADRID             ; 28 ; Madrid ; 005 ; ALCALA DE HENARES ; ZZ CTRA.M-300 KM.28,5  ; 28802 ; Operativas ; 
SECE ; SUCURSALES EXTRACOMUNITARIAS ; 0169 ; BANCO DE LA NACION ARGENTINA, S.E. (0169) ; ES ; ESPAÑA ; 12 ; MADRID             ; 28 ; Madrid ; 079 ; MADRID ; CL NUÑEZ DE BALBOA 00073 ; 28001 ; Operativas ; 
SECE ; SUCURSALES EXTRACOMUNITARIAS ; 0218 ; FCE BANK PLC S.E. (0218) ; ES ; ESPAÑA ; 12 ; MADRID             ; 28 ; Madrid ; 006 ; ALCOBENDAS ; CL CALENDULA ED.MINIPARC IV (SOTO MORALEJA) 00013 ; 28109 ; Operativas ; 
SECE ; SUCURSALES EXTRACOMUNITARIAS ; 1460 ; UBS AG, S.E. (1460) ; ES ; ESPAÑA ; 12 ; MADRID             ; 28 ; Madrid ; 079 ; MADRID ; ZZ AYALA, 42  ; 28001 ; Operativas ; 
########;########;########;########;########;########;########
########;########;########;########;########;########;########
CRITERIOS DE CONSULTA
 Oficinas en:  ; España
Comunidad Autonoma:  ; MADRID            
Fecha de obtención: 29/08/2026,09:54;;;;;;;;;Fecha de Referencia: 31/03/2026
