 Cod. Tipo Entidad ; Tipo Entidad ; Cód. Entidad ; Entidad ; Cód. País ; País ; Cod CCAA ; CCAA ; Cod. Provincia ; Provincia ; Cód. Municipio ; Municipio/Población ; Domicilio ; CP ; Tipo 
BP ; BANCOS ; 0019 ; DEUTSCHE BANK, S.A.E. (0019) ; ES ; ESPAÑA ; 09 ; CATALUÑA           ; 08 ; Barcelona ; 015 ; BADALONA ; CL DEL MAR 69 ; 08911 ; Operativas ; 
BP ; BANCOS ; 0019 ; DEUTSCHE BANK, S.A.E. (0019) ; ES ; ESPAÑA ; 09 ; CATALUÑA           ; 08 ; Barcelona ; 019 ; BARCELONA ; CL TRAVESERA DE GRACIA 39 ; 08021 ; Operativas ; 
BP ; BANCOS ; 0019 ; DEUTSCHE BANK, S.A.E. (0019) ; ES ; ESPAÑA ; 09 ; CATALUÑA           ; 08 ; Barcelona ; 019 ; BARCELONA ; AV DIAGONAL 632 ; 08017 ; Operativas ; 
BP ; BANCOS ; 0019 ; DEUTSCHE BANK, S.A.E. (0019) ; ES ; ESPAÑA ; 09 ; CATALUÑA           ; 08 ; Barcelona ; 019 ; BARCELONA ; ZZ CòRSEGA, 476-478.  ; 08025 ; Operativas ; 
BP ; BANCOS ; 0019 ; DEUTSCHE BANK, S.A.E. (0019) ; ES ; ESPAÑA ; 09 ; CATALUÑA           ; 08 ; Barcelona ; 019 ; BARCELONA ; RB DE CATALUNYA 57 ; 08002 ; Operativas ; 
BP ; BANCOS ; 0019 ; DEUTSCHE BANK, S.A.E. (0019) ; ES ; ESPAÑA ; 09 ; CATALUÑA           ; 08 ; Barcelona ; 019 ; BARCELONA ; ZZ VIA LAYETANA 13  ; 08003 ; Operativas ; 
BP ; BANCOS ; 0019 ; DEUTSCHE BANK, S.A.E. (0019) ; ES ; ESPAÑA ; 09 ; CATALUÑA           ; 08 ; Barcelona ; 019 ; BARCELONA ; PS DE GRACIA 112 ; 08008 ; Operativas ; 
BP ; BANCOS ; 0019 ; DEUTSCHE BANK, S.A.E. (0019) ; ES ; ESPAÑA ; 09 ; CATALUÑA           ; 08 ; Barcelona ; 073 ; CORNELLÀ DE LLOBREGAT ; CR D'ESPLUGES, 124    (OF PRAL)  ; 08940 ; Operativas ; 
BP ; BANCOS ; 0019 ; DEUTSCHE BANK, S.A.E. (0019) ; ES ; ESPAÑA ; 09 ; CATALUÑA           ; 08 ; Barcelona ; 096 ; GRANOLLERS ; PZ DE LA CORONA, 1  ; 08400 ; Operativas ; 
BP ; BANCOS ; 0019 ; DEUTSCHE BANK, S.A.E. (0019) ; ES ; ESPAÑA ; 09 ; CATALUÑA           ; 08 ; Barcelona ; 101 ; HOSPITALET DE LLOBREGAT(L') ; RB JUSTO OLIVERAS, 28  ; 08901 ; Operativas ; 
BP ; BANCOS ; 0019 ; DEUTSCHE BANK, S.A.E. (0019) ; ES ; ESPAÑA ; 09 ; CATALUÑA           ; 08 ; Barcelona ; 123 ; MOLINS DE REI ; AV DE BARCELONA, 21-23  ; 08750 ; Operativas ; 
BP ; BANCOS ; 0019 ; DEUTSCHE BANK, S.A.E. (0019) ; ES ; ESPAÑA ; 09 ; CATALUÑA           ; 08 ; Barcelona ; 184 ; RUBI ; AV DE BARCELONA, 8-10  ; 08191 ; Operativas ; 
BP ; BANCOS ; 0019 ; DEUTSCHE BANK, S.A.E. (0019) ; ES ; ESPAÑA ; 09 ; CATALUÑA           ; 08 ; Barcelona ; 187 ; SABADELL ; ZZ PASSEIG PLAÇA MAJOR 62-64 ; 08202 ; Operativas ; 
BP ; BANCOS ; 0019 ; DEUTSCHE BANK, S.A.E. (0019) ; ES ; ESPAÑA ; 09 ; CATALUÑA           ; 08 ; Barcelona ; 205 ; SANT CUGAT DEL VALLÈS ; PZ DELS QUATRE CANTONS, 1  ; 08172 ; Operativas ; 
BP ; BANCOS ; 0019 ; DEUTSCHE BANK, S.A.E. (0019) ; ES ; ESPAÑA ; 09 ; CATALUÑA           ; 08 ; Barcelona ; 279 ; TERRASSA ; ZZ FONT VELLA, 7-9      (OF PRAL)  ; 08221 ; Operativas ; 
BP ; BANCOS ; 0019 ; DEUTSCHE BANK, S.A.E. (0019) ; ES ; ESPAÑA ; 09 ; CATALUÑA           ; 08 ; Barcelona ; 305 ; VILAFRANCA DEL PENEDÈS ; AV DE TARRAGONA 1 ; 08720 ; Operativas ; 
BP ; BANCOS ; 0019 ; DEUTSCHE BANK, S.A.E. (0019) ; ES ; ESPAÑA ; 09 ; CATALUÑA           ; 08 ; Barcelona ; 307 ; VILANOVA I LA GELTRU ; ZZ JOSEP TOMAS VENTOSA, 23  ; 08800 ; Operativas ; 
BP ; BANCOS ; 0019 ; DEUTSCHE BANK, S.A.E. (0019) ; ES ; ESPAÑA ; 09 ; CATALUÑA           ; 17 ; Girona ; 023 ; BLANES ; PS PAU CASALS, 66  ; 17300 ; Operativas ; 
BP ; BANCOS ; 0019 ; DEUTSCHE BANK, S.A.E. (0019) ; ES ; ESPAÑA ; 09 ; CATALUÑA           ; 17 ; Girona ; 066 ; FIGUERES ; ZZ RAMBLA, 31.  ; 17600 ; Operativas ; 
BP ; BANCOS ; 0019 ; DEUTSCHE BANK, S.A.E. (0019) ; ES ; ESPAÑA ; 09 ; CATALUÑA           ; 17 ; Girona ; 079 ; GIRONA ; PZ MARQUES DE CAMPS,4 BAIXOS  ; 17001 ; Operativas ; 
BP ; BANCOS ; 0019 ; DEUTSCHE BANK, S.A.E. (0019) ; ES ; ESPAÑA ; 09 ; CATALUÑA           ; 17 ; Girona ; 117 ; PALAFRUGELL ; ZZ CARRER DELS VALLS,30  ; 17200 ; Operativas ; 
BP ; BANCOS ; 0019 ; DEUTSCHE BANK, S.A.E. (0019) ; ES ; ESPAÑA ; 09 ; CATALUÑA           ; 17 ; Girona ; 152 ; ROSES ; ZZ PLAÇA SANT PERE, 7.  ; 17480 ; Operativas ; 
BP ; BANCOS ; 0019 ; DEUTSCHE BANK, S.A.E. (0019) ; ES ; ESPAÑA ; 09 ; CATALUÑA           ; 25 ; Lleida ; 120 ; LLEIDA ; ZZ PRAT DE LA RIBA, 7  ; 25006 ; Operativas ; 
BP ; BANCOS ; 0019 ; DEUTSCHE BANK, S.A.E. (0019) ; ES ; ESPAÑA ; 09 ; CATALUÑA           ; 43 ; Tarragona ; 148 ; TARRAGONA ; RB NOVA 115  ; 43001 ; Operativas ; 
BP ; BANCOS ; 0049 ; BANCO SANTANDER, S.A. (0049) ; ES ; ESPAÑA ; 09 ; CATALUÑA           ; 08 ; Barcelona ; 006 ; ARENYS DE MAR ; CL RIERA BISBE POL, 17 0017 ; 08350 ; Operativas ; 
BP ; BANCOS ; 0049 ; BANCO SANTANDER, S.A. (0049) ; ES ; ESPAÑA ; 09 ; CATALUÑA           ; 08 ; Barcelona ; 009 ; ARGENTONA ; AV PUIG Y CADAFALCH 5 ; 08310 ; Operativas ; 
BP ; BANCOS ; 0049 ; BANCO SANTANDER, S.A. (0049) ; ES ; ESPAÑA ; 09 ; CATALUÑA           ; 08 ; Barcelona ; 015 ; BADALONA ; CL MESTRE JOAN PICH, 13 (MONTIGALA) 0013 ; 08914 ; Operativas ; 
BP ; BANCOS ; 0049 ; BANCO SANTANDER, S.A. (0049) ; ES ; ESPAÑA ; 09 ; CATALUÑA           ; 08 ; Barcelona ; 015 ; BADALONA ; CL FRANCESC LAYRET, 127 0127 ; 08911 ; Operativas ; 
BP ; BANCOS ; 0049 ; BANCO SANTANDER, S.A. (0049) ; ES ; ESPAÑA ; 09 ; CATALUÑA           ; 08 ; Barcelona ; 015 ; BADALONA ; AV AV. MARTI PUJOL, 150 0150 ; 08911 ; Operativas ; 
BP ; BANCOS ; 0049 ; BANCO SANTANDER, S.A. (0049) ; ES ; ESPAÑA ; 09 ; CATALUÑA           ; 08 ; Barcelona ; 015 ; BADALONA ; PZ PL. VAIXELL MARIA ASSUMPTA, 9 0009 ; 08912 ; Operativas ; 
BP ; BANCOS ; 0049 ; BANCO SANTANDER, S.A. (0049) ; ES ; ESPAÑA ; 09 ; CATALUÑA           ; 08 ; Barcelona ; 019 ; BARCELONA ; CL PLA DE LA BOQUERIA, 1-3 0001 ; 08002 ; Operativas ; 
BP ; BANCOS ; 0049 ; BANCO SANTANDER, S.A. (0049) ; ES ; ESPAÑA ; 09 ; CATALUÑA           ; 08 ; Barcelona ; 019 ; BARCELONA ; PS PO. DE LA BONANOVA, 108 0108 ; 08017 ; Operativas ; 
BP ; BANCOS ; 0049 ; BANCO SANTANDER, S.A. (0049) ; ES ; ESPAÑA ; 09 ; CATALUÑA           ; 08 ; Barcelona ; 019 ; BARCELONA ; PZ PL. DE TETUAN, 6-7 0006 ; 08010 ; Operativas ; 
BP ; BANCOS ; 0049 ; BANCO SANTANDER, S.A. (0049) ; ES ; ESPAÑA ; 09 ; CATALUÑA           ; 08 ; Barcelona ; 019 ; BARCELONA ; AV AV. DE MADRID, 201 0201 ; 08028 ; Operativas ; 
BP ; BANCOS ; 0049 ; BANCO SANTANDER, S.A. (0049) ; ES ; ESPAÑA ; 09 ; CATALUÑA           ; 08 ; Barcelona ; 019 ; BARCELONA ; CL PEDRO IV, 161-163-165 0161 ; 08018 ; Operativas ; 
BP ; BANCOS ; 0049 ; BANCO SANTANDER, S.A. (0049) ; ES ; ESPAÑA ; 09 ; CATALUÑA           ; 08 ; Barcelona ; 019 ; BARCELONA ; PS PO. DE MARAGALL, 362 0362 ; 08031 ; Operativas ; 
BP ; BANCOS ; 0049 ; BANCO SANTANDER, S.A. (0049) ; ES ; ESPAÑA ; 09 ; CATALUÑA           ; 08 ; Barcelona ; 019 ; BARCELONA ; CL CAPITAN ARENAS, 22-24 0022 ; 08034 ; Operativas ; 
BP ; BANCOS ; 0049 ; BANCO SANTANDER, S.A. (0049) ; ES ; ESPAÑA ; 09 ; CATALUÑA           ; 08 ; Barcelona ; 019 ; BARCELONA ; CL NAPOLES, 216 0216 ; 08013 ; Operativas ; 
BP ; BANCOS ; 0049 ; BANCO SANTANDER, S.A. (0049) ; ES ; ESPAÑA ; 09 ; CATALUÑA           ; 08 ; Barcelona ; 019 ; BARCELONA ; PS PO. DE SAN GERVASIO, 59-61 0059 ; 08022 ; Operativas ; 
BP ; BANCOS ; 0049 ; BANCO SANTANDER, S.A. (0049) ; ES ; ESPAÑA ; 09 ; CATALUÑA           ; 08 ; Barcelona ; 019 ; BARCELONA ; PS PASEO DE FABRA Y PUIG 246 ; 08016 ; Operativas ; 
BP ; BANCOS ; 0049 ; BANCO SANTANDER, S.A. (0049) ; ES ; ESPAÑA ; 09 ; CATALUÑA           ; 08 ; Barcelona ; 019 ; BARCELONA ; CL VILA VILA, 101-103 (PARALELO) 0101 ; 08004 ; Operativas ; 
BP ; BANCOS ; 0049 ; BANCO SANTANDER, S.A. (0049) ; ES ; ESPAÑA ; 09 ; CATALUÑA           ; 08 ; Barcelona ; 019 ; BARCELONA ; CL GANDUXER, 111 0111 ; 08022 ; Operativas ; 
BP ; BANCOS ; 0049 ; BANCO SANTANDER, S.A. (0049) ; ES ; ESPAÑA ; 09 ; CATALUÑA           ; 08 ; Barcelona ; 019 ; BARCELONA ; CL PASSEIG DE JOAN DE BORBO, 24 0024 ; 08003 ; Operativas ; 
BP ; BANCOS ; 0049 ; BANCO SANTANDER, S.A. (0049) ; ES ; ESPAÑA ; 09 ; CATALUÑA           ; 08 ; Barcelona ; 019 ; BARCELONA ; CL CORCEGA, 429 0429 ; 08037 ; Operativas ; 
BP ; BANCOS ; 0049 ; BANCO SANTANDER, S.A. (0049) ; ES ; ESPAÑA ; 09 ; CATALUÑA           ; 08 ; Barcelona ; 019 ; BARCELONA ; CL VIA AUGUSTA, 28-30 0028 ; 08006 ; Operativas ; 
BP ; BANCOS ; 0049 ; BANCO SANTANDER, S.A. (0049) ; ES ; ESPAÑA ; 09 ; CATALUÑA           ; 08 ; Barcelona ; 019 ; BARCELONA ; RB RBLA. DE CATALUNYA, 53 0053 ; 08007 ; Operativas ; 
BP ; BANCOS ; 0049 ; BANCO SANTANDER, S.A. (0049) ; ES ; ESPAÑA ; 09 ; CATALUÑA           ; 08 ; Barcelona ; 019 ; BARCELONA ; AV MERIDIANA 287 ; 08027 ; Operativas ; 
BP ; BANCOS ; 0049 ; BANCO SANTANDER, S.A. (0049) ; ES ; ESPAÑA ; 09 ; CATALUÑA           ; 08 ; Barcelona ; 019 ; BARCELONA ; CL PI I MARGALL, 54-56 0054 ; 08024 ; Operativas ; 
BP ; BANCOS ; 0049 ; BANCO SANTANDER, S.A. (0049) ; ES ; ESPAÑA ; 09 ; CATALUÑA           ; 08 ; Barcelona ; 019 ; BARCELONA ; PZ PL. ADRIANO, 8 0008 ; 08021 ; Operativas ; 
BP ; BANCOS ; 0049 ; BANCO SANTANDER, S.A. (0049) ; ES ; ESPAÑA ; 09 ; CATALUÑA           ; 08 ; Barcelona ; 019 ; BARCELONA ; PS PO. ZONA FRANCA, 183 0183 ; 08038 ; Operativas ; 
BP ; BANCOS ; 0049 ; BANCO SANTANDER, S.A. (0049) ; ES ; ESPAÑA ; 09 ; CATALUÑA           ; 08 ; Barcelona ; 019 ; BARCELONA ; AV AV. DE ROMA, 66-68 0066 ; 08015 ; Operativas ; 
BP ; BANCOS ; 0049 ; BANCO SANTANDER, S.A. (0049) ; ES ; ESPAÑA ; 09 ; CATALUÑA           ; 08 ; Barcelona ; 019 ; BARCELONA ; CL GRAN DE SANT ANDREU, 288-290 0288 ; 08030 ; Operativas ; 
BP ; BANCOS ; 0049 ; BANCO SANTANDER, S.A. (0049) ; ES ; ESPAÑA ; 09 ; CATALUÑA           ; 08 ; Barcelona ; 019 ; BARCELONA ; CL NUMANCIA 137 ; 08029 ; Operativas ; 
BP ; BANCOS ; 0049 ; BANCO SANTANDER, S.A. (0049) ; ES ; ESPAÑA ; 09 ; CATALUÑA           ; 08 ; Barcelona ; 019 ; BARCELONA ; CL TRAVESSERA DE DALT, 62-64 0062 ; 08024 ; Operativas ; 
BP ; BANCOS ; 0049 ; BANCO SANTANDER, S.A. (0049) ; ES ; ESPAÑA ; 09 ; CATALUÑA           ; 08 ; Barcelona ; 019 ; BARCELONA ; CL ANGEL MARQUES, 1 0001 ; 08035 ; Operativas ; 
BP ; BANCOS ; 0049 ; BANCO SANTANDER, S.A. (0049) ; ES ; ESPAÑA ; 09 ; CATALUÑA           ; 08 ; Barcelona ; 019 ; BARCELONA ; ZZ GRAN VIA DE LES CORTS CATALANES, 585 0585 ; 08007 ; Operativas ; 
BP ; BANCOS ; 0049 ; BANCO SANTANDER, S.A. (0049) ; ES ; ESPAÑA ; 09 ; CATALUÑA           ; 08 ; Barcelona ; 019 ; BARCELONA ; CL JORDI GIRONA, 1-3 (CAMPUS NORD) 0001 ; 08034 ; Operativas ; 
BP ; BANCOS ; 0049 ; BANCO SANTANDER, S.A. (0049) ; ES ; ESPAÑA ; 09 ; CATALUÑA           ; 08 ; Barcelona ; 019 ; BARCELONA ; CL Josep Pla 0025 ; 08019 ; Operativas ; 
BP ; BANCOS ; 0049 ; BANCO SANTANDER, S.A. (0049) ; ES ; ESPAÑA ; 09 ; CATALUÑA           ; 08 ; Barcelona ; 019 ; BARCELONA ; AV AV. DIAGONAL 696 ; 08034 ; Operativas ; 
BP ; BANCOS ; 0049 ; BANCO SANTANDER, S.A. (0049) ; ES ; ESPAÑA ; 09 ; CATALUÑA           ; 08 ; Barcelona ; 019 ; BARCELONA ; AV AV. ICARIA, 141 0141 ; 08005 ; Operativas ; 
BP ; BANCOS ; 0049 ; BANCO SANTANDER, S.A. (0049) ; ES ; ESPAÑA ; 09 ; CATALUÑA           ; 08 ; Barcelona ; 019 ; BARCELONA ; CL SANTS, 26 0026 ; 08014 ; Operativas ; 
BP ; BANCOS ; 0049 ; BANCO SANTANDER, S.A. (0049) ; ES ; ESPAÑA ; 09 ; CATALUÑA           ; 08 ; Barcelona ; 019 ; BARCELONA ; CL MUNTANER, 105 0105 ; 08036 ; Operativas ; 
BP ; BANCOS ; 0049 ; BANCO SANTANDER, S.A. (0049) ; ES ; ESPAÑA ; 09 ; CATALUÑA           ; 08 ; Barcelona ; 019 ; BARCELONA ; CL RAMON TRIAS FARGAS, 25-27 0025 ; 08005 ; Operativas ; 
BP ; BANCOS ; 0049 ; BANCO SANTANDER, S.A. (0049) ; ES ; ESPAÑA ; 09 ; CATALUÑA           ; 08 ; Barcelona ; 019 ; BARCELONA ; ZZ GRAN VIA DE LES CORTS CATALANES, 535-537 0535 ; 08011 ; Operativas ; 
BP ; BANCOS ; 0049 ; BANCO SANTANDER, S.A. (0049) ; ES ; ESPAÑA ; 09 ; CATALUÑA           ; 08 ; Barcelona ; 019 ; BARCELONA ; PS PO. DE VALLDAURA, 227-229 0227 ; 08016 ; Operativas ; 
BP ; BANCOS ; 0049 ; BANCO SANTANDER, S.A. (0049) ; ES ; ESPAÑA ; 09 ; CATALUÑA           ; 08 ; Barcelona ; 019 ; BARCELONA ; PS PO. DE MARAGALL, 59-61 0059 ; 08041 ; Operativas ; 
BP ; BANCOS ; 0049 ; BANCO SANTANDER, S.A. (0049) ; ES ; ESPAÑA ; 09 ; CATALUÑA           ; 08 ; Barcelona ; 019 ; BARCELONA ; AV AV. VIRGEN MONTSERRAT, 20 0020 ; 08024 ; Operativas ; 
BP ; BANCOS ; 0049 ; BANCO SANTANDER, S.A. (0049) ; ES ; ESPAÑA ; 09 ; CATALUÑA           ; 08 ; Barcelona ; 019 ; BARCELONA ; CL TRAVESSERA DE GRACIA, 393 0393 ; 08025 ; Operativas ; 
BP ; BANCOS ; 0049 ; BANCO SANTANDER, S.A. (0049) ; ES ; ESPAÑA ; 09 ; CATALUÑA           ; 08 ; Barcelona ; 019 ; BARCELONA ; CL BORI Y FONTESTA, 6-8 0006 ; 08021 ; Operativas ; 
BP ; BANCOS ; 0049 ; BANCO SANTANDER, S.A. (0049) ; ES ; ESPAÑA ; 09 ; CATALUÑA           ; 08 ; Barcelona ; 019 ; BARCELONA ; CL ARAGON, 639-641 0639 ; 08026 ; Operativas ; 
BP ; BANCOS ; 0049 ; BANCO SANTANDER, S.A. (0049) ; ES ; ESPAÑA ; 09 ; CATALUÑA           ; 08 ; Barcelona ; 019 ; BARCELONA ; AV Urgel 257 ; 08029 ; Operativas ; 
BP ; BANCOS ; 0049 ; BANCO SANTANDER, S.A. (0049) ; ES ; ESPAÑA ; 09 ; CATALUÑA           ; 08 ; Barcelona ; 019 ; BARCELONA ; AV AV. MISTRAL, 4-10 0004 ; 08015 ; Operativas ; 
BP ; BANCOS ; 0049 ; BANCO SANTANDER, S.A. (0049) ; ES ; ESPAÑA ; 09 ; CATALUÑA           ; 08 ; Barcelona ; 019 ; BARCELONA ; CL MUNTANER 572 ; 08022 ; Operativas ; 
BP ; BANCOS ; 0049 ; BANCO SANTANDER, S.A. (0049) ; ES ; ESPAÑA ; 09 ; CATALUÑA           ; 08 ; Barcelona ; 019 ; BARCELONA ; CL ARIBAU 195 ; 08021 ; Operativas ; 
BP ; BANCOS ; 0049 ; BANCO SANTANDER, S.A. (0049) ; ES ; ESPAÑA ; 09 ; CATALUÑA           ; 08 ; Barcelona ; 019 ; BARCELONA ; PS DE GRACIA 5 ; 08007 ; Operativas ; 
BP ; BANCOS ; 0049 ; BANCO SANTANDER, S.A. (0049) ; ES ; ESPAÑA ; 09 ; CATALUÑA           ; 08 ; Barcelona ; 019 ; BARCELONA ; CL QUATRE CAMINS 30 ; 08022 ; Operativas ; 
BP ; BANCOS ; 0049 ; BANCO SANTANDER, S.A. (0049) ; ES ; ESPAÑA ; 09 ; CATALUÑA           ; 08 ; Barcelona ; 019 ; BARCELONA ; PS DE GRACIA 54 ; 08007 ; Operativas ; 
BP ; BANCOS ; 0049 ; BANCO SANTANDER, S.A. (0049) ; ES ; ESPAÑA ; 09 ; CATALUÑA           ; 08 ; Barcelona ; 019 ; BARCELONA ; CL TUSET 20 ; 08006 ; Operativas ; 
BP ; BANCOS ; 0049 ; BANCO SANTANDER, S.A. (0049) ; ES ; ESPAÑA ; 09 ; CATALUÑA           ; 08 ; Barcelona ; 019 ; BARCELONA ; CL GUIPUZCOA 148 ; 08020 ; Operativas ; 
BP ; BANCOS ; 0049 ; BANCO SANTANDER, S.A. (0049) ; ES ; ESPAÑA ; 09 ; CATALUÑA           ; 08 ; Barcelona ; 019 ; BARCELONA ; CL BRASIL, 7 0007 ; 08028 ; Operativas ; 
BP ; BANCOS ; 0049 ; BANCO SANTANDER, S.A. (0049) ; ES ; ESPAÑA ; 09 ; CATALUÑA           ; 08 ; Barcelona ; 019 ; BARCELONA ; AV AV. MADRID, 203 0203 ; 08014 ; Operativas ; 
BP ; BANCOS ; 0049 ; BANCO SANTANDER, S.A. (0049) ; ES ; ESPAÑA ; 09 ; CATALUÑA           ; 08 ; Barcelona ; 019 ; BARCELONA ; CL PEDRO IV, 184-186 0184 ; 08005 ; Operativas ; 
BP ; BANCOS ; 0049 ; BANCO SANTANDER, S.A. (0049) ; ES ; ESPAÑA ; 09 ; CATALUÑA           ; 08 ; Barcelona ; 019 ; BARCELONA ; CL BALMES, 291 0291 ; 08006 ; Operativas ; 
BP ; BANCOS ; 0049 ; BANCO SANTANDER, S.A. (0049) ; ES ; ESPAÑA ; 09 ; CATALUÑA           ; 08 ; Barcelona ; 019 ; BARCELONA ; CL TRAVESSERA DE GRACIA, 51 0051 ; 08006 ; Operativas ; 
BP ; BANCOS ; 0049 ; BANCO SANTANDER, S.A. (0049) ; ES ; ESPAÑA ; 09 ; CATALUÑA           ; 08 ; Barcelona ; 019 ; BARCELONA ; ZZ GRAN VIA DE LES CORTS CATALANES, 737 0737 ; 08013 ; Operativas ; 
BP ; BANCOS ; 0049 ; BANCO SANTANDER, S.A. (0049) ; ES ; ESPAÑA ; 09 ; CATALUÑA           ; 08 ; Barcelona ; 019 ; BARCELONA ; CL VALENCIA 0487 ; 08013 ; Operativas ; 
BP ; BANCOS ; 0049 ; BANCO SANTANDER, S.A. (0049) ; ES ; ESPAÑA ; 09 ; CATALUÑA           ; 08 ; Barcelona ; 019 ; BARCELONA ; PZ PL. DE LESSEPS, 4-5 0004 ; 08023 ; Operativas ; 
BP ; BANCOS ; 0049 ; BANCO SANTANDER, S.A. (0049) ; ES ; ESPAÑA ; 09 ; CATALUÑA           ; 08 ; Barcelona ; 019 ; BARCELONA ; RD RONDA DE SANT PERE, 29 0029 ; 08010 ; Operativas ; 
BP ; BANCOS ; 0049 ; BANCO SANTANDER, S.A. (0049) ; ES ; ESPAÑA ; 09 ; CATALUÑA           ; 08 ; Barcelona ; 019 ; BARCELONA ; AV AV. DIAGONAL, 550 0550 ; 08021 ; Operativas ; 
BP ; BANCOS ; 0049 ; BANCO SANTANDER, S.A. (0049) ; ES ; ESPAÑA ; 09 ; CATALUÑA           ; 08 ; Barcelona ; 022 ; BERGA ; PS PO. DE LA PAU, 16 0016 ; 08600 ; Operativas ; 
BP ; BANCOS ; 0049 ; BANCO SANTANDER, S.A. (0049) ; ES ; ESPAÑA ; 09 ; CATALUÑA           ; 08 ; Barcelona ; 035 ; CALELLA ; CL SANT PERE, 52 0052 ; 08370 ; Operativas ; 
BP ; BANCOS ; 0049 ; BANCO SANTANDER, S.A. (0049) ; ES ; ESPAÑA ; 09 ; CATALUÑA           ; 08 ; Barcelona ; 046 ; CARDEDEU ; CL DR. KLEIN 162 ; 08440 ; Operativas ; 
BP ; BANCOS ; 0049 ; BANCO SANTANDER, S.A. (0049) ; ES ; ESPAÑA ; 09 ; CATALUÑA           ; 08 ; Barcelona ; 051 ; CASTELLAR DEL VALLÈS ; CL SALA BOADELLA, 15 0015 ; 08211 ; Operativas ; 
BP ; BANCOS ; 0049 ; BANCO SANTANDER, S.A. (0049) ; ES ; ESPAÑA ; 09 ; CATALUÑA           ; 08 ; Barcelona ; 054 ; CASTELLBISBAL ; CL PAU CASALS, 8 0008 ; 08755 ; Operativas ; 
BP ; BANCOS ; 0049 ; BANCO SANTANDER, S.A. (0049) ; ES ; ESPAÑA ; 09 ; CATALUÑA           ; 08 ; Barcelona ; 056 ; CASTELLDEFELS ; CL POMPEU FABRA, 4 0004 ; 08860 ; Operativas ; 
BP ; BANCOS ; 0049 ; BANCO SANTANDER, S.A. (0049) ; ES ; ESPAÑA ; 09 ; CATALUÑA           ; 08 ; Barcelona ; 073 ; CORNELLÀ DE LLOBREGAT ; CR CTRA. DE L'HOSPITALET, 370 0370 ; 08940 ; Operativas ; 
BP ; BANCOS ; 0049 ; BANCO SANTANDER, S.A. (0049) ; ES ; ESPAÑA ; 09 ; CATALUÑA           ; 08 ; Barcelona ; 073 ; CORNELLÀ DE LLOBREGAT ; CR CTRA. DE ESPLUGUES, 70 0070 ; 08940 ; Operativas ; 
BP ; BANCOS ; 0049 ; BANCO SANTANDER, S.A. (0049) ; ES ; ESPAÑA ; 09 ; CATALUÑA           ; 08 ; Barcelona ; 073 ; CORNELLÀ DE LLOBREGAT ; CL MENENDEZ Y PELAYO 0029 ; 08940 ; Operativas ; 
BP ; BANCOS ; 0049 ; BANCO SANTANDER, S.A. (0049) ; ES ; ESPAÑA ; 09 ; CATALUÑA           ; 08 ; Barcelona ; 076 ; ESPARREGUERA ; AV FRANCESC DE MARIMON, 22 S/N ; 08292 ; Operativas ; 
BP ; BANCOS ; 0049 ; BANCO SANTANDER, S.A. (0049) ; ES ; ESPAÑA ; 09 ; CATALUÑA           ; 08 ; Barcelona ; 077 ; ESPLUGUES DE LLOBREGAT ; PZ DE LA SARDANA 9 ; 08950 ; Operativas ; 
BP ; BANCOS ; 0049 ; BANCO SANTANDER, S.A. (0049) ; ES ; ESPAÑA ; 09 ; CATALUÑA           ; 08 ; Barcelona ; 086 ; FRANQUESES DEL VALLÈS(LES) ; CR DE RIBES, 140 S/N ; 08520 ; Operativas ; 
BP ; BANCOS ; 0049 ; BANCO SANTANDER, S.A. (0049) ; ES ; ESPAÑA ; 09 ; CATALUÑA           ; 08 ; Barcelona ; 088 ; GARRIGA (LA) ; CL BANYS, 43 0043 ; 08530 ; Operativas ; 
BP ; BANCOS ; 0049 ; BANCO SANTANDER, S.A. (0049) ; ES ; ESPAÑA ; 09 ; CATALUÑA           ; 08 ; Barcelona ; 089 ; GAVÀ ; AV AV. JUAN MARAGALL, 2 0002 ; 08850 ; Operativas ; 
BP ; BANCOS ; 0049 ; BANCO SANTANDER, S.A. (0049) ; ES ; ESPAÑA ; 09 ; CATALUÑA           ; 08 ; Barcelona ; 096 ; GRANOLLERS ; PZ Perpinya 23-25 ; 08400 ; Operativas ; 
BP ; BANCOS ; 0049 ; BANCO SANTANDER, S.A. (0049) ; ES ; ESPAÑA ; 09 ; CATALUÑA           ; 08 ; Barcelona ; 096 ; GRANOLLERS ; CL TRES TORRES, 1 0001 ; 08400 ; Operativas ; 
BP ; BANCOS ; 0049 ; BANCO SANTANDER, S.A. (0049) ; ES ; ESPAÑA ; 09 ; CATALUÑA           ; 08 ; Barcelona ; 101 ; HOSPITALET DE LLOBREGAT(L') ; AV AV. MASNOU, 33 0033 ; 08905 ; Operativas ; 
BP ; BANCOS ; 0049 ; BANCO SANTANDER, S.A. (0049) ; ES ; ESPAÑA ; 09 ; CATALUÑA           ; 08 ; Barcelona ; 101 ; HOSPITALET DE LLOBREGAT(L') ; CL BARON DE MALDA, 11-13 0011 ; 08901 ; Operativas ; 
BP ; BANCOS ; 0049 ; BANCO SANTANDER, S.A. (0049) ; ES ; ESPAÑA ; 09 ; CATALUÑA           ; 08 ; Barcelona ; 101 ; HOSPITALET DE LLOBREGAT(L') ; PZ EUROPA 1-3 ; 08902 ; Operativas ; 
BP ; BANCOS ; 0049 ; BANCO SANTANDER, S.A. (0049) ; ES ; ESPAÑA ; 09 ; CATALUÑA           ; 08 ; Barcelona ; 101 ; HOSPITALET DE LLOBREGAT(L') ; RB RBLA. MARINA, 208 0208 ; 08907 ; Operativas ; 
BP ; BANCOS ; 0049 ; BANCO SANTANDER, S.A. (0049) ; ES ; ESPAÑA ; 09 ; CATALUÑA           ; 08 ; Barcelona ; 101 ; HOSPITALET DE LLOBREGAT(L') ; CL DOCTOR MARTI JULIA, 19-21 0019 ; 08903 ; Operativas ; 
BP ; BANCOS ; 0049 ; BANCO SANTANDER, S.A. (0049) ; ES ; ESPAÑA ; 09 ; CATALUÑA           ; 08 ; Barcelona ; 101 ; HOSPITALET DE LLOBREGAT(L') ; CL APRESTADORA 18 ; 08902 ; Operativas ; 
BP ; BANCOS ; 0049 ; BANCO SANTANDER, S.A. (0049) ; ES ; ESPAÑA ; 09 ; CATALUÑA           ; 08 ; Barcelona ; 101 ; HOSPITALET DE LLOBREGAT(L') ; CL ENRIC PRAT DE LA RIBA 179 ; 08901 ; Operativas ; 
BP ; BANCOS ; 0049 ; BANCO SANTANDER, S.A. (0049) ; ES ; ESPAÑA ; 09 ; CATALUÑA           ; 08 ; Barcelona ; 101 ; HOSPITALET DE LLOBREGAT(L') ; CL SANTA EULALIA, 228 0228 ; 08902 ; Operativas ; 
BP ; BANCOS ; 0049 ; BANCO SANTANDER, S.A. (0049) ; ES ; ESPAÑA ; 09 ; CATALUÑA           ; 08 ; Barcelona ; 102 ; IGUALADA ; RB RBLA. SAN ISIDRO, 1 0001 ; 08700 ; Operativas ; 
BP ; BANCOS ; 0049 ; BANCO SANTANDER, S.A. (0049) ; ES ; ESPAÑA ; 09 ; CATALUÑA           ; 08 ; Barcelona ; 110 ; MALGRAT DE MAR ; CL CARMEN, 69 0069 ; 08380 ; Operativas ; 
BP ; BANCOS ; 0049 ; BANCO SANTANDER, S.A. (0049) ; ES ; ESPAÑA ; 09 ; CATALUÑA           ; 08 ; Barcelona ; 112 ; MANLLEU ; PS DE SANT JOAN 80 ; 08560 ; Operativas ; 
BP ; BANCOS ; 0049 ; BANCO SANTANDER, S.A. (0049) ; ES ; ESPAÑA ; 09 ; CATALUÑA           ; 08 ; Barcelona ; 113 ; MANRESA ; PS PO. DE PERE III, 14-16 0014 ; 08240 ; Operativas ; 
BP ; BANCOS ; 0049 ; BANCO SANTANDER, S.A. (0049) ; ES ; ESPAÑA ; 09 ; CATALUÑA           ; 08 ; Barcelona ; 113 ; MANRESA ; PS PERE III 6 ; 08240 ; Operativas ; 
BP ; BANCOS ; 0049 ; BANCO SANTANDER, S.A. (0049) ; ES ; ESPAÑA ; 09 ; CATALUÑA           ; 08 ; Barcelona ; 114 ; MARTORELL ; CL GERMANS MARTI 0025 ; 08760 ; Operativas ; 
BP ; BANCOS ; 0049 ; BANCO SANTANDER, S.A. (0049) ; ES ; ESPAÑA ; 09 ; CATALUÑA           ; 08 ; Barcelona ; 118 ; MASNOU (EL) ; AV AV. PRAT DE LA RIBA, 17 0017 ; 08320 ; Operativas ; 
BP ; BANCOS ; 0049 ; BANCO SANTANDER, S.A. (0049) ; ES ; ESPAÑA ; 09 ; CATALUÑA           ; 08 ; Barcelona ; 121 ; MATARO ; PZ PL. DE SANTA ANA, 8 0008 ; 08302 ; Operativas ; 
BP ; BANCOS ; 0049 ; BANCO SANTANDER, S.A. (0049) ; ES ; ESPAÑA ; 09 ; CATALUÑA           ; 08 ; Barcelona ; 121 ; MATARO ; AV PUIG Y CADAFALCH 216 ; 08303 ; Operativas ; 
BP ; BANCOS ; 0049 ; BANCO SANTANDER, S.A. (0049) ; ES ; ESPAÑA ; 09 ; CATALUÑA           ; 08 ; Barcelona ; 123 ; MOLINS DE REI ; CL DOCTOR BARRAQUER, 18 0018 ; 08750 ; Operativas ; 
BP ; BANCOS ; 0049 ; BANCO SANTANDER, S.A. (0049) ; ES ; ESPAÑA ; 09 ; CATALUÑA           ; 08 ; Barcelona ; 124 ; MOLLET DEL VALLÈS ; CL RAMON BERENGUER III, 50 0050 ; 08100 ; Operativas ; 
BP ; BANCOS ; 0049 ; BANCO SANTANDER, S.A. (0049) ; ES ; ESPAÑA ; 09 ; CATALUÑA           ; 08 ; Barcelona ; 125 ; MONTCADA I REIXAC ; CL MAYOR, 23 0023 ; 08110 ; Operativas ; 
BP ; BANCOS ; 0049 ; BANCO SANTANDER, S.A. (0049) ; ES ; ESPAÑA ; 09 ; CATALUÑA           ; 08 ; Barcelona ; 136 ; MONTORNÈS DEL VALLÈS ; AV AV. VIRGEN DE MONTSERRAT, 1 0001 ; 08170 ; Operativas ; 
BP ; BANCOS ; 0049 ; BANCO SANTANDER, S.A. (0049) ; ES ; ESPAÑA ; 09 ; CATALUÑA           ; 08 ; Barcelona ; 156 ; PALAU-SOLITÀ I PLEGAMANS ; AV AV. CATALUNYA, 197 0197 ; 08184 ; Operativas ; 
BP ; BANCOS ; 0049 ; BANCO SANTANDER, S.A. (0049) ; ES ; ESPAÑA ; 09 ; CATALUÑA           ; 08 ; Barcelona ; 159 ; PARETS DEL VALLÈS ; AV AV. CATALUÑA, 91 0091 ; 08150 ; Operativas ; 
BP ; BANCOS ; 0049 ; BANCO SANTANDER, S.A. (0049) ; ES ; ESPAÑA ; 09 ; CATALUÑA           ; 08 ; Barcelona ; 163 ; PINEDA DE MAR ; PZ PL. CATALUNYA, 4-5-6 0004 ; 08397 ; Operativas ; 
BP ; BANCOS ; 0049 ; BANCO SANTANDER, S.A. (0049) ; ES ; ESPAÑA ; 09 ; CATALUÑA           ; 08 ; Barcelona ; 169 ; PRAT DE LLOBREGAT (EL) ; CL FEDERICO SOLER, 31 0031 ; 08820 ; Operativas ; 
BP ; BANCOS ; 0049 ; BANCO SANTANDER, S.A. (0049) ; ES ; ESPAÑA ; 09 ; CATALUÑA           ; 08 ; Barcelona ; 172 ; PREMIÀ DE MAR ; ZZ GRAN VIA DE LLUIS COMPANYS, 151 0151 ; 08330 ; Operativas ; 
BP ; BANCOS ; 0049 ; BANCO SANTANDER, S.A. (0049) ; ES ; ESPAÑA ; 09 ; CATALUÑA           ; 08 ; Barcelona ; 180 ; RIPOLLET ; RB RBLA. SANT JORDI, 72 0072 ; 08291 ; Operativas ; 
BP ; BANCOS ; 0049 ; BANCO SANTANDER, S.A. (0049) ; ES ; ESPAÑA ; 09 ; CATALUÑA           ; 08 ; Barcelona ; 184 ; RUBI ; PZ PL. DE CATALUNYA, 7 0007 ; 08191 ; Operativas ; 
BP ; BANCOS ; 0049 ; BANCO SANTANDER, S.A. (0049) ; ES ; ESPAÑA ; 09 ; CATALUÑA           ; 08 ; Barcelona ; 187 ; SABADELL ; CL VIA MASSAGUE 6 - 8 ; 08202 ; Operativas ; 
BP ; BANCOS ; 0049 ; BANCO SANTANDER, S.A. (0049) ; ES ; ESPAÑA ; 09 ; CATALUÑA           ; 08 ; Barcelona ; 187 ; SABADELL ; AV AV. MATADEPERA, 63 0063 ; 08207 ; Operativas ; 
BP ; BANCOS ; 0049 ; BANCO SANTANDER, S.A. (0049) ; ES ; ESPAÑA ; 09 ; CATALUÑA           ; 08 ; Barcelona ; 187 ; SABADELL ; CL RAMBLA, 95 0095 ; 08202 ; Operativas ; 
BP ; BANCOS ; 0049 ; BANCO SANTANDER, S.A. (0049) ; ES ; ESPAÑA ; 09 ; CATALUÑA           ; 08 ; Barcelona ; 187 ; SABADELL ; PS PO. PLACA MAJOR, 32 0032 ; 08202 ; Operativas ; 
BP ; BANCOS ; 0049 ; BANCO SANTANDER, S.A. (0049) ; ES ; ESPAÑA ; 09 ; CATALUÑA           ; 08 ; Barcelona ; 194 ; SANT ADRIÀ DE BESÒS ; AV AV. PI I MARGALL, 13 0013 ; 08930 ; Operativas ; 
BP ; BANCOS ; 0049 ; BANCO SANTANDER, S.A. (0049) ; ES ; ESPAÑA ; 09 ; CATALUÑA           ; 08 ; Barcelona ; 196 ; SANT ANDREU DE LA BARCA ; CL FONT DE LA RODA, 31 0031 ; 08740 ; Operativas ; 
BP ; BANCOS ; 0049 ; BANCO SANTANDER, S.A. (0049) ; ES ; ESPAÑA ; 09 ; CATALUÑA           ; 08 ; Barcelona ; 200 ; SANT BOI DE LLOBREGAT ; CR CTRA. DE BARCELONA, 55 0055 ; 08840 ; Operativas ; 
BP ; BANCOS ; 0049 ; BANCO SANTANDER, S.A. (0049) ; ES ; ESPAÑA ; 09 ; CATALUÑA           ; 08 ; Barcelona ; 200 ; SANT BOI DE LLOBREGAT ; PZ DE CATALUNYA 12 ; 08830 ; Operativas ; 
BP ; BANCOS ; 0049 ; BANCO SANTANDER, S.A. (0049) ; ES ; ESPAÑA ; 09 ; CATALUÑA           ; 08 ; Barcelona ; 202 ; SANT CELONI ; CR VELLA 29 ; 08470 ; Operativas ; 
BP ; BANCOS ; 0049 ; BANCO SANTANDER, S.A. (0049) ; ES ; ESPAÑA ; 09 ; CATALUÑA           ; 08 ; Barcelona ; 205 ; SANT CUGAT DEL VALLÈS ; CL FRANCESC MORAGAS, 12-14 0012 ; 08190 ; Operativas ; 
BP ; BANCOS ; 0049 ; BANCO SANTANDER, S.A. (0049) ; ES ; ESPAÑA ; 09 ; CATALUÑA           ; 08 ; Barcelona ; 205 ; SANT CUGAT DEL VALLÈS ; CR CTRA.SANT CUGAT A RUBI, 40 0040 ; 08190 ; Operativas ; 
BP ; BANCOS ; 0049 ; BANCO SANTANDER, S.A. (0049) ; ES ; ESPAÑA ; 09 ; CATALUÑA           ; 08 ; Barcelona ; 211 ; SANT FELIU DE LLOBREGAT ; CL JOAN BATLLORI 9 ; 08980 ; Operativas ; 
BP ; BANCOS ; 0049 ; BANCO SANTANDER, S.A. (0049) ; ES ; ESPAÑA ; 09 ; CATALUÑA           ; 08 ; Barcelona ; 217 ; SANT JOAN DESPI ; CL CATALUÑA, 6 0006 ; 08970 ; Operativas ; 
BP ; BANCOS ; 0049 ; BANCO SANTANDER, S.A. (0049) ; ES ; ESPAÑA ; 09 ; CATALUÑA           ; 08 ; Barcelona ; 219 ; VILASSAR DE MAR ; CL NARCIS MONTORIOL, 59 0059 ; 08340 ; Operativas ; 
BP ; BANCOS ; 0049 ; BANCO SANTANDER, S.A. (0049) ; ES ; ESPAÑA ; 09 ; CATALUÑA           ; 08 ; Barcelona ; 221 ; SANT JUST DESVERN ; CL BONAVISTA, 83 0083 ; 08960 ; Operativas ; 
BP ; BANCOS ; 0049 ; BANCO SANTANDER, S.A. (0049) ; ES ; ESPAÑA ; 09 ; CATALUÑA           ; 08 ; Barcelona ; 238 ; SANT QUIRZE DEL VALLÈS ; CL PAISOS CATALANS 5 ; 08192 ; Operativas ; 
BP ; BANCOS ; 0049 ; BANCO SANTANDER, S.A. (0049) ; ES ; ESPAÑA ; 09 ; CATALUÑA           ; 08 ; Barcelona ; 240 ; SANT SADURNI D'ANOIA ; CL MONTSERRAT, 37 0037 ; 08770 ; Operativas ; 
BP ; BANCOS ; 0049 ; BANCO SANTANDER, S.A. (0049) ; ES ; ESPAÑA ; 09 ; CATALUÑA           ; 08 ; Barcelona ; 245 ; SANTA COLOMA DE GRAMENET ; PG Llorenc Serra 3 ; 08922 ; Operativas ; 
BP ; BANCOS ; 0049 ; BANCO SANTANDER, S.A. (0049) ; ES ; ESPAÑA ; 09 ; CATALUÑA           ; 08 ; Barcelona ; 252 ; BARBERÀ DEL VALLÈS ; RD DE L'EST 85 ; 08210 ; Operativas ; 
BP ; BANCOS ; 0049 ; BANCO SANTANDER, S.A. (0049) ; ES ; ESPAÑA ; 09 ; CATALUÑA           ; 08 ; Barcelona ; 260 ; SANTA PERPÈTUA DE MOGODA ; CL RAMBLA, 25 0025 ; 08130 ; Operativas ; 
BP ; BANCOS ; 0049 ; BANCO SANTANDER, S.A. (0049) ; ES ; ESPAÑA ; 09 ; CATALUÑA           ; 08 ; Barcelona ; 260 ; SANTA PERPÈTUA DE MOGODA ; CL ONZE DE SETEMBRE, 32 0032 ; 08130 ; Operativas ; 
BP ; BANCOS ; 0049 ; BANCO SANTANDER, S.A. (0049) ; ES ; ESPAÑA ; 09 ; CATALUÑA           ; 08 ; Barcelona ; 263 ; SANT VICENÇ DELS HORTS ; CL MOSSEN JACINT VERDAGUER, 115-117 0115 ; 08620 ; Operativas ; 
BP ; BANCOS ; 0049 ; BANCO SANTANDER, S.A. (0049) ; ES ; ESPAÑA ; 09 ; CATALUÑA           ; 08 ; Barcelona ; 266 ; CERDANYOLA DEL VALLÈS ; AV AV. PRIMAVERA, 1 0001 ; 08290 ; Operativas ; 
BP ; BANCOS ; 0049 ; BANCO SANTANDER, S.A. (0049) ; ES ; ESPAÑA ; 09 ; CATALUÑA           ; 08 ; Barcelona ; 266 ; CERDANYOLA DEL VALLÈS ; ED PLAZA CIVICA UAB S/N ; 08193 ; Operativas ; 
BP ; BANCOS ; 0049 ; BANCO SANTANDER, S.A. (0049) ; ES ; ESPAÑA ; 09 ; CATALUÑA           ; 08 ; Barcelona ; 270 ; SITGES ; CL JESUS, 13 0013 ; 08870 ; Operativas ; 
BP ; BANCOS ; 0049 ; BANCO SANTANDER, S.A. (0049) ; ES ; ESPAÑA ; 09 ; CATALUÑA           ; 08 ; Barcelona ; 279 ; TERRASSA ; CL MAYOR 17 ; 08221 ; Operativas ; 
BP ; BANCOS ; 0049 ; BANCO SANTANDER, S.A. (0049) ; ES ; ESPAÑA ; 09 ; CATALUÑA           ; 08 ; Barcelona ; 279 ; TERRASSA ; AV AV. JAUME I, 325 0325 ; 08226 ; Operativas ; 
BP ; BANCOS ; 0049 ; BANCO SANTANDER, S.A. (0049) ; ES ; ESPAÑA ; 09 ; CATALUÑA           ; 08 ; Barcelona ; 279 ; TERRASSA ; AV AV. BARCELONA, 139 0139 ; 08222 ; Operativas ; 
BP ; BANCOS ; 0049 ; BANCO SANTANDER, S.A. (0049) ; ES ; ESPAÑA ; 09 ; CATALUÑA           ; 08 ; Barcelona ; 284 ; TORDERA ; ZZ CAMI REAL, 41 S/N ; 08490 ; Operativas ; 
BP ; BANCOS ; 0049 ; BANCO SANTANDER, S.A. (0049) ; ES ; ESPAÑA ; 09 ; CATALUÑA           ; 08 ; Barcelona ; 285 ; TORELLO ; CL SAN MIGUEL, 7 0007 ; 08570 ; Operativas ; 
BP ; BANCOS ; 0049 ; BANCO SANTANDER, S.A. (0049) ; ES ; ESPAÑA ; 09 ; CATALUÑA           ; 08 ; Barcelona ; 298 ; VIC ; RD FRANCESC CAMPRODON 12 ; 08500 ; Operativas ; 
BP ; BANCOS ; 0049 ; BANCO SANTANDER, S.A. (0049) ; ES ; ESPAÑA ; 09 ; CATALUÑA           ; 08 ; Barcelona ; 298 ; VIC ; PZ PL. DE SANTA CLARA, 3 0003 ; 08500 ; Operativas ; 
BP ; BANCOS ; 0049 ; BANCO SANTANDER, S.A. (0049) ; ES ; ESPAÑA ; 09 ; CATALUÑA           ; 08 ; Barcelona ; 301 ; VILADECANS ; AV FRANCESC MACIA 5-7 ; 08840 ; Operativas ; 
BP ; BANCOS ; 0049 ; BANCO SANTANDER, S.A. (0049) ; ES ; ESPAÑA ; 09 ; CATALUÑA           ; 08 ; Barcelona ; 305 ; VILAFRANCA DEL PENEDÈS ; RB RBLA. DE NOSTRA SENYORA, 6 0006 ; 08720 ; Operativas ; 
BP ; BANCOS ; 0049 ; BANCO SANTANDER, S.A. (0049) ; ES ; ESPAÑA ; 09 ; CATALUÑA           ; 08 ; Barcelona ; 305 ; VILAFRANCA DEL PENEDÈS ; AV AV. DE LA MEDITERRANIA, 8-10 0008 ; 08720 ; Operativas ; 
BP ; BANCOS ; 0049 ; BANCO SANTANDER, S.A. (0049) ; ES ; ESPAÑA ; 09 ; CATALUÑA           ; 08 ; Barcelona ; 307 ; VILANOVA I LA GELTRU ; PZ PL. DELS COTXES, 7 0007 ; 08800 ; Operativas ; 
BP ; BANCOS ; 0049 ; BANCO SANTANDER, S.A. (0049) ; ES ; ESPAÑA ; 09 ; CATALUÑA           ; 17 ; Girona ; 015 ; BANYOLES ; AV AV. PAISOS CATALANS, 27 0027 ; 17820 ; Operativas ; 
BP ; BANCOS ; 0049 ; BANCO SANTANDER, S.A. (0049) ; ES ; ESPAÑA ; 09 ; CATALUÑA           ; 17 ; Girona ; 022 ; BISBAL D'EMPORDÀ (LA) ; CL LES MESURES, 18 0018 ; 17100 ; Operativas ; 
BP ; BANCOS ; 0049 ; BANCO SANTANDER, S.A. (0049) ; ES ; ESPAÑA ; 09 ; CATALUÑA           ; 17 ; Girona ; 023 ; BLANES ; CL PASSEIG DE DINTRE, 44 0044 ; 17300 ; Operativas ; 
BP ; BANCOS ; 0049 ; BANCO SANTANDER, S.A. (0049) ; ES ; ESPAÑA ; 09 ; CATALUÑA           ; 17 ; Girona ; 032 ; CADAQUES ; AV AV. CARIDAD SERINYANA, 4 0004 ; 17488 ; Operativas ; 
BP ; BANCOS ; 0049 ; BANCO SANTANDER, S.A. (0049) ; ES ; ESPAÑA ; 09 ; CATALUÑA           ; 17 ; Girona ; 044 ; CASSÀ DE LA SELVA ; PZ DE LA COMA, 33 S/N ; 17244 ; Operativas ; 
BP ; BANCOS ; 0049 ; BANCO SANTANDER, S.A. (0049) ; ES ; ESPAÑA ; 09 ; CATALUÑA           ; 17 ; Girona ; 048 ; CASTELL-PLATJA D'ARO ; AV CASTELL D'ARO 28 ; 17250 ; Operativas ; 
BP ; BANCOS ; 0049 ; BANCO SANTANDER, S.A. (0049) ; ES ; ESPAÑA ; 09 ; CATALUÑA           ; 17 ; Girona ; 062 ; ESCALA (L') ; AV AVE AMARIA 15-17 ; 17130 ; Operativas ; 
BP ; BANCOS ; 0049 ; BANCO SANTANDER, S.A. (0049) ; ES ; ESPAÑA ; 09 ; CATALUÑA           ; 17 ; Girona ; 066 ; FIGUERES ; CL RAMBLA 20 ; 17600 ; Operativas ; 
BP ; BANCOS ; 0049 ; BANCO SANTANDER, S.A. (0049) ; ES ; ESPAÑA ; 09 ; CATALUÑA           ; 17 ; Girona ; 079 ; GIRONA ; CL RUTLLA 112 ; 17003 ; Operativas ; 
BP ; BANCOS ; 0049 ; BANCO SANTANDER, S.A. (0049) ; ES ; ESPAÑA ; 09 ; CATALUÑA           ; 17 ; Girona ; 079 ; GIRONA ; AV JAUME I 00070 ; 17002 ; Operativas ; 
BP ; BANCOS ; 0049 ; BANCO SANTANDER, S.A. (0049) ; ES ; ESPAÑA ; 09 ; CATALUÑA           ; 17 ; Girona ; 079 ; GIRONA ; PZ PL. MARQUES DE CAMPS, 1 0001 ; 17001 ; Operativas ; 
BP ; BANCOS ; 0049 ; BANCO SANTANDER, S.A. (0049) ; ES ; ESPAÑA ; 09 ; CATALUÑA           ; 17 ; Girona ; 079 ; GIRONA ; CL UNIVERSITAT DE GIRONA, PAVELLO M-20 CAMP S/N ; 17071 ; Operativas ; 
BP ; BANCOS ; 0049 ; BANCO SANTANDER, S.A. (0049) ; ES ; ESPAÑA ; 09 ; CATALUÑA           ; 17 ; Girona ; 079 ; GIRONA ; CL NOU N-37 S/N ; 17001 ; Operativas ; 
BP ; BANCOS ; 0049 ; BANCO SANTANDER, S.A. (0049) ; ES ; ESPAÑA ; 09 ; CATALUÑA           ; 17 ; Girona ; 095 ; LLORET DE MAR ; PS AGUSTIN DE FONT, 2. S/N ; 17310 ; Operativas ; 
BP ; BANCOS ; 0049 ; BANCO SANTANDER, S.A. (0049) ; ES ; ESPAÑA ; 09 ; CATALUÑA           ; 17 ; Girona ; 103 ; MAÇANET DE LA SELVA ; AV CATALUNYA 21-31 ; 17412 ; Operativas ; 
BP ; BANCOS ; 0049 ; BANCO SANTANDER, S.A. (0049) ; ES ; ESPAÑA ; 09 ; CATALUÑA           ; 17 ; Girona ; 114 ; OLOT ; CL MULLERAS 42 ; 17800 ; Operativas ; 
BP ; BANCOS ; 0049 ; BANCO SANTANDER, S.A. (0049) ; ES ; ESPAÑA ; 09 ; CATALUÑA           ; 17 ; Girona ; 117 ; PALAFRUGELL ; CL TORRES JONAMA 0043 ; 17200 ; Operativas ; 
BP ; BANCOS ; 0049 ; BANCO SANTANDER, S.A. (0049) ; ES ; ESPAÑA ; 09 ; CATALUÑA           ; 17 ; Girona ; 118 ; PALAMOS ; CL 11 DE SETEMBRE 1 ; 17230 ; Operativas ; 
BP ; BANCOS ; 0049 ; BANCO SANTANDER, S.A. (0049) ; ES ; ESPAÑA ; 09 ; CATALUÑA           ; 17 ; Girona ; 147 ; RIPOLL ; PZ SAN EUDALDO 5 ; 17500 ; Operativas ; 
BP ; BANCOS ; 0049 ; BANCO SANTANDER, S.A. (0049) ; ES ; ESPAÑA ; 09 ; CATALUÑA           ; 17 ; Girona ; 152 ; ROSES ; AV RHODE, 203. S/N ; 17480 ; Operativas ; 
BP ; BANCOS ; 0049 ; BANCO SANTANDER, S.A. (0049) ; ES ; ESPAÑA ; 09 ; CATALUÑA           ; 17 ; Girona ; 155 ; SALT ; CL MAYOR 34-36 ; 17190 ; Operativas ; 
BP ; BANCOS ; 0049 ; BANCO SANTANDER, S.A. (0049) ; ES ; ESPAÑA ; 09 ; CATALUÑA           ; 17 ; Girona ; 160 ; SANT FELIU DE GUIXOLS ; PS PO. DEL MAR, 26-27 0026 ; 17220 ; Operativas ; 
BP ; BANCOS ; 0049 ; BANCO SANTANDER, S.A. (0049) ; ES ; ESPAÑA ; 09 ; CATALUÑA           ; 17 ; Girona ; 180 ; SANTA COLOMA DE FARNERS ; PZ PL. FARNERS, 16 0016 ; 17430 ; Operativas ; 
BP ; BANCOS ; 0049 ; BANCO SANTANDER, S.A. (0049) ; ES ; ESPAÑA ; 09 ; CATALUÑA           ; 17 ; Girona ; 199 ; TORROELLA DE MONTGRI ; PS DE CATALUNYA 104 ; 17257 ; Operativas ; 
BP ; BANCOS ; 0049 ; BANCO SANTANDER, S.A. (0049) ; ES ; ESPAÑA ; 09 ; CATALUÑA           ; 17 ; Girona ; 213 ; VIDRERES ; CL CARRER SILS, 1 0001 ; 17411 ; Operativas ; 
BP ; BANCOS ; 0049 ; BANCO SANTANDER, S.A. (0049) ; ES ; ESPAÑA ; 09 ; CATALUÑA           ; 25 ; Lleida ; 040 ; BALAGUER ; PS DE L'ESTACIO 00005 ; 25600 ; Operativas ; 
BP ; BANCOS ; 0049 ; BANCO SANTANDER, S.A. (0049) ; ES ; ESPAÑA ; 09 ; CATALUÑA           ; 25 ; Lleida ; 120 ; LLEIDA ; RB RAMBLA CORREGIDOR ESCOFET, 38 0038 ; 25007 ; Operativas ; 
BP ; BANCOS ; 0049 ; BANCO SANTANDER, S.A. (0049) ; ES ; ESPAÑA ; 09 ; CATALUÑA           ; 25 ; Lleida ; 120 ; LLEIDA ; CL JAIME II,71-CAMP.CAPPONT 0071 ; 25001 ; Operativas ; 
BP ; BANCOS ; 0049 ; BANCO SANTANDER, S.A. (0049) ; ES ; ESPAÑA ; 09 ; CATALUÑA           ; 25 ; Lleida ; 120 ; LLEIDA ; RB ARAGÓN 45-47 ; 25003 ; Operativas ; 
BP ; BANCOS ; 0049 ; BANCO SANTANDER, S.A. (0049) ; ES ; ESPAÑA ; 09 ; CATALUÑA           ; 25 ; Lleida ; 120 ; LLEIDA ; CL LLUIS COMPANYS 23 ; 25002 ; Operativas ; 
BP ; BANCOS ; 0049 ; BANCO SANTANDER, S.A. (0049) ; ES ; ESPAÑA ; 09 ; CATALUÑA           ; 25 ; Lleida ; 120 ; LLEIDA ; RB RAMBLA FERRAN 00010 ; 25007 ; Operativas ; 
BP ; BANCOS ; 0049 ; BANCO SANTANDER, S.A. (0049) ; ES ; ESPAÑA ; 09 ; CATALUÑA           ; 25 ; Lleida ; 120 ; LLEIDA ; AV AV. DE FRANCESC MACIA 0031 ; 25007 ; Operativas ; 
BP ; BANCOS ; 0049 ; BANCO SANTANDER, S.A. (0049) ; ES ; ESPAÑA ; 09 ; CATALUÑA           ; 25 ; Lleida ; 137 ; MOLLERUSSA ; CL FERRER I BUSQUETS, 43 0043 ; 25230 ; Operativas ; 
BP ; BANCOS ; 0049 ; BANCO SANTANDER, S.A. (0049) ; ES ; ESPAÑA ; 09 ; CATALUÑA           ; 25 ; Lleida ; 203 ; SEU D'URGELL (LA) ; PZ CATALUNYA 4 ; 25700 ; Operativas ; 
BP ; BANCOS ; 0049 ; BANCO SANTANDER, S.A. (0049) ; ES ; ESPAÑA ; 09 ; CATALUÑA           ; 25 ; Lleida ; 207 ; SOLSONA ; PZ PL. MAYOR, 6 0006 ; 25280 ; Operativas ; 
BP ; BANCOS ; 0049 ; BANCO SANTANDER, S.A. (0049) ; ES ; ESPAÑA ; 09 ; CATALUÑA           ; 25 ; Lleida ; 217 ; TÀRREGA ; PZ PL. DEL CARME, 6 0006 ; 25300 ; Operativas ; 
BP ; BANCOS ; 0049 ; BANCO SANTANDER, S.A. (0049) ; ES ; ESPAÑA ; 09 ; CATALUÑA           ; 25 ; Lleida ; 243 ; VIELHA E MIJARAN ; PZ Plaza de España 0001 ; 25530 ; Operativas ; 
BP ; BANCOS ; 0049 ; BANCO SANTANDER, S.A. (0049) ; ES ; ESPAÑA ; 09 ; CATALUÑA           ; 43 ; Tarragona ; 004 ; ALCANAR ; AV de Cataluña 96 ; 43530 ; Operativas ; 
BP ; BANCOS ; 0049 ; BANCO SANTANDER, S.A. (0049) ; ES ; ESPAÑA ; 09 ; CATALUÑA           ; 43 ; Tarragona ; 014 ; AMPOSTA ; CL SANT JOSEP 22 ; 43870 ; Operativas ; 
BP ; BANCOS ; 0049 ; BANCO SANTANDER, S.A. (0049) ; ES ; ESPAÑA ; 09 ; CATALUÑA           ; 43 ; Tarragona ; 037 ; CALAFELL ; CL CASANOVAS, 1 0001 ; 43820 ; Operativas ; 
BP ; BANCOS ; 0049 ; BANCO SANTANDER, S.A. (0049) ; ES ; ESPAÑA ; 09 ; CATALUÑA           ; 43 ; Tarragona ; 038 ; CAMBRILS ; CL DE LES DRASSANES 0004 ; 43850 ; Operativas ; 
BP ; BANCOS ; 0049 ; BANCO SANTANDER, S.A. (0049) ; ES ; ESPAÑA ; 09 ; CATALUÑA           ; 43 ; Tarragona ; 086 ; MONTBLANC ; CL MURALLA DE SANTA TECLA, 20 0020 ; 43400 ; Operativas ; 
BP ; BANCOS ; 0049 ; BANCO SANTANDER, S.A. (0049) ; ES ; ESPAÑA ; 09 ; CATALUÑA           ; 43 ; Tarragona ; 123 ; REUS ; PS PO. DE PRIM, 19 0019 ; 43202 ; Operativas ; 
BP ; BANCOS ; 0049 ; BANCO SANTANDER, S.A. (0049) ; ES ; ESPAÑA ; 09 ; CATALUÑA           ; 43 ; Tarragona ; 123 ; REUS ; AV SANT JORDI 1-3 ; 43201 ; Operativas ; 
BP ; BANCOS ; 0049 ; BANCO SANTANDER, S.A. (0049) ; ES ; ESPAÑA ; 09 ; CATALUÑA           ; 43 ; Tarragona ; 123 ; REUS ; PZ PL. DE PRIM S/N ; 43201 ; Operativas ; 
BP ; BANCOS ; 0049 ; BANCO SANTANDER, S.A. (0049) ; ES ; ESPAÑA ; 09 ; CATALUÑA           ; 43 ; Tarragona ; 148 ; TARRAGONA ; RB RBLA. NOVA, 38 38 ; 43001 ; Operativas ; 
BP ; BANCOS ; 0049 ; BANCO SANTANDER, S.A. (0049) ; ES ; ESPAÑA ; 09 ; CATALUÑA           ; 43 ; Tarragona ; 148 ; TARRAGONA ; RB RBLA. NOVA, 33 0033 ; 43003 ; Operativas ; 
BP ; BANCOS ; 0049 ; BANCO SANTANDER, S.A. (0049) ; ES ; ESPAÑA ; 09 ; CATALUÑA           ; 43 ; Tarragona ; 148 ; TARRAGONA ; AV AV. RAMON I CAJAL, 38 0038 ; 43001 ; Operativas ; 
BP ; BANCOS ; 0049 ; BANCO SANTANDER, S.A. (0049) ; ES ; ESPAÑA ; 09 ; CATALUÑA           ; 43 ; Tarragona ; 148 ; TARRAGONA ; AV AV. DELS PAISOS CATALANS, 26 0026 ; 43007 ; Operativas ; 
BP ; BANCOS ; 0049 ; BANCO SANTANDER, S.A. (0049) ; ES ; ESPAÑA ; 09 ; CATALUÑA           ; 43 ; Tarragona ; 153 ; TORREDEMBARRA ; CL ANTONIO ROIG, 32 0032 ; 43830 ; Operativas ; 
BP ; BANCOS ; 0049 ; BANCO SANTANDER, S.A. (0049) ; ES ; ESPAÑA ; 09 ; CATALUÑA           ; 43 ; Tarragona ; 155 ; TORTOSA ; PZ PL. DE ALFONSO XII 2 ; 43500 ; Operativas ; 
BP ; BANCOS ; 0049 ; BANCO SANTANDER, S.A. (0049) ; ES ; ESPAÑA ; 09 ; CATALUÑA           ; 43 ; Tarragona ; 161 ; VALLS ; PZ PL. FONT DE LA MANXA, 13 0013 ; 43800 ; Operativas ; 
BP ; BANCOS ; 0049 ; BANCO SANTANDER, S.A. (0049) ; ES ; ESPAÑA ; 09 ; CATALUÑA           ; 43 ; Tarragona ; 163 ; VENDRELL (EL) ; CL DOCTOR ROBERT, 20 0020 ; 43700 ; Operativas ; 
BP ; BANCOS ; 0049 ; BANCO SANTANDER, S.A. (0049) ; ES ; ESPAÑA ; 09 ; CATALUÑA           ; 43 ; Tarragona ; 171 ; VILA-SECA ; PZ DELS PAISOS CATALANS 4 ; 43480 ; Operativas ; 
BP ; BANCOS ; 0049 ; BANCO SANTANDER, S.A. (0049) ; ES ; ESPAÑA ; 09 ; CATALUÑA           ; 43 ; Tarragona ; 905 ; SALOU ; AV AV. DE BARCELONA 63 ; 43840 ; Operativas ; 
BP ; BANCOS ; 0061 ; BANCA MARCH, S.A. (0061) ; ES ; ESPAÑA ; 09 ; CATALUÑA           ; 08 ; Barcelona ; 019 ; BARCELONA ; AV DIAGONAL 405 ; 08006 ; Operativas ; 
BP ; BANCOS ; 0061 ; BANCA MARCH, S.A. (0061) ; ES ; ESPAÑA ; 09 ; CATALUÑA           ; 08 ; Barcelona ; 019 ; BARCELONA ; PS DE GRACIA 21 ; 08007 ; Operativas ; 
BP ; BANCOS ; 0061 ; BANCA MARCH, S.A. (0061) ; ES ; ESPAÑA ; 09 ; CATALUÑA           ; 08 ; Barcelona ; 019 ; BARCELONA ; RB CATALUNYA 135 ; 08008 ; Operativas ; 
BP ; BANCOS ; 0061 ; BANCA MARCH, S.A. (0061) ; ES ; ESPAÑA ; 09 ; CATALUÑA           ; 08 ; Barcelona ; 019 ; BARCELONA ; CL GANDUXER 2 ; 08021 ; Operativas ; 
BP ; BANCOS ; 0061 ; BANCA MARCH, S.A. (0061) ; ES ; ESPAÑA ; 09 ; CATALUÑA           ; 08 ; Barcelona ; 113 ; MANRESA ; PS PERE III 14 ; 08021 ; Operativas ; 
BP ; BANCOS ; 0061 ; BANCA MARCH, S.A. (0061) ; ES ; ESPAÑA ; 09 ; CATALUÑA           ; 08 ; Barcelona ; 205 ; SANT CUGAT DEL VALLÈS ; PZ OCTACIA 1 ; 08172 ; Operativas ; 
BP ; BANCOS ; 0061 ; BANCA MARCH, S.A. (0061) ; ES ; ESPAÑA ; 09 ; CATALUÑA           ; 17 ; Girona ; 079 ; GIRONA ; PZ CATALUÑA 12 ; 17004 ; Operativas ; 
BP ; BANCOS ; 0061 ; BANCA MARCH, S.A. (0061) ; ES ; ESPAÑA ; 09 ; CATALUÑA           ; 25 ; Lleida ; 120 ; LLEIDA ; PZ SANT JOAN 10 ; 25007 ; Operativas ; 
BP ; BANCOS ; 0061 ; BANCA MARCH, S.A. (0061) ; ES ; ESPAÑA ; 09 ; CATALUÑA           ; 43 ; Tarragona ; 123 ; REUS ; PZ PRIM 12 ; 43201 ; Operativas ; 
BP ; BANCOS ; 0081 ; BANCO DE SABADELL, S.A. (0081) ; ES ; ESPAÑA ; 09 ; CATALUÑA           ; 08 ; Barcelona ; 001 ; ABRERA ; ZZ LA FLORIDA,2 0 ; 08630 ; Operativas ; 
BP ; BANCOS ; 0081 ; BANCO DE SABADELL, S.A. (0081) ; ES ; ESPAÑA ; 09 ; CATALUÑA           ; 08 ; Barcelona ; 003 ; ALELLA ; ZZ EMPEDRAT DEL MARXANT 5 ; 08328 ; Operativas ; 
BP ; BANCOS ; 0081 ; BANCO DE SABADELL, S.A. (0081) ; ES ; ESPAÑA ; 09 ; CATALUÑA           ; 08 ; Barcelona ; 006 ; ARENYS DE MAR ; ZZ PARE FITA, 25 0 ; 08350 ; Operativas ; 
BP ; BANCOS ; 0081 ; BANCO DE SABADELL, S.A. (0081) ; ES ; ESPAÑA ; 09 ; CATALUÑA           ; 08 ; Barcelona ; 009 ; ARGENTONA ; ZZ GRAN, 15. 0 ; 08310 ; Operativas ; 
BP ; BANCOS ; 0081 ; BANCO DE SABADELL, S.A. (0081) ; ES ; ESPAÑA ; 09 ; CATALUÑA           ; 08 ; Barcelona ; 013 ; AVINYONET DEL PENEDÈS ; CL CTRA BARCELONA 45-57 ; 08793 ; Operativas ; 
BP ; BANCOS ; 0081 ; BANCO DE SABADELL, S.A. (0081) ; ES ; ESPAÑA ; 09 ; CATALUÑA           ; 08 ; Barcelona ; 015 ; BADALONA ; ZZ CARRER DELS ARBRES, 21. 0 ; 08912 ; Operativas ; 
BP ; BANCOS ; 0081 ; BANCO DE SABADELL, S.A. (0081) ; ES ; ESPAÑA ; 09 ; CATALUÑA           ; 08 ; Barcelona ; 015 ; BADALONA ; AV MARQUES DE SANT MORI 207 ; 08914 ; Operativas ; 
BP ; BANCOS ; 0081 ; BANCO DE SABADELL, S.A. (0081) ; ES ; ESPAÑA ; 09 ; CATALUÑA           ; 08 ; Barcelona ; 015 ; BADALONA ; ZZ FRANCESC LAYRET 144 0 ; 08911 ; Operativas ; 
BP ; BANCOS ; 0081 ; BANCO DE SABADELL, S.A. (0081) ; ES ; ESPAÑA ; 09 ; CATALUÑA           ; 08 ; Barcelona ; 015 ; BADALONA ; AV MARTI PUJOL 519 ; 08917 ; Operativas ; 
BP ; BANCOS ; 0081 ; BANCO DE SABADELL, S.A. (0081) ; ES ; ESPAÑA ; 09 ; CATALUÑA           ; 08 ; Barcelona ; 015 ; BADALONA ; AV DE ITALIA 1-5 ; 08917 ; Operativas ; 
BP ; BANCOS ; 0081 ; BANCO DE SABADELL, S.A. (0081) ; ES ; ESPAÑA ; 09 ; CATALUÑA           ; 08 ; Barcelona ; 015 ; BADALONA ; ZZ FRANCESC LAYRET, 63-65 0 ; 08911 ; Operativas ; 
BP ; BANCOS ; 0081 ; BANCO DE SABADELL, S.A. (0081) ; ES ; ESPAÑA ; 09 ; CATALUÑA           ; 08 ; Barcelona ; 015 ; BADALONA ; CL TORNER 1 ; 08912 ; Operativas ; 
BP ; BANCOS ; 0081 ; BANCO DE SABADELL, S.A. (0081) ; ES ; ESPAÑA ; 09 ; CATALUÑA           ; 08 ; Barcelona ; 019 ; BARCELONA ; RB  Catalunya 73 ; 08007 ; Operativas ; 
BP ; BANCOS ; 0081 ; BANCO DE SABADELL, S.A. (0081) ; ES ; ESPAÑA ; 09 ; CATALUÑA           ; 08 ; Barcelona ; 019 ; BARCELONA ; ZZ CASPE, 141 0 ; 08013 ; Operativas ; 
BP ; BANCOS ; 0081 ; BANCO DE SABADELL, S.A. (0081) ; ES ; ESPAÑA ; 09 ; CATALUÑA           ; 08 ; Barcelona ; 019 ; BARCELONA ; CL VIA AUGUSTA 122 ; 08006 ; Operativas ; 
BP ; BANCOS ; 0081 ; BANCO DE SABADELL, S.A. (0081) ; ES ; ESPAÑA ; 09 ; CATALUÑA           ; 08 ; Barcelona ; 019 ; BARCELONA ; ZZ BALMES, 423-425 0 ; 08022 ; Operativas ; 
BP ; BANCOS ; 0081 ; BANCO DE SABADELL, S.A. (0081) ; ES ; ESPAÑA ; 09 ; CATALUÑA           ; 08 ; Barcelona ; 019 ; BARCELONA ; ZZ JOSEP PLA, S/N-C.C. DIAGONAL MAR 0 ; 08019 ; Operativas ; 
BP ; BANCOS ; 0081 ; BANCO DE SABADELL, S.A. (0081) ; ES ; ESPAÑA ; 09 ; CATALUÑA           ; 08 ; Barcelona ; 019 ; BARCELONA ; CL PROVENÇA 483 ; 08025 ; Operativas ; 
BP ; BANCOS ; 0081 ; BANCO DE SABADELL, S.A. (0081) ; ES ; ESPAÑA ; 09 ; CATALUÑA           ; 08 ; Barcelona ; 019 ; BARCELONA ; ZZ RDA. GENERAL MITRE, 103. 0 ; 08022 ; Operativas ; 
BP ; BANCOS ; 0081 ; BANCO DE SABADELL, S.A. (0081) ; ES ; ESPAÑA ; 09 ; CATALUÑA           ; 08 ; Barcelona ; 019 ; BARCELONA ; ZZ VIA JULIA 19 ; 08042 ; Operativas ; 
BP ; BANCOS ; 0081 ; BANCO DE SABADELL, S.A. (0081) ; ES ; ESPAÑA ; 09 ; CATALUÑA           ; 08 ; Barcelona ; 019 ; BARCELONA ; ZZ EL CLOT, 42-44 0 ; 08018 ; Operativas ; 
BP ; BANCOS ; 0081 ; BANCO DE SABADELL, S.A. (0081) ; ES ; ESPAÑA ; 09 ; CATALUÑA           ; 08 ; Barcelona ; 019 ; BARCELONA ; PZ  SANT GRGORI TAUMATURG, 5-6 0 ; 08021 ; Operativas ; 
BP ; BANCOS ; 0081 ; BANCO DE SABADELL, S.A. (0081) ; ES ; ESPAÑA ; 09 ; CATALUÑA           ; 08 ; Barcelona ; 019 ; BARCELONA ; ZZ ARQUITECTE SERT, 23-25. 0 ; 08005 ; Operativas ; 
BP ; BANCOS ; 0081 ; BANCO DE SABADELL, S.A. (0081) ; ES ; ESPAÑA ; 09 ; CATALUÑA           ; 08 ; Barcelona ; 019 ; BARCELONA ; ZZ AVDA. MERIDIANA, 274. 0 ; 08027 ; Operativas ; 
BP ; BANCOS ; 0081 ; BANCO DE SABADELL, S.A. (0081) ; ES ; ESPAÑA ; 09 ; CATALUÑA           ; 08 ; Barcelona ; 019 ; BARCELONA ; ZZ TRAVESSERA DE GRACIA, 171. 0 ; 08012 ; Operativas ; 
BP ; BANCOS ; 0081 ; BANCO DE SABADELL, S.A. (0081) ; ES ; ESPAÑA ; 09 ; CATALUÑA           ; 08 ; Barcelona ; 019 ; BARCELONA ; ZZ PASSEIG DE LA BONANOVA, 45 0 ; 08017 ; Operativas ; 
BP ; BANCOS ; 0081 ; BANCO DE SABADELL, S.A. (0081) ; ES ; ESPAÑA ; 09 ; CATALUÑA           ; 08 ; Barcelona ; 019 ; BARCELONA ; ZZ BALMES, 193 0 ; 08006 ; Operativas ; 
BP ; BANCOS ; 0081 ; BANCO DE SABADELL, S.A. (0081) ; ES ; ESPAÑA ; 09 ; CATALUÑA           ; 08 ; Barcelona ; 019 ; BARCELONA ; ZZ NUMANCIA, 84 0 ; 08029 ; Operativas ; 
BP ; BANCOS ; 0081 ; BANCO DE SABADELL, S.A. (0081) ; ES ; ESPAÑA ; 09 ; CATALUÑA           ; 08 ; Barcelona ; 019 ; BARCELONA ; ZZ FABRA Y PUIG 56 62 0 ; 08030 ; Operativas ; 
BP ; BANCOS ; 0081 ; BANCO DE SABADELL, S.A. (0081) ; ES ; ESPAÑA ; 09 ; CATALUÑA           ; 08 ; Barcelona ; 019 ; BARCELONA ; CL PI I MARGALL 82 ; 08025 ; Operativas ; 
BP ; BANCOS ; 0081 ; BANCO DE SABADELL, S.A. (0081) ; ES ; ESPAÑA ; 09 ; CATALUÑA           ; 08 ; Barcelona ; 019 ; BARCELONA ; ZZ VIA LAIETANA, 47. 0 ; 08003 ; Operativas ; 
BP ; BANCOS ; 0081 ; BANCO DE SABADELL, S.A. (0081) ; ES ; ESPAÑA ; 09 ; CATALUÑA           ; 08 ; Barcelona ; 019 ; BARCELONA ; RB POBLE NOU, 108. 0 ; 08005 ; Operativas ; 
BP ; BANCOS ; 0081 ; BANCO DE SABADELL, S.A. (0081) ; ES ; ESPAÑA ; 09 ; CATALUÑA           ; 08 ; Barcelona ; 019 ; BARCELONA ; ZZ SICILIA, 292. 0 ; 08013 ; Operativas ; 
BP ; BANCOS ; 0081 ; BANCO DE SABADELL, S.A. (0081) ; ES ; ESPAÑA ; 09 ; CATALUÑA           ; 08 ; Barcelona ; 019 ; BARCELONA ; ZZ GRAN DE GRACIA, 90. 0 ; 08008 ; Operativas ; 
BP ; BANCOS ; 0081 ; BANCO DE SABADELL, S.A. (0081) ; ES ; ESPAÑA ; 09 ; CATALUÑA           ; 08 ; Barcelona ; 019 ; BARCELONA ; ZZ PASSEIG MARAGALL, 156. 0 ; 08027 ; Operativas ; 
BP ; BANCOS ; 0081 ; BANCO DE SABADELL, S.A. (0081) ; ES ; ESPAÑA ; 09 ; CATALUÑA           ; 08 ; Barcelona ; 019 ; BARCELONA ; ZZ Gran Vía de les Corts Catalanes 514 ; 08015 ; Operativas ; 
BP ; BANCOS ; 0081 ; BANCO DE SABADELL, S.A. (0081) ; ES ; ESPAÑA ; 09 ; CATALUÑA           ; 08 ; Barcelona ; 019 ; BARCELONA ; ZZ TRAVESSERA DE GRACIA, 3 0 ; 08021 ; Operativas ; 
BP ; BANCOS ; 0081 ; BANCO DE SABADELL, S.A. (0081) ; ES ; ESPAÑA ; 09 ; CATALUÑA           ; 08 ; Barcelona ; 019 ; BARCELONA ; CL Creu Coberta 74 ; 08014 ; Operativas ; 
BP ; BANCOS ; 0081 ; BANCO DE SABADELL, S.A. (0081) ; ES ; ESPAÑA ; 09 ; CATALUÑA           ; 08 ; Barcelona ; 019 ; BARCELONA ; CL MALLORCA 156 ; 08036 ; Operativas ; 
BP ; BANCOS ; 0081 ; BANCO DE SABADELL, S.A. (0081) ; ES ; ESPAÑA ; 09 ; CATALUÑA           ; 08 ; Barcelona ; 019 ; BARCELONA ; RD UNIVERSITAT, 37. 0 ; 08007 ; Operativas ; 
BP ; BANCOS ; 0081 ; BANCO DE SABADELL, S.A. (0081) ; ES ; ESPAÑA ; 09 ; CATALUÑA           ; 08 ; Barcelona ; 019 ; BARCELONA ; ZZ BALMES 306 0 ; 08006 ; Operativas ; 
BP ; BANCOS ; 0081 ; BANCO DE SABADELL, S.A. (0081) ; ES ; ESPAÑA ; 09 ; CATALUÑA           ; 08 ; Barcelona ; 019 ; BARCELONA ; ZZ TRAVESSERA DE LES CORTS, 237. 0 ; 08028 ; Operativas ; 
BP ; BANCOS ; 0081 ; BANCO DE SABADELL, S.A. (0081) ; ES ; ESPAÑA ; 09 ; CATALUÑA           ; 08 ; Barcelona ; 019 ; BARCELONA ; ZZ ROGER DE FLOR, 158 - 160 0 ; 08013 ; Operativas ; 
BP ; BANCOS ; 0081 ; BANCO DE SABADELL, S.A. (0081) ; ES ; ESPAÑA ; 09 ; CATALUÑA           ; 08 ; Barcelona ; 019 ; BARCELONA ; ZZ VALENCIA 110 0 ; 08015 ; Operativas ; 
BP ; BANCOS ; 0081 ; BANCO DE SABADELL, S.A. (0081) ; ES ; ESPAÑA ; 09 ; CATALUÑA           ; 08 ; Barcelona ; 019 ; BARCELONA ; ZZ MALLORCA 551 ; 08026 ; Operativas ; 
BP ; BANCOS ; 0081 ; BANCO DE SABADELL, S.A. (0081) ; ES ; ESPAÑA ; 09 ; CATALUÑA           ; 08 ; Barcelona ; 019 ; BARCELONA ; ZZ MAJOR DE SARRIA 61 0 ; 08017 ; Operativas ; 
BP ; BANCOS ; 0081 ; BANCO DE SABADELL, S.A. (0081) ; ES ; ESPAÑA ; 09 ; CATALUÑA           ; 08 ; Barcelona ; 019 ; BARCELONA ; ZZ PLAÇA DEL VIRREI AMT. 1. 0 ; 08031 ; Operativas ; 
BP ; BANCOS ; 0081 ; BANCO DE SABADELL, S.A. (0081) ; ES ; ESPAÑA ; 09 ; CATALUÑA           ; 08 ; Barcelona ; 019 ; BARCELONA ; ZZ PASSEIG SANT JOAN, 169. 0 ; 08037 ; Operativas ; 
BP ; BANCOS ; 0081 ; BANCO DE SABADELL, S.A. (0081) ; ES ; ESPAÑA ; 09 ; CATALUÑA           ; 08 ; Barcelona ; 019 ; BARCELONA ; ZZ AVINGUDA MARQUES DE L'ARGENTERA, 13. 0 ; 08003 ; Operativas ; 
BP ; BANCOS ; 0081 ; BANCO DE SABADELL, S.A. (0081) ; ES ; ESPAÑA ; 09 ; CATALUÑA           ; 08 ; Barcelona ; 019 ; BARCELONA ; ZZ BRUCH 93 0 ; 08009 ; Operativas ; 
BP ; BANCOS ; 0081 ; BANCO DE SABADELL, S.A. (0081) ; ES ; ESPAÑA ; 09 ; CATALUÑA           ; 08 ; Barcelona ; 019 ; BARCELONA ; ZZ PLAÇA FERRAN LESSEPS, 3-5. 0 ; 08023 ; Operativas ; 
BP ; BANCOS ; 0081 ; BANCO DE SABADELL, S.A. (0081) ; ES ; ESPAÑA ; 09 ; CATALUÑA           ; 08 ; Barcelona ; 019 ; BARCELONA ; ZZ JOSEP TARRADELLES, 89. 0 ; 08029 ; Operativas ; 
BP ; BANCOS ; 0081 ; BANCO DE SABADELL, S.A. (0081) ; ES ; ESPAÑA ; 09 ; CATALUÑA           ; 08 ; Barcelona ; 019 ; BARCELONA ; ZZ MUNTANER 545 0 ; 08022 ; Operativas ; 
BP ; BANCOS ; 0081 ; BANCO DE SABADELL, S.A. (0081) ; ES ; ESPAÑA ; 09 ; CATALUÑA           ; 08 ; Barcelona ; 019 ; BARCELONA ; RB DE CATALUNYA, 115. 0 ; 08008 ; Operativas ; 
BP ; BANCOS ; 0081 ; BANCO DE SABADELL, S.A. (0081) ; ES ; ESPAÑA ; 09 ; CATALUÑA           ; 08 ; Barcelona ; 019 ; BARCELONA ; ZZ CAPITA ARENAS, 26. 0 ; 08034 ; Operativas ; 
BP ; BANCOS ; 0081 ; BANCO DE SABADELL, S.A. (0081) ; ES ; ESPAÑA ; 09 ; CATALUÑA           ; 08 ; Barcelona ; 019 ; BARCELONA ; PZ  MARAGALL, 1 0 ; 08041 ; Operativas ; 
BP ; BANCOS ; 0081 ; BANCO DE SABADELL, S.A. (0081) ; ES ; ESPAÑA ; 09 ; CATALUÑA           ; 08 ; Barcelona ; 019 ; BARCELONA ; CL GRAN DE SANT ANDREU 128 ; 08030 ; Operativas ; 
BP ; BANCOS ; 0081 ; BANCO DE SABADELL, S.A. (0081) ; ES ; ESPAÑA ; 09 ; CATALUÑA           ; 08 ; Barcelona ; 019 ; BARCELONA ; AV DIAGONAL 407 ; 08008 ; Operativas ; 
BP ; BANCOS ; 0081 ; BANCO DE SABADELL, S.A. (0081) ; ES ; ESPAÑA ; 09 ; CATALUÑA           ; 08 ; Barcelona ; 019 ; BARCELONA ; CL CONCA DE TREMP 21 ; 08032 ; Operativas ; 
BP ; BANCOS ; 0081 ; BANCO DE SABADELL, S.A. (0081) ; ES ; ESPAÑA ; 09 ; CATALUÑA           ; 08 ; Barcelona ; 019 ; BARCELONA ; ZZ LLACUNA, 142-144 0 ; 08018 ; Operativas ; 
BP ; BANCOS ; 0081 ; BANCO DE SABADELL, S.A. (0081) ; ES ; ESPAÑA ; 09 ; CATALUÑA           ; 08 ; Barcelona ; 019 ; BARCELONA ; ZZ MUNTANER, 242 0 ; 08021 ; Operativas ; 
BP ; BANCOS ; 0081 ; BANCO DE SABADELL, S.A. (0081) ; ES ; ESPAÑA ; 09 ; CATALUÑA           ; 08 ; Barcelona ; 019 ; BARCELONA ; CL LONGITUDINAL 4 ; 08040 ; Operativas ; 
BP ; BANCOS ; 0081 ; BANCO DE SABADELL, S.A. (0081) ; ES ; ESPAÑA ; 09 ; CATALUÑA           ; 08 ; Barcelona ; 019 ; BARCELONA ; ZZ AVDA. PARALLEL, 88. 0 ; 08015 ; Operativas ; 
BP ; BANCOS ; 0081 ; BANCO DE SABADELL, S.A. (0081) ; ES ; ESPAÑA ; 09 ; CATALUÑA           ; 08 ; Barcelona ; 019 ; BARCELONA ; ZZ DIPUTACIO, 259 0 ; 08007 ; Operativas ; 
BP ; BANCOS ; 0081 ; BANCO DE SABADELL, S.A. (0081) ; ES ; ESPAÑA ; 09 ; CATALUÑA           ; 08 ; Barcelona ; 019 ; BARCELONA ; ZZ PADILLA, 316           (AGENCIA GAUDI) 0 ; 08025 ; Operativas ; 
BP ; BANCOS ; 0081 ; BANCO DE SABADELL, S.A. (0081) ; ES ; ESPAÑA ; 09 ; CATALUÑA           ; 08 ; Barcelona ; 019 ; BARCELONA ; ZZ AVINGUDA DE MADRID, 211-213. 0 ; 08014 ; Operativas ; 
BP ; BANCOS ; 0081 ; BANCO DE SABADELL, S.A. (0081) ; ES ; ESPAÑA ; 09 ; CATALUÑA           ; 08 ; Barcelona ; 019 ; BARCELONA ; ZZ ARIBAU, 171 0 ; 08036 ; Operativas ; 
BP ; BANCOS ; 0081 ; BANCO DE SABADELL, S.A. (0081) ; ES ; ESPAÑA ; 09 ; CATALUÑA           ; 08 ; Barcelona ; 019 ; BARCELONA ; ZZ GRAN VIA DE LES COTRS CATALANES, 435 0 ; 08015 ; Operativas ; 
BP ; BANCOS ; 0081 ; BANCO DE SABADELL, S.A. (0081) ; ES ; ESPAÑA ; 09 ; CATALUÑA           ; 08 ; Barcelona ; 019 ; BARCELONA ; ZZ PASSEIG ZONA FRANCA, 116-118 0 ; 08038 ; Operativas ; 
BP ; BANCOS ; 0081 ; BANCO DE SABADELL, S.A. (0081) ; ES ; ESPAÑA ; 09 ; CATALUÑA           ; 08 ; Barcelona ; 019 ; BARCELONA ; CL TAJO 64-66 ; 08032 ; Operativas ; 
BP ; BANCOS ; 0081 ; BANCO DE SABADELL, S.A. (0081) ; ES ; ESPAÑA ; 09 ; CATALUÑA           ; 08 ; Barcelona ; 019 ; BARCELONA ; ZZ AVINGUDA MERIDIANA, 20. 0 ; 08018 ; Operativas ; 
BP ; BANCOS ; 0081 ; BANCO DE SABADELL, S.A. (0081) ; ES ; ESPAÑA ; 09 ; CATALUÑA           ; 08 ; Barcelona ; 019 ; BARCELONA ; ZZ AVINGUDA DIAGONAL, 644-646. 0 ; 08017 ; Operativas ; 
BP ; BANCOS ; 0081 ; BANCO DE SABADELL, S.A. (0081) ; ES ; ESPAÑA ; 09 ; CATALUÑA           ; 08 ; Barcelona ; 019 ; BARCELONA ; RB DE SANT JOSEP, 75. 0 ; 08002 ; Operativas ; 
BP ; BANCOS ; 0081 ; BANCO DE SABADELL, S.A. (0081) ; ES ; ESPAÑA ; 09 ; CATALUÑA           ; 08 ; Barcelona ; 019 ; BARCELONA ; AV DIAGONAL 456 ; 08006 ; Operativas ; 
BP ; BANCOS ; 0081 ; BANCO DE SABADELL, S.A. (0081) ; ES ; ESPAÑA ; 09 ; CATALUÑA           ; 08 ; Barcelona ; 019 ; BARCELONA ; PJ MERCADER 7-9 ; 08008 ; Operativas ; 
BP ; BANCOS ; 0081 ; BANCO DE SABADELL, S.A. (0081) ; ES ; ESPAÑA ; 09 ; CATALUÑA           ; 08 ; Barcelona ; 019 ; BARCELONA ; CL PS. VALLDAURA 190 ; 08042 ; Operativas ; 
BP ; BANCOS ; 0081 ; BANCO DE SABADELL, S.A. (0081) ; ES ; ESPAÑA ; 09 ; CATALUÑA           ; 08 ; Barcelona ; 019 ; BARCELONA ; CL COMTE BORRELL 46 ; 08015 ; Operativas ; 
BP ; BANCOS ; 0081 ; BANCO DE SABADELL, S.A. (0081) ; ES ; ESPAÑA ; 09 ; CATALUÑA           ; 08 ; Barcelona ; 019 ; BARCELONA ; CL MAQUINISTA 20 ; 08003 ; Operativas ; 
BP ; BANCOS ; 0081 ; BANCO DE SABADELL, S.A. (0081) ; ES ; ESPAÑA ; 09 ; CATALUÑA           ; 08 ; Barcelona ; 019 ; BARCELONA ; ZZ CASP, 46 0 ; 08010 ; Operativas ; 
BP ; BANCOS ; 0081 ; BANCO DE SABADELL, S.A. (0081) ; ES ; ESPAÑA ; 09 ; CATALUÑA           ; 08 ; Barcelona ; 019 ; BARCELONA ; AV DE SARRIA, 19 0 ; 08029 ; Operativas ; 
BP ; BANCOS ; 0081 ; BANCO DE SABADELL, S.A. (0081) ; ES ; ESPAÑA ; 09 ; CATALUÑA           ; 08 ; Barcelona ; 019 ; BARCELONA ; ZZ GUIPUZCOA, 125 0 ; 08020 ; Operativas ; 
BP ; BANCOS ; 0081 ; BANCO DE SABADELL, S.A. (0081) ; ES ; ESPAÑA ; 09 ; CATALUÑA           ; 08 ; Barcelona ; 019 ; BARCELONA ; ZZ TRAVESERA DE LAS CORTS 375 0 ; 08029 ; Operativas ; 
BP ; BANCOS ; 0081 ; BANCO DE SABADELL, S.A. (0081) ; ES ; ESPAÑA ; 09 ; CATALUÑA           ; 08 ; Barcelona ; 019 ; BARCELONA ; ZZ SANTS, 178 0 ; 08028 ; Operativas ; 
BP ; BANCOS ; 0081 ; BANCO DE SABADELL, S.A. (0081) ; ES ; ESPAÑA ; 09 ; CATALUÑA           ; 08 ; Barcelona ; 019 ; BARCELONA ; RB LA RAMBLA 44 ; 08002 ; Operativas ; 
BP ; BANCOS ; 0081 ; BANCO DE SABADELL, S.A. (0081) ; ES ; ESPAÑA ; 09 ; CATALUÑA           ; 08 ; Barcelona ; 019 ; BARCELONA ; CL RAMON TURRÓ 212 ; 08005 ; Operativas ; 
BP ; BANCOS ; 0081 ; BANCO DE SABADELL, S.A. (0081) ; ES ; ESPAÑA ; 09 ; CATALUÑA           ; 08 ; Barcelona ; 020 ; BEGUES ; CL PASSATGE DE L'ESGLESIA 4 ; 08859 ; Operativas ; 
BP ; BANCOS ; 0081 ; BANCO DE SABADELL, S.A. (0081) ; ES ; ESPAÑA ; 09 ; CATALUÑA           ; 08 ; Barcelona ; 022 ; BERGA ; PS DE LA PAZ, 18. 0 ; 08600 ; Operativas ; 
BP ; BANCOS ; 0081 ; BANCO DE SABADELL, S.A. (0081) ; ES ; ESPAÑA ; 09 ; CATALUÑA           ; 08 ; Barcelona ; 033 ; CALDES DE MONTBUI ; ZZ PI I MARAGALL, 84. 0 ; 08140 ; Operativas ; 
BP ; BANCOS ; 0081 ; BANCO DE SABADELL, S.A. (0081) ; ES ; ESPAÑA ; 09 ; CATALUÑA           ; 08 ; Barcelona ; 035 ; CALELLA ; ZZ CARRER DE L'ESGLESIA, 215. 0 ; 08370 ; Operativas ; 
BP ; BANCOS ; 0081 ; BANCO DE SABADELL, S.A. (0081) ; ES ; ESPAÑA ; 09 ; CATALUÑA           ; 08 ; Barcelona ; 040 ; CANET DE MAR ; ZZ RIERA GAVARRA, 29-31 0 ; 08360 ; Operativas ; 
BP ; BANCOS ; 0081 ; BANCO DE SABADELL, S.A. (0081) ; ES ; ESPAÑA ; 09 ; CATALUÑA           ; 08 ; Barcelona ; 041 ; CANOVELLES ; ZZ RIERA, 65 0 ; 08420 ; Operativas ; 
BP ; BANCOS ; 0081 ; BANCO DE SABADELL, S.A. (0081) ; ES ; ESPAÑA ; 09 ; CATALUÑA           ; 08 ; Barcelona ; 044 ; CAPELLADES ; CL MAJOR 5-7 ; 08786 ; Operativas ; 
BP ; BANCOS ; 0081 ; BANCO DE SABADELL, S.A. (0081) ; ES ; ESPAÑA ; 09 ; CATALUÑA           ; 08 ; Barcelona ; 046 ; CARDEDEU ; ZZ ANSELM CLAVE, 12. 0 ; 08440 ; Operativas ; 
BP ; BANCOS ; 0081 ; BANCO DE SABADELL, S.A. (0081) ; ES ; ESPAÑA ; 09 ; CATALUÑA           ; 08 ; Barcelona ; 051 ; CASTELLAR DEL VALLÈS ; ZZ PASSEIG, 7 0 ; 08211 ; Operativas ; 
BP ; BANCOS ; 0081 ; BANCO DE SABADELL, S.A. (0081) ; ES ; ESPAÑA ; 09 ; CATALUÑA           ; 08 ; Barcelona ; 054 ; CASTELLBISBAL ; ZZ MAJOR 23 ; 08755 ; Operativas ; 
BP ; BANCOS ; 0081 ; BANCO DE SABADELL, S.A. (0081) ; ES ; ESPAÑA ; 09 ; CATALUÑA           ; 08 ; Barcelona ; 056 ; CASTELLDEFELS ; AV SANTA MARIA 26 ; 08860 ; Operativas ; 
BP ; BANCOS ; 0081 ; BANCO DE SABADELL, S.A. (0081) ; ES ; ESPAÑA ; 09 ; CATALUÑA           ; 08 ; Barcelona ; 056 ; CASTELLDEFELS ; AV  MANEL GIRONA, 24. 0 ; 08860 ; Operativas ; 
BP ; BANCOS ; 0081 ; BANCO DE SABADELL, S.A. (0081) ; ES ; ESPAÑA ; 09 ; CATALUÑA           ; 08 ; Barcelona ; 056 ; CASTELLDEFELS ; AV DE LA CONSTITUCIÓN 176 ; 08860 ; Operativas ; 
BP ; BANCOS ; 0081 ; BANCO DE SABADELL, S.A. (0081) ; ES ; ESPAÑA ; 09 ; CATALUÑA           ; 08 ; Barcelona ; 065 ; CASTELLVI DE LA MARCA ; AV CATALUNYA 15 ; 08732 ; Operativas ; 
BP ; BANCOS ; 0081 ; BANCO DE SABADELL, S.A. (0081) ; ES ; ESPAÑA ; 09 ; CATALUÑA           ; 08 ; Barcelona ; 072 ; CORBERA DE LLOBREGAT ; AV CATALUNYA, 28 0 ; 08757 ; Operativas ; 
BP ; BANCOS ; 0081 ; BANCO DE SABADELL, S.A. (0081) ; ES ; ESPAÑA ; 09 ; CATALUÑA           ; 08 ; Barcelona ; 073 ; CORNELLÀ DE LLOBREGAT ; ZZ ANSELM CLAVE, 35. 0 ; 08940 ; Operativas ; 
BP ; BANCOS ; 0081 ; BANCO DE SABADELL, S.A. (0081) ; ES ; ESPAÑA ; 09 ; CATALUÑA           ; 08 ; Barcelona ; 073 ; CORNELLÀ DE LLOBREGAT ; ZZ DOCTOR ARUS 10 ; 08940 ; Operativas ; 
BP ; BANCOS ; 0081 ; BANCO DE SABADELL, S.A. (0081) ; ES ; ESPAÑA ; 09 ; CATALUÑA           ; 08 ; Barcelona ; 073 ; CORNELLÀ DE LLOBREGAT ; MN  JAUME SOLER 10 ; 08940 ; Operativas ; 
BP ; BANCOS ; 0081 ; BANCO DE SABADELL, S.A. (0081) ; ES ; ESPAÑA ; 09 ; CATALUÑA           ; 08 ; Barcelona ; 073 ; CORNELLÀ DE LLOBREGAT ; RB ANSELM CLAVE 4 ; 08940 ; Operativas ; 
BP ; BANCOS ; 0081 ; BANCO DE SABADELL, S.A. (0081) ; ES ; ESPAÑA ; 09 ; CATALUÑA           ; 08 ; Barcelona ; 073 ; CORNELLÀ DE LLOBREGAT ; AV PAU PICASSO 12-14 ; 08940 ; Operativas ; 
BP ; BANCOS ; 0081 ; BANCO DE SABADELL, S.A. (0081) ; ES ; ESPAÑA ; 09 ; CATALUÑA           ; 08 ; Barcelona ; 074 ; CUBELLES ; PS NARCIS BARDAJI 23 ; 08880 ; Operativas ; 
BP ; BANCOS ; 0081 ; BANCO DE SABADELL, S.A. (0081) ; ES ; ESPAÑA ; 09 ; CATALUÑA           ; 08 ; Barcelona ; 076 ; ESPARREGUERA ; ZZ CARRER DELS ARBRES, 13. 0 ; 08292 ; Operativas ; 
BP ; BANCOS ; 0081 ; BANCO DE SABADELL, S.A. (0081) ; ES ; ESPAÑA ; 09 ; CATALUÑA           ; 08 ; Barcelona ; 077 ; ESPLUGUES DE LLOBREGAT ; ZZ MOLI, 26-36 0 ; 08950 ; Operativas ; 
BP ; BANCOS ; 0081 ; BANCO DE SABADELL, S.A. (0081) ; ES ; ESPAÑA ; 09 ; CATALUÑA           ; 08 ; Barcelona ; 077 ; ESPLUGUES DE LLOBREGAT ; ZZ CARRETERSA DE CORNELLA, 67. 0 ; 08950 ; Operativas ; 
BP ; BANCOS ; 0081 ; BANCO DE SABADELL, S.A. (0081) ; ES ; ESPAÑA ; 09 ; CATALUÑA           ; 08 ; Barcelona ; 077 ; ESPLUGUES DE LLOBREGAT ; CL LAUREA  MIRO 259 ; 08950 ; Operativas ; 
BP ; BANCOS ; 0081 ; BANCO DE SABADELL, S.A. (0081) ; ES ; ESPAÑA ; 09 ; CATALUÑA           ; 08 ; Barcelona ; 088 ; GARRIGA (LA) ; ZZ PLAÇA DACHS, 2. 0 ; 08530 ; Operativas ; 
BP ; BANCOS ; 0081 ; BANCO DE SABADELL, S.A. (0081) ; ES ; ESPAÑA ; 09 ; CATALUÑA           ; 08 ; Barcelona ; 089 ; GAVÀ ; RB VAYRERA, 51. 0 ; 08850 ; Operativas ; 
BP ; BANCOS ; 0081 ; BANCO DE SABADELL, S.A. (0081) ; ES ; ESPAÑA ; 09 ; CATALUÑA           ; 08 ; Barcelona ; 089 ; GAVÀ ; CL MARTIRS DEL SETGE DE 1714 32 ; 08850 ; Operativas ; 
BP ; BANCOS ; 0081 ; BANCO DE SABADELL, S.A. (0081) ; ES ; ESPAÑA ; 09 ; CATALUÑA           ; 08 ; Barcelona ; 094 ; GRANADA (LA) ; CL ESTACIO 12 ; 08792 ; Operativas ; 
BP ; BANCOS ; 0081 ; BANCO DE SABADELL, S.A. (0081) ; ES ; ESPAÑA ; 09 ; CATALUÑA           ; 08 ; Barcelona ; 096 ; GRANOLLERS ; ZZ ALFONS IV, 43. 0 ; 08401 ; Operativas ; 
BP ; BANCOS ; 0081 ; BANCO DE SABADELL, S.A. (0081) ; ES ; ESPAÑA ; 09 ; CATALUÑA           ; 08 ; Barcelona ; 096 ; GRANOLLERS ; ZZ GIRONA, 6 0 ; 08400 ; Operativas ; 
BP ; BANCOS ; 0081 ; BANCO DE SABADELL, S.A. (0081) ; ES ; ESPAÑA ; 09 ; CATALUÑA           ; 08 ; Barcelona ; 096 ; GRANOLLERS ; ZZ JOAN PRIM, 36 0 ; 08400 ; Operativas ; 
BP ; BANCOS ; 0081 ; BANCO DE SABADELL, S.A. (0081) ; ES ; ESPAÑA ; 09 ; CATALUÑA           ; 08 ; Barcelona ; 096 ; GRANOLLERS ; AV DEL PARQUE 5 ; 08402 ; Operativas ; 
BP ; BANCOS ; 0081 ; BANCO DE SABADELL, S.A. (0081) ; ES ; ESPAÑA ; 09 ; CATALUÑA           ; 08 ; Barcelona ; 101 ; HOSPITALET DE LLOBREGAT(L') ; ZZ ROSSENS ARUS, 7. 0 ; 08901 ; Operativas ; 
BP ; BANCOS ; 0081 ; BANCO DE SABADELL, S.A. (0081) ; ES ; ESPAÑA ; 09 ; CATALUÑA           ; 08 ; Barcelona ; 101 ; HOSPITALET DE LLOBREGAT(L') ; CL BAQUER 9 ; 08903 ; Operativas ; 
BP ; BANCOS ; 0081 ; BANCO DE SABADELL, S.A. (0081) ; ES ; ESPAÑA ; 09 ; CATALUÑA           ; 08 ; Barcelona ; 101 ; HOSPITALET DE LLOBREGAT(L') ; ZZ ENRIC PRAT DE LA RIVA, 142 0 ; 08901 ; Operativas ; 
BP ; BANCOS ; 0081 ; BANCO DE SABADELL, S.A. (0081) ; ES ; ESPAÑA ; 09 ; CATALUÑA           ; 08 ; Barcelona ; 101 ; HOSPITALET DE LLOBREGAT(L') ; CL SANTA EULALIA 114 ; 08902 ; Operativas ; 
BP ; BANCOS ; 0081 ; BANCO DE SABADELL, S.A. (0081) ; ES ; ESPAÑA ; 09 ; CATALUÑA           ; 08 ; Barcelona ; 101 ; HOSPITALET DE LLOBREGAT(L') ; CR COLLBLANC, 5. 0 ; 08903 ; Operativas ; 
BP ; BANCOS ; 0081 ; BANCO DE SABADELL, S.A. (0081) ; ES ; ESPAÑA ; 09 ; CATALUÑA           ; 08 ; Barcelona ; 101 ; HOSPITALET DE LLOBREGAT(L') ; ZZ AVINGUDA MASNOU, 57 BIS. 0 ; 08905 ; Operativas ; 
BP ; BANCOS ; 0081 ; BANCO DE SABADELL, S.A. (0081) ; ES ; ESPAÑA ; 09 ; CATALUÑA           ; 08 ; Barcelona ; 101 ; HOSPITALET DE LLOBREGAT(L') ; CL IGUALTAT 55 ; 08902 ; Operativas ; 
BP ; BANCOS ; 0081 ; BANCO DE SABADELL, S.A. (0081) ; ES ; ESPAÑA ; 09 ; CATALUÑA           ; 08 ; Barcelona ; 101 ; HOSPITALET DE LLOBREGAT(L') ; ZZ SALVADOR ESPRIU, 16 0 ; 08908 ; Operativas ; 
BP ; BANCOS ; 0081 ; BANCO DE SABADELL, S.A. (0081) ; ES ; ESPAÑA ; 09 ; CATALUÑA           ; 08 ; Barcelona ; 101 ; HOSPITALET DE LLOBREGAT(L') ; PZ EIVISSA 1 ; 08905 ; Operativas ; 
BP ; BANCOS ; 0081 ; BANCO DE SABADELL, S.A. (0081) ; ES ; ESPAÑA ; 09 ; CATALUÑA           ; 08 ; Barcelona ; 101 ; HOSPITALET DE LLOBREGAT(L') ; RB MARINA 200 ; 08907 ; Operativas ; 
BP ; BANCOS ; 0081 ; BANCO DE SABADELL, S.A. (0081) ; ES ; ESPAÑA ; 09 ; CATALUÑA           ; 08 ; Barcelona ; 102 ; IGUALADA ; RB  Rambla Sant Isidre 22 ; 08700 ; Operativas ; 
BP ; BANCOS ; 0081 ; BANCO DE SABADELL, S.A. (0081) ; ES ; ESPAÑA ; 09 ; CATALUÑA           ; 08 ; Barcelona ; 102 ; IGUALADA ; PS VERDAGUER 119 ; 08700 ; Operativas ; 
BP ; BANCOS ; 0081 ; BANCO DE SABADELL, S.A. (0081) ; ES ; ESPAÑA ; 09 ; CATALUÑA           ; 08 ; Barcelona ; 105 ; LLAGOSTA (LA) ; ZZ SANT MIQUEL C/V SANTA TERESA. 0 ; 08120 ; Operativas ; 
BP ; BANCOS ; 0081 ; BANCO DE SABADELL, S.A. (0081) ; ES ; ESPAÑA ; 09 ; CATALUÑA           ; 08 ; Barcelona ; 106 ; LLINARS DEL VALLÈS ; PZ SANTA MARIA 27 ; 08450 ; Operativas ; 
BP ; BANCOS ; 0081 ; BANCO DE SABADELL, S.A. (0081) ; ES ; ESPAÑA ; 09 ; CATALUÑA           ; 08 ; Barcelona ; 110 ; MALGRAT DE MAR ; CL MAR 3 ; 08380 ; Operativas ; 
BP ; BANCOS ; 0081 ; BANCO DE SABADELL, S.A. (0081) ; ES ; ESPAÑA ; 09 ; CATALUÑA           ; 08 ; Barcelona ; 112 ; MANLLEU ; ZZ ENRIC DELARIS, 2 0 ; 08560 ; Operativas ; 
BP ; BANCOS ; 0081 ; BANCO DE SABADELL, S.A. (0081) ; ES ; ESPAÑA ; 09 ; CATALUÑA           ; 08 ; Barcelona ; 113 ; MANRESA ; ZZ PASSEIG PERE III, 41. 0 ; 08240 ; Operativas ; 
BP ; BANCOS ; 0081 ; BANCO DE SABADELL, S.A. (0081) ; ES ; ESPAÑA ; 09 ; CATALUÑA           ; 08 ; Barcelona ; 114 ; MARTORELL ; RB BOBILES 14 ; 08760 ; Operativas ; 
BP ; BANCOS ; 0081 ; BANCO DE SABADELL, S.A. (0081) ; ES ; ESPAÑA ; 09 ; CATALUÑA           ; 08 ; Barcelona ; 118 ; MASNOU (EL) ; ZZ BARCELONA, 19 0 ; 08320 ; Operativas ; 
BP ; BANCOS ; 0081 ; BANCO DE SABADELL, S.A. (0081) ; ES ; ESPAÑA ; 09 ; CATALUÑA           ; 08 ; Barcelona ; 119 ; MASQUEFA ; CL MAJOR 14 ; 08783 ; Operativas ; 
BP ; BANCOS ; 0081 ; BANCO DE SABADELL, S.A. (0081) ; ES ; ESPAÑA ; 09 ; CATALUÑA           ; 08 ; Barcelona ; 120 ; MATADEPERA ; ZZ SANT JOAN, 99 0 ; 08230 ; Operativas ; 
BP ; BANCOS ; 0081 ; BANCO DE SABADELL, S.A. (0081) ; ES ; ESPAÑA ; 09 ; CATALUÑA           ; 08 ; Barcelona ; 121 ; MATARO ; CL LA RIERA 7-9 ; 08302 ; Operativas ; 
BP ; BANCOS ; 0081 ; BANCO DE SABADELL, S.A. (0081) ; ES ; ESPAÑA ; 09 ; CATALUÑA           ; 08 ; Barcelona ; 121 ; MATARO ; RD JOAN PRIM, 9 0 ; 08302 ; Operativas ; 
BP ; BANCOS ; 0081 ; BANCO DE SABADELL, S.A. (0081) ; ES ; ESPAÑA ; 09 ; CATALUÑA           ; 08 ; Barcelona ; 123 ; MOLINS DE REI ; PZ POMPEU FABRA 1 ; 08750 ; Operativas ; 
BP ; BANCOS ; 0081 ; BANCO DE SABADELL, S.A. (0081) ; ES ; ESPAÑA ; 09 ; CATALUÑA           ; 08 ; Barcelona ; 123 ; MOLINS DE REI ; CL MERCAT 2 ; 08750 ; Operativas ; 
BP ; BANCOS ; 0081 ; BANCO DE SABADELL, S.A. (0081) ; ES ; ESPAÑA ; 09 ; CATALUÑA           ; 08 ; Barcelona ; 124 ; MOLLET DEL VALLÈS ; ZZ AVINGUDA JAUME I 2-4 ; 08100 ; Operativas ; 
BP ; BANCOS ; 0081 ; BANCO DE SABADELL, S.A. (0081) ; ES ; ESPAÑA ; 09 ; CATALUÑA           ; 08 ; Barcelona ; 125 ; MONTCADA I REIXAC ; ZZ MAJOR, 15 Y 17 0 ; 08110 ; Operativas ; 
BP ; BANCOS ; 0081 ; BANCO DE SABADELL, S.A. (0081) ; ES ; ESPAÑA ; 09 ; CATALUÑA           ; 08 ; Barcelona ; 136 ; MONTORNÈS DEL VALLÈS ; ZZ AVINGUDA 11 DE SETEMBRE, 2. 0 ; 08170 ; Operativas ; 
BP ; BANCOS ; 0081 ; BANCO DE SABADELL, S.A. (0081) ; ES ; ESPAÑA ; 09 ; CATALUÑA           ; 08 ; Barcelona ; 140 ; NAVARCLES ; PZ DE LA VILA 9 ; 08270 ; Operativas ; 
BP ; BANCOS ; 0081 ; BANCO DE SABADELL, S.A. (0081) ; ES ; ESPAÑA ; 09 ; CATALUÑA           ; 08 ; Barcelona ; 141 ; NAVÀS ; CR MANRESA-BERGA 36 ; 08670 ; Operativas ; 
BP ; BANCOS ; 0081 ; BANCO DE SABADELL, S.A. (0081) ; ES ; ESPAÑA ; 09 ; CATALUÑA           ; 08 ; Barcelona ; 147 ; OLESA DE MONTSERRAT ; CL ANSELM CLAVE 122 ; 08640 ; Operativas ; 
BP ; BANCOS ; 0081 ; BANCO DE SABADELL, S.A. (0081) ; ES ; ESPAÑA ; 09 ; CATALUÑA           ; 08 ; Barcelona ; 156 ; PALAU-SOLITÀ I PLEGAMANS ; ZZ AVDA. CATALUNYA, 225 0 ; 08184 ; Operativas ; 
BP ; BANCOS ; 0081 ; BANCO DE SABADELL, S.A. (0081) ; ES ; ESPAÑA ; 09 ; CATALUÑA           ; 08 ; Barcelona ; 157 ; PALLEJÀ ; CL PRAT DE LA RIBA 41 ; 08780 ; Operativas ; 
BP ; BANCOS ; 0081 ; BANCO DE SABADELL, S.A. (0081) ; ES ; ESPAÑA ; 09 ; CATALUÑA           ; 08 ; Barcelona ; 158 ; PAPIOL (EL) ; CL MAJOR 37 ; 08754 ; Operativas ; 
BP ; BANCOS ; 0081 ; BANCO DE SABADELL, S.A. (0081) ; ES ; ESPAÑA ; 09 ; CATALUÑA           ; 08 ; Barcelona ; 159 ; PARETS DEL VALLÈS ; ZZ PL. CAMP DE LES PECES, 1-2 0 ; 08150 ; Operativas ; 
BP ; BANCOS ; 0081 ; BANCO DE SABADELL, S.A. (0081) ; ES ; ESPAÑA ; 09 ; CATALUÑA           ; 08 ; Barcelona ; 161 ; PIERA ; CL SANT CRISTOFOL 23 ; 08720 ; Operativas ; 
BP ; BANCOS ; 0081 ; BANCO DE SABADELL, S.A. (0081) ; ES ; ESPAÑA ; 09 ; CATALUÑA           ; 08 ; Barcelona ; 163 ; PINEDA DE MAR ; ZZ MORAGAS I BARRET 63 0 ; 08397 ; Operativas ; 
BP ; BANCOS ; 0081 ; BANCO DE SABADELL, S.A. (0081) ; ES ; ESPAÑA ; 09 ; CATALUÑA           ; 08 ; Barcelona ; 164 ; PLA DEL PENEDÈS (EL) ; CL SANTS ABDO Y SENEN 21 ; 08733 ; Operativas ; 
BP ; BANCOS ; 0081 ; BANCO DE SABADELL, S.A. (0081) ; ES ; ESPAÑA ; 09 ; CATALUÑA           ; 08 ; Barcelona ; 167 ; POLINYÀ ; AV DE SENTMENAT, 101. 0 ; 08213 ; Operativas ; 
BP ; BANCOS ; 0081 ; BANCO DE SABADELL, S.A. (0081) ; ES ; ESPAÑA ; 09 ; CATALUÑA           ; 08 ; Barcelona ; 169 ; PRAT DE LLOBREGAT (EL) ; ZZ AVINGUDA VERGE DE MONTSERRAT, 122. 0 ; 08820 ; Operativas ; 
BP ; BANCOS ; 0081 ; BANCO DE SABADELL, S.A. (0081) ; ES ; ESPAÑA ; 09 ; CATALUÑA           ; 08 ; Barcelona ; 169 ; PRAT DE LLOBREGAT (EL) ; CL Canudas 5 ; 08820 ; Operativas ; 
BP ; BANCOS ; 0081 ; BANCO DE SABADELL, S.A. (0081) ; ES ; ESPAÑA ; 09 ; CATALUÑA           ; 08 ; Barcelona ; 169 ; PRAT DE LLOBREGAT (EL) ; PZ CATALUNYA 15 ; 08820 ; Operativas ; 
BP ; BANCOS ; 0081 ; BANCO DE SABADELL, S.A. (0081) ; ES ; ESPAÑA ; 09 ; CATALUÑA           ; 08 ; Barcelona ; 172 ; PREMIÀ DE MAR ; ZZ CARRER DE LA PLAÇA  C/V ENRIC GRANADOS 0 ; 08330 ; Operativas ; 
BP ; BANCOS ; 0081 ; BANCO DE SABADELL, S.A. (0081) ; ES ; ESPAÑA ; 09 ; CATALUÑA           ; 08 ; Barcelona ; 175 ; PUIG-REIG ; CL LLOBREGAT 8 ; 08692 ; Operativas ; 
BP ; BANCOS ; 0081 ; BANCO DE SABADELL, S.A. (0081) ; ES ; ESPAÑA ; 09 ; CATALUÑA           ; 08 ; Barcelona ; 180 ; RIPOLLET ; RB  SANT ESTEVE, 43, ESQ. PIZARRO 0 ; 08291 ; Operativas ; 
BP ; BANCOS ; 0081 ; BANCO DE SABADELL, S.A. (0081) ; ES ; ESPAÑA ; 09 ; CATALUÑA           ; 08 ; Barcelona ; 184 ; RUBI ; ZZ AVINGUDA BARCELONA, 21. 0 ; 08191 ; Operativas ; 
BP ; BANCOS ; 0081 ; BANCO DE SABADELL, S.A. (0081) ; ES ; ESPAÑA ; 09 ; CATALUÑA           ; 08 ; Barcelona ; 184 ; RUBI ; CL LLOBATERES S/N ; 08191 ; Operativas ; 
BP ; BANCOS ; 0081 ; BANCO DE SABADELL, S.A. (0081) ; ES ; ESPAÑA ; 09 ; CATALUÑA           ; 08 ; Barcelona ; 187 ; SABADELL ; AV Barberà 25 ; 08203 ; Operativas ; 
BP ; BANCOS ; 0081 ; BANCO DE SABADELL, S.A. (0081) ; ES ; ESPAÑA ; 09 ; CATALUÑA           ; 08 ; Barcelona ; 187 ; SABADELL ; ZZ PLAÇA DE CATALUNYA, 1. 0 ; 08201 ; Operativas ; 
BP ; BANCOS ; 0081 ; BANCO DE SABADELL, S.A. (0081) ; ES ; ESPAÑA ; 09 ; CATALUÑA           ; 08 ; Barcelona ; 187 ; SABADELL ; ZZ AVINGUDA DE MATADEPERA, 46. 0 ; 08207 ; Operativas ; 
BP ; BANCOS ; 0081 ; BANCO DE SABADELL, S.A. (0081) ; ES ; ESPAÑA ; 09 ; CATALUÑA           ; 08 ; Barcelona ; 187 ; SABADELL ; ZZ AVINGUDA DE BARBERA, 385. 0 ; 08204 ; Operativas ; 
BP ; BANCOS ; 0081 ; BANCO DE SABADELL, S.A. (0081) ; ES ; ESPAÑA ; 09 ; CATALUÑA           ; 08 ; Barcelona ; 187 ; SABADELL ; ZZ PLAÇA SANT ROC, 20. 0 ; 08201 ; Operativas ; 
BP ; BANCOS ; 0081 ; BANCO DE SABADELL, S.A. (0081) ; ES ; ESPAÑA ; 09 ; CATALUÑA           ; 08 ; Barcelona ; 187 ; SABADELL ; CL GUSTAVO ADOLFO BECQUER 117 ; 08206 ; Operativas ; 
BP ; BANCOS ; 0081 ; BANCO DE SABADELL, S.A. (0081) ; ES ; ESPAÑA ; 09 ; CATALUÑA           ; 08 ; Barcelona ; 187 ; SABADELL ; ZZ VIA MASSAGUE, 105. 0 ; 08201 ; Operativas ; 
BP ; BANCOS ; 0081 ; BANCO DE SABADELL, S.A. (0081) ; ES ; ESPAÑA ; 09 ; CATALUÑA           ; 08 ; Barcelona ; 187 ; SABADELL ; ZZ COROMINES, 7. 0 ; 08201 ; Operativas ; 
BP ; BANCOS ; 0081 ; BANCO DE SABADELL, S.A. (0081) ; ES ; ESPAÑA ; 09 ; CATALUÑA           ; 08 ; Barcelona ; 187 ; SABADELL ; ZZ PASSEIG BERNAT METGE, 73. 0 ; 08205 ; Operativas ; 
BP ; BANCOS ; 0081 ; BANCO DE SABADELL, S.A. (0081) ; ES ; ESPAÑA ; 09 ; CATALUÑA           ; 08 ; Barcelona ; 187 ; SABADELL ; ZZ PLAÇA SANT ROC, 20 0 ; 08201 ; Operativas ; 
BP ; BANCOS ; 0081 ; BANCO DE SABADELL, S.A. (0081) ; ES ; ESPAÑA ; 09 ; CATALUÑA           ; 08 ; Barcelona ; 191 ; SALLENT ; ZZ VERGE DEL PILAR 0 ; 08650 ; Operativas ; 
BP ; BANCOS ; 0081 ; BANCO DE SABADELL, S.A. (0081) ; ES ; ESPAÑA ; 09 ; CATALUÑA           ; 08 ; Barcelona ; 192 ; SANTPEDOR ; ZZ CTRA. DE NAVARCLES, 6 0 ; 08251 ; Operativas ; 
BP ; BANCOS ; 0081 ; BANCO DE SABADELL, S.A. (0081) ; ES ; ESPAÑA ; 09 ; CATALUÑA           ; 08 ; Barcelona ; 194 ; SANT ADRIÀ DE BESÒS ; AV DE CATALUNYA 10 ; 08930 ; Operativas ; 
BP ; BANCOS ; 0081 ; BANCO DE SABADELL, S.A. (0081) ; ES ; ESPAÑA ; 09 ; CATALUÑA           ; 08 ; Barcelona ; 194 ; SANT ADRIÀ DE BESÒS ; AV CATALUNYA 56 ; 08930 ; Operativas ; 
BP ; BANCOS ; 0081 ; BANCO DE SABADELL, S.A. (0081) ; ES ; ESPAÑA ; 09 ; CATALUÑA           ; 08 ; Barcelona ; 196 ; SANT ANDREU DE LA BARCA ; CL MAJOR 16 ; 08740 ; Operativas ; 
BP ; BANCOS ; 0081 ; BANCO DE SABADELL, S.A. (0081) ; ES ; ESPAÑA ; 09 ; CATALUÑA           ; 08 ; Barcelona ; 197 ; SANT ANDREU DE LLAVANERES ; CL MUNT 55 ; 08392 ; Operativas ; 
BP ; BANCOS ; 0081 ; BANCO DE SABADELL, S.A. (0081) ; ES ; ESPAÑA ; 09 ; CATALUÑA           ; 08 ; Barcelona ; 200 ; SANT BOI DE LLOBREGAT ; RD SANT RAMÓN 113 ; 08830 ; Operativas ; 
BP ; BANCOS ; 0081 ; BANCO DE SABADELL, S.A. (0081) ; ES ; ESPAÑA ; 09 ; CATALUÑA           ; 08 ; Barcelona ; 200 ; SANT BOI DE LLOBREGAT ; ZZ ONZE DE SETEMBRE,44 0 ; 08830 ; Operativas ; 
BP ; BANCOS ; 0081 ; BANCO DE SABADELL, S.A. (0081) ; ES ; ESPAÑA ; 09 ; CATALUÑA           ; 08 ; Barcelona ; 200 ; SANT BOI DE LLOBREGAT ; CL VENTURA I GASSOL 10-12 ; 08830 ; Operativas ; 
BP ; BANCOS ; 0081 ; BANCO DE SABADELL, S.A. (0081) ; ES ; ESPAÑA ; 09 ; CATALUÑA           ; 08 ; Barcelona ; 200 ; SANT BOI DE LLOBREGAT ; CL CARDENAL VIDAL I BARRAQUER 13 ; 08830 ; Operativas ; 
BP ; BANCOS ; 0081 ; BANCO DE SABADELL, S.A. (0081) ; ES ; ESPAÑA ; 09 ; CATALUÑA           ; 08 ; Barcelona ; 202 ; SANT CELONI ; CR VELLA, 89. 0 ; 08470 ; Operativas ; 
BP ; BANCOS ; 0081 ; BANCO DE SABADELL, S.A. (0081) ; ES ; ESPAÑA ; 09 ; CATALUÑA           ; 08 ; Barcelona ; 205 ; SANT CUGAT DEL VALLÈS ; RB RIBATALLADA, 8. 0 ; 08172 ; Operativas ; 
BP ; BANCOS ; 0081 ; BANCO DE SABADELL, S.A. (0081) ; ES ; ESPAÑA ; 09 ; CATALUÑA           ; 08 ; Barcelona ; 205 ; SANT CUGAT DEL VALLÈS ; AV RIUS I TAULET 5 ; 08172 ; Operativas ; 
BP ; BANCOS ; 0081 ; BANCO DE SABADELL, S.A. (0081) ; ES ; ESPAÑA ; 09 ; CATALUÑA           ; 08 ; Barcelona ; 205 ; SANT CUGAT DEL VALLÈS ; CL SENA 12 ; 08008 ; Operativas ; 
BP ; BANCOS ; 0081 ; BANCO DE SABADELL, S.A. (0081) ; ES ; ESPAÑA ; 09 ; CATALUÑA           ; 08 ; Barcelona ; 205 ; SANT CUGAT DEL VALLÈS ; PZ DE LA UNION, 1. 0 ; 08172 ; Operativas ; 
BP ; BANCOS ; 0081 ; BANCO DE SABADELL, S.A. (0081) ; ES ; ESPAÑA ; 09 ; CATALUÑA           ; 08 ; Barcelona ; 205 ; SANT CUGAT DEL VALLÈS ; ZZ PLAÇA D'OCTAVIA, 6. 0 ; 08172 ; Operativas ; 
BP ; BANCOS ; 0081 ; BANCO DE SABADELL, S.A. (0081) ; ES ; ESPAÑA ; 09 ; CATALUÑA           ; 08 ; Barcelona ; 208 ; SANT ESTEVE SESROVIRES ; CL SERAFI JULIA 3 ; 08635 ; Operativas ; 
BP ; BANCOS ; 0081 ; BANCO DE SABADELL, S.A. (0081) ; ES ; ESPAÑA ; 09 ; CATALUÑA           ; 08 ; Barcelona ; 210 ; SANT FELIU DE CODINES ; PZ  JOSEP UMBERT 9 ; 08182 ; Operativas ; 
BP ; BANCOS ; 0081 ; BANCO DE SABADELL, S.A. (0081) ; ES ; ESPAÑA ; 09 ; CATALUÑA           ; 08 ; Barcelona ; 211 ; SANT FELIU DE LLOBREGAT ; ZZ PLAÇA DE LA VILA, 1. 0 ; 08980 ; Operativas ; 
BP ; BANCOS ; 0081 ; BANCO DE SABADELL, S.A. (0081) ; ES ; ESPAÑA ; 09 ; CATALUÑA           ; 08 ; Barcelona ; 211 ; SANT FELIU DE LLOBREGAT ; CL MARQUESA DE CASTELLVELL 84 ; 08980 ; Operativas ; 
BP ; BANCOS ; 0081 ; BANCO DE SABADELL, S.A. (0081) ; ES ; ESPAÑA ; 09 ; CATALUÑA           ; 08 ; Barcelona ; 213 ; SANT FRUITOS DE BAGES ; ZZ CTRA. DE VIC, 2-4 0 ; 08272 ; Operativas ; 
BP ; BANCOS ; 0081 ; BANCO DE SABADELL, S.A. (0081) ; ES ; ESPAÑA ; 09 ; CATALUÑA           ; 08 ; Barcelona ; 214 ; VILASSAR DE DALT ; ZZ MANUEL MORENO, 8 0 ; 08339 ; Operativas ; 
BP ; BANCOS ; 0081 ; BANCO DE SABADELL, S.A. (0081) ; ES ; ESPAÑA ; 09 ; CATALUÑA           ; 08 ; Barcelona ; 217 ; SANT JOAN DESPI ; ZZ TORRENT D'EN NEGRE, 8. 0 ; 08970 ; Operativas ; 
BP ; BANCOS ; 0081 ; BANCO DE SABADELL, S.A. (0081) ; ES ; ESPAÑA ; 09 ; CATALUÑA           ; 08 ; Barcelona ; 217 ; SANT JOAN DESPI ; PZ ESPAÑA 4 ; 08970 ; Operativas ; 
BP ; BANCOS ; 0081 ; BANCO DE SABADELL, S.A. (0081) ; ES ; ESPAÑA ; 09 ; CATALUÑA           ; 08 ; Barcelona ; 218 ; SANT JOAN DE VILATORRADA ; CL MAJOR 38 ; 08250 ; Operativas ; 
BP ; BANCOS ; 0081 ; BANCO DE SABADELL, S.A. (0081) ; ES ; ESPAÑA ; 09 ; CATALUÑA           ; 08 ; Barcelona ; 219 ; VILASSAR DE MAR ; AV  ARQUITECTE EDUARD FERRES, 1 0 ; 08340 ; Operativas ; 
BP ; BANCOS ; 0081 ; BANCO DE SABADELL, S.A. (0081) ; ES ; ESPAÑA ; 09 ; CATALUÑA           ; 08 ; Barcelona ; 221 ; SANT JUST DESVERN ; ZZ BONAVISTA, 77 0 ; 08960 ; Operativas ; 
BP ; BANCOS ; 0081 ; BANCO DE SABADELL, S.A. (0081) ; ES ; ESPAÑA ; 09 ; CATALUÑA           ; 08 ; Barcelona ; 227 ; SANT MARTI SARROCA ; AV ANSELM CLAVE 63 ; 08731 ; Operativas ; 
BP ; BANCOS ; 0081 ; BANCO DE SABADELL, S.A. (0081) ; ES ; ESPAÑA ; 09 ; CATALUÑA           ; 08 ; Barcelona ; 231 ; SANT PERE DE RIBES ; CL CARRER NOU 16 ; 08810 ; Operativas ; 
BP ; BANCOS ; 0081 ; BANCO DE SABADELL, S.A. (0081) ; ES ; ESPAÑA ; 09 ; CATALUÑA           ; 08 ; Barcelona ; 231 ; SANT PERE DE RIBES ; CL SANT JORDI 6 ; 08812 ; Operativas ; 
BP ; BANCOS ; 0081 ; BANCO DE SABADELL, S.A. (0081) ; ES ; ESPAÑA ; 09 ; CATALUÑA           ; 08 ; Barcelona ; 232 ; SANT PERE DE RIUDEBITLLES ; PZ PLAZA DE L'ESGLESIA 2 ; 08776 ; Operativas ; 
BP ; BANCOS ; 0081 ; BANCO DE SABADELL, S.A. (0081) ; ES ; ESPAÑA ; 09 ; CATALUÑA           ; 08 ; Barcelona ; 236 ; SANT QUINTI DE MEDIONA ; PZ PLAZA PI I MARGALL 7 ; 08777 ; Operativas ; 
BP ; BANCOS ; 0081 ; BANCO DE SABADELL, S.A. (0081) ; ES ; ESPAÑA ; 09 ; CATALUÑA           ; 08 ; Barcelona ; 238 ; SANT QUIRZE DEL VALLÈS ; ZZ AVDA. CAMI DEL MAS, 2A 0 ; 08192 ; Operativas ; 
BP ; BANCOS ; 0081 ; BANCO DE SABADELL, S.A. (0081) ; ES ; ESPAÑA ; 09 ; CATALUÑA           ; 08 ; Barcelona ; 240 ; SANT SADURNI D'ANOIA ; ZZ PLAÇA DE L'AJUNTAMENT, 3. 0 ; 08770 ; Operativas ; 
BP ; BANCOS ; 0081 ; BANCO DE SABADELL, S.A. (0081) ; ES ; ESPAÑA ; 09 ; CATALUÑA           ; 08 ; Barcelona ; 244 ; SANTA COLOMA DE CERVELLO ; PZ CONSTITUCIÓ 9 ; 08690 ; Operativas ; 
BP ; BANCOS ; 0081 ; BANCO DE SABADELL, S.A. (0081) ; ES ; ESPAÑA ; 09 ; CATALUÑA           ; 08 ; Barcelona ; 245 ; SANTA COLOMA DE GRAMENET ; CL AMERICA 82 ; 08924 ; Operativas ; 
BP ; BANCOS ; 0081 ; BANCO DE SABADELL, S.A. (0081) ; ES ; ESPAÑA ; 09 ; CATALUÑA           ; 08 ; Barcelona ; 245 ; SANTA COLOMA DE GRAMENET ; RB SANT SEBASTIAN 32 ; 08922 ; Operativas ; 
BP ; BANCOS ; 0081 ; BANCO DE SABADELL, S.A. (0081) ; ES ; ESPAÑA ; 09 ; CATALUÑA           ; 08 ; Barcelona ; 245 ; SANTA COLOMA DE GRAMENET ; ZZ PASSEIG LLORENÇ SERRA, 5-7. 0 ; 08922 ; Operativas ; 
BP ; BANCOS ; 0081 ; BANCO DE SABADELL, S.A. (0081) ; ES ; ESPAÑA ; 09 ; CATALUÑA           ; 08 ; Barcelona ; 250 ; SANTA MARGARIDA DE MONTBUI ; CR VALLS 59 ; 08710 ; Operativas ; 
BP ; BANCOS ; 0081 ; BANCO DE SABADELL, S.A. (0081) ; ES ; ESPAÑA ; 09 ; CATALUÑA           ; 08 ; Barcelona ; 251 ; SANTA MARGARIDA I ELS MONJOS ; AV CATALUNYA 77 ; 08730 ; Operativas ; 
BP ; BANCOS ; 0081 ; BANCO DE SABADELL, S.A. (0081) ; ES ; ESPAÑA ; 09 ; CATALUÑA           ; 08 ; Barcelona ; 252 ; BARBERÀ DEL VALLÈS ; ZZ CTRA DE MOGODA, 1. LOCALS 7-8-9. 0 ; 08210 ; Operativas ; 
BP ; BANCOS ; 0081 ; BANCO DE SABADELL, S.A. (0081) ; ES ; ESPAÑA ; 09 ; CATALUÑA           ; 08 ; Barcelona ; 252 ; BARBERÀ DEL VALLÈS ; ZZ AVINGUDA DE LA GENERALITAT, 68. 0 ; 08210 ; Operativas ; 
BP ; BANCOS ; 0081 ; BANCO DE SABADELL, S.A. (0081) ; ES ; ESPAÑA ; 09 ; CATALUÑA           ; 08 ; Barcelona ; 260 ; SANTA PERPÈTUA DE MOGODA ; ZZ RAMBLA, 3 0 ; 08130 ; Operativas ; 
BP ; BANCOS ; 0081 ; BANCO DE SABADELL, S.A. (0081) ; ES ; ESPAÑA ; 09 ; CATALUÑA           ; 08 ; Barcelona ; 262 ; SANT VICENÇ DE CASTELLET ; CL GRAN 22-24 ; 08295 ; Operativas ; 
BP ; BANCOS ; 0081 ; BANCO DE SABADELL, S.A. (0081) ; ES ; ESPAÑA ; 09 ; CATALUÑA           ; 08 ; Barcelona ; 263 ; SANT VICENÇ DELS HORTS ; CL MOSSEN JACINT VERDAGUER 45-47 ; 08620 ; Operativas ; 
BP ; BANCOS ; 0081 ; BANCO DE SABADELL, S.A. (0081) ; ES ; ESPAÑA ; 09 ; CATALUÑA           ; 08 ; Barcelona ; 266 ; CERDANYOLA DEL VALLÈS ; AV DE CATALUNYA 37 ; 08290 ; Operativas ; 
BP ; BANCOS ; 0081 ; BANCO DE SABADELL, S.A. (0081) ; ES ; ESPAÑA ; 09 ; CATALUÑA           ; 08 ; Barcelona ; 266 ; CERDANYOLA DEL VALLÈS ; ZZ PL. DEL PI, 3 LOCAL C (BELLATERRA) 0 ; 08193 ; Operativas ; 
BP ; BANCOS ; 0081 ; BANCO DE SABADELL, S.A. (0081) ; ES ; ESPAÑA ; 09 ; CATALUÑA           ; 08 ; Barcelona ; 266 ; CERDANYOLA DEL VALLÈS ; ZZ PLAÇA FRANCESC LAYRET, 3. 0 ; 08290 ; Operativas ; 
BP ; BANCOS ; 0081 ; BANCO DE SABADELL, S.A. (0081) ; ES ; ESPAÑA ; 09 ; CATALUÑA           ; 08 ; Barcelona ; 267 ; SENTMENAT ; ZZ ANSELM CLAVE, S/N. 0 ; 08181 ; Operativas ; 
BP ; BANCOS ; 0081 ; BANCO DE SABADELL, S.A. (0081) ; ES ; ESPAÑA ; 09 ; CATALUÑA           ; 08 ; Barcelona ; 270 ; SITGES ; PZ CAP DE LA VILA 0 ; 08870 ; Operativas ; 
BP ; BANCOS ; 0081 ; BANCO DE SABADELL, S.A. (0081) ; ES ; ESPAÑA ; 09 ; CATALUÑA           ; 08 ; Barcelona ; 270 ; SITGES ; PS VILAFRANCA 16 ; 08870 ; Operativas ; 
BP ; BANCOS ; 0081 ; BANCO DE SABADELL, S.A. (0081) ; ES ; ESPAÑA ; 09 ; CATALUÑA           ; 08 ; Barcelona ; 274 ; SURIA ; CL SALVADOR VANCELL 7 ; 08260 ; Operativas ; 
BP ; BANCOS ; 0081 ; BANCO DE SABADELL, S.A. (0081) ; ES ; ESPAÑA ; 09 ; CATALUÑA           ; 08 ; Barcelona ; 279 ; TERRASSA ; ZZ CTRA. DE RELLINARS, 182. 0 ; 08225 ; Operativas ; 
BP ; BANCOS ; 0081 ; BANCO DE SABADELL, S.A. (0081) ; ES ; ESPAÑA ; 09 ; CATALUÑA           ; 08 ; Barcelona ; 279 ; TERRASSA ; ZZ RAVAL DE MONTSERRAT, 35. 0 ; 08221 ; Operativas ; 
BP ; BANCOS ; 0081 ; BANCO DE SABADELL, S.A. (0081) ; ES ; ESPAÑA ; 09 ; CATALUÑA           ; 08 ; Barcelona ; 279 ; TERRASSA ; ZZ AVINGUDA JAUME I, 319. 0 ; 08226 ; Operativas ; 
BP ; BANCOS ; 0081 ; BANCO DE SABADELL, S.A. (0081) ; ES ; ESPAÑA ; 09 ; CATALUÑA           ; 08 ; Barcelona ; 279 ; TERRASSA ; ZZ AVINGUDA ANGEL SALLENT, 121. 0 ; 08224 ; Operativas ; 
BP ; BANCOS ; 0081 ; BANCO DE SABADELL, S.A. (0081) ; ES ; ESPAÑA ; 09 ; CATALUÑA           ; 08 ; Barcelona ; 279 ; TERRASSA ; ZZ COLOM, 391 0 ; 08223 ; Operativas ; 
BP ; BANCOS ; 0081 ; BANCO DE SABADELL, S.A. (0081) ; ES ; ESPAÑA ; 09 ; CATALUÑA           ; 08 ; Barcelona ; 279 ; TERRASSA ; CR DE CASTELLAR, 7. 0 ; 08222 ; Operativas ; 
BP ; BANCOS ; 0081 ; BANCO DE SABADELL, S.A. (0081) ; ES ; ESPAÑA ; 09 ; CATALUÑA           ; 08 ; Barcelona ; 279 ; TERRASSA ; ZZ AVDA. BARCELONA, 134. 0 ; 08222 ; Operativas ; 
BP ; BANCOS ; 0081 ; BANCO DE SABADELL, S.A. (0081) ; ES ; ESPAÑA ; 09 ; CATALUÑA           ; 08 ; Barcelona ; 279 ; TERRASSA ; ZZ AVDA. JOSEP TARRADELLAS, 12 0 ; 08225 ; Operativas ; 
BP ; BANCOS ; 0081 ; BANCO DE SABADELL, S.A. (0081) ; ES ; ESPAÑA ; 09 ; CATALUÑA           ; 08 ; Barcelona ; 279 ; TERRASSA ; PZ DOCTOR CADEVALL 20 ; 08221 ; Operativas ; 
BP ; BANCOS ; 0081 ; BANCO DE SABADELL, S.A. (0081) ; ES ; ESPAÑA ; 09 ; CATALUÑA           ; 08 ; Barcelona ; 281 ; TEIÀ ; ZZ PASSEIG DE LA RIERA, 63 0 ; 08329 ; Operativas ; 
BP ; BANCOS ; 0081 ; BANCO DE SABADELL, S.A. (0081) ; ES ; ESPAÑA ; 09 ; CATALUÑA           ; 08 ; Barcelona ; 282 ; TIANA ; ZZ ISAAC ALBENIZ, 19-21 0 ; 08391 ; Operativas ; 
BP ; BANCOS ; 0081 ; BANCO DE SABADELL, S.A. (0081) ; ES ; ESPAÑA ; 09 ; CATALUÑA           ; 08 ; Barcelona ; 284 ; TORDERA ; ZZ CAMI RAL, 43-45 0 ; 08490 ; Operativas ; 
BP ; BANCOS ; 0081 ; BANCO DE SABADELL, S.A. (0081) ; ES ; ESPAÑA ; 09 ; CATALUÑA           ; 08 ; Barcelona ; 285 ; TORELLO ; PZ PLAÇA NOVA 16-17 ; 08570 ; Operativas ; 
BP ; BANCOS ; 0081 ; BANCO DE SABADELL, S.A. (0081) ; ES ; ESPAÑA ; 09 ; CATALUÑA           ; 08 ; Barcelona ; 295 ; VALLIRANA ; CL MAJOR 342 ; 08759 ; Operativas ; 
BP ; BANCOS ; 0081 ; BANCO DE SABADELL, S.A. (0081) ; ES ; ESPAÑA ; 09 ; CATALUÑA           ; 08 ; Barcelona ; 298 ; VIC ; RB RAMBLA DEL CARME 1 ; 08500 ; Operativas ; 
BP ; BANCOS ; 0081 ; BANCO DE SABADELL, S.A. (0081) ; ES ; ESPAÑA ; 09 ; CATALUÑA           ; 08 ; Barcelona ; 298 ; VIC ; RB HOSPITAL 6 0 ; 08500 ; Operativas ; 
BP ; BANCOS ; 0081 ; BANCO DE SABADELL, S.A. (0081) ; ES ; ESPAÑA ; 09 ; CATALUÑA           ; 08 ; Barcelona ; 301 ; VILADECANS ; CL ANTIGA RIERA 11 ; 08840 ; Operativas ; 
BP ; BANCOS ; 0081 ; BANCO DE SABADELL, S.A. (0081) ; ES ; ESPAÑA ; 09 ; CATALUÑA           ; 08 ; Barcelona ; 301 ; VILADECANS ; CL DR.REIG 62 ; 08840 ; Operativas ; 
BP ; BANCOS ; 0081 ; BANCO DE SABADELL, S.A. (0081) ; ES ; ESPAÑA ; 09 ; CATALUÑA           ; 08 ; Barcelona ; 302 ; VILANOVA DEL CAMI ; CL VERGE DE MONTSERRAT 17 ; 08788 ; Operativas ; 
BP ; BANCOS ; 0081 ; BANCO DE SABADELL, S.A. (0081) ; ES ; ESPAÑA ; 09 ; CATALUÑA           ; 08 ; Barcelona ; 305 ; VILAFRANCA DEL PENEDÈS ; CL RAMBLA NOSTRA SENYORA 2-4 ; 08720 ; Operativas ; 
BP ; BANCOS ; 0081 ; BANCO DE SABADELL, S.A. (0081) ; ES ; ESPAÑA ; 09 ; CATALUÑA           ; 08 ; Barcelona ; 305 ; VILAFRANCA DEL PENEDÈS ; RB DE LA GIRADA 16-20 ; 08720 ; Operativas ; 
BP ; BANCOS ; 0081 ; BANCO DE SABADELL, S.A. (0081) ; ES ; ESPAÑA ; 09 ; CATALUÑA           ; 08 ; Barcelona ; 307 ; VILANOVA I LA GELTRU ; AV FRANCESC MACIÀ 8 ; 08800 ; Operativas ; 
BP ; BANCOS ; 0081 ; BANCO DE SABADELL, S.A. (0081) ; ES ; ESPAÑA ; 09 ; CATALUÑA           ; 08 ; Barcelona ; 307 ; VILANOVA I LA GELTRU ; CL AIGUA 121 ; 08800 ; Operativas ; 
BP ; BANCOS ; 0081 ; BANCO DE SABADELL, S.A. (0081) ; ES ; ESPAÑA ; 09 ; CATALUÑA           ; 08 ; Barcelona ; 307 ; VILANOVA I LA GELTRU ; PZ DE LA VILA 14 ; 08800 ; Operativas ; 
BP ; BANCOS ; 0081 ; BANCO DE SABADELL, S.A. (0081) ; ES ; ESPAÑA ; 09 ; CATALUÑA           ; 08 ; Barcelona ; 902 ; VILANOVA DEL VALLÈS ; ZZ PZA. FREDERIC MOMPOU, 3 0 ; 08410 ; Operativas ; 
BP ; BANCOS ; 0081 ; BANCO DE SABADELL, S.A. (0081) ; ES ; ESPAÑA ; 09 ; CATALUÑA           ; 08 ; Barcelona ; 904 ; BADIA DEL VALLÈS ; PZ MAYOR, local 1-12 0 ; 08214 ; Operativas ; 
BP ; BANCOS ; 0081 ; BANCO DE SABADELL, S.A. (0081) ; ES ; ESPAÑA ; 09 ; CATALUÑA           ; 17 ; Girona ; 009 ; ARBUCIES ; ZZ FRANCESC CAMPRODON,14 0 ; 17401 ; Operativas ; 
BP ; BANCOS ; 0081 ; BANCO DE SABADELL, S.A. (0081) ; ES ; ESPAÑA ; 09 ; CATALUÑA           ; 17 ; Girona ; 013 ; BEGUR ; PZ DE LA VILA, 2. 0 ; 17255 ; Operativas ; 
BP ; BANCOS ; 0081 ; BANCO DE SABADELL, S.A. (0081) ; ES ; ESPAÑA ; 09 ; CATALUÑA           ; 17 ; Girona ; 015 ; BANYOLES ; PS DE LA INDUSTRIA, 14. 0 ; 17820 ; Operativas ; 
BP ; BANCOS ; 0081 ; BANCO DE SABADELL, S.A. (0081) ; ES ; ESPAÑA ; 09 ; CATALUÑA           ; 17 ; Girona ; 015 ; BANYOLES ; CL DOCTOR HISERN 4 ; 17820 ; Operativas ; 
BP ; BANCOS ; 0081 ; BANCO DE SABADELL, S.A. (0081) ; ES ; ESPAÑA ; 09 ; CATALUÑA           ; 17 ; Girona ; 022 ; BISBAL D'EMPORDÀ (LA) ; ZZ LES VOLTES, 31 0 ; 17100 ; Operativas ; 
BP ; BANCOS ; 0081 ; BANCO DE SABADELL, S.A. (0081) ; ES ; ESPAÑA ; 09 ; CATALUÑA           ; 17 ; Girona ; 023 ; BLANES ; ZZ JOAQUIN RUYRA, 77. 0 ; 17300 ; Operativas ; 
BP ; BANCOS ; 0081 ; BANCO DE SABADELL, S.A. (0081) ; ES ; ESPAÑA ; 09 ; CATALUÑA           ; 17 ; Girona ; 023 ; BLANES ; RB Joaquim Ruyra 38 ; 17300 ; Operativas ; 
BP ; BANCOS ; 0081 ; BANCO DE SABADELL, S.A. (0081) ; ES ; ESPAÑA ; 09 ; CATALUÑA           ; 17 ; Girona ; 039 ; CAMPRODON ; PZ CESAR AUGUST TORRES 1 ; 17867 ; Operativas ; 
BP ; BANCOS ; 0081 ; BANCO DE SABADELL, S.A. (0081) ; ES ; ESPAÑA ; 09 ; CATALUÑA           ; 17 ; Girona ; 044 ; CASSÀ DE LA SELVA ; ZZ PASSEIG VILARET, 30. 0 ; 17244 ; Operativas ; 
BP ; BANCOS ; 0081 ; BANCO DE SABADELL, S.A. (0081) ; ES ; ESPAÑA ; 09 ; CATALUÑA           ; 17 ; Girona ; 047 ; CASTELLO D'EMPURIES ; AV  PAU CASALS, 54 0 ; 17486 ; Operativas ; 
BP ; BANCOS ; 0081 ; BANCO DE SABADELL, S.A. (0081) ; ES ; ESPAÑA ; 09 ; CATALUÑA           ; 17 ; Girona ; 047 ; CASTELLO D'EMPURIES ; ZZ (EMPURIA BRAVA) POBLAT TIPIC LLETRA, 5.. 0 ; 17487 ; Operativas ; 
BP ; BANCOS ; 0081 ; BANCO DE SABADELL, S.A. (0081) ; ES ; ESPAÑA ; 09 ; CATALUÑA           ; 17 ; Girona ; 048 ; CASTELL-PLATJA D'ARO ; AV DE CASTELL D'ARO 13 ; 17250 ; Operativas ; 
BP ; BANCOS ; 0081 ; BANCO DE SABADELL, S.A. (0081) ; ES ; ESPAÑA ; 09 ; CATALUÑA           ; 17 ; Girona ; 049 ; CELRÀ ; ZZ CTRA. DE PALAMOS, 107-109 0 ; 17460 ; Operativas ; 
BP ; BANCOS ; 0081 ; BANCO DE SABADELL, S.A. (0081) ; ES ; ESPAÑA ; 09 ; CATALUÑA           ; 17 ; Girona ; 062 ; ESCALA (L') ; CL AVE MARIA 36 ; 17130 ; Operativas ; 
BP ; BANCOS ; 0081 ; BANCO DE SABADELL, S.A. (0081) ; ES ; ESPAÑA ; 09 ; CATALUÑA           ; 17 ; Girona ; 066 ; FIGUERES ; ZZ LA RAMBLA 22 ; 17600 ; Operativas ; 
BP ; BANCOS ; 0081 ; BANCO DE SABADELL, S.A. (0081) ; ES ; ESPAÑA ; 09 ; CATALUÑA           ; 17 ; Girona ; 066 ; FIGUERES ; CL RUTLLA 29 ; 17600 ; Operativas ; 
BP ; BANCOS ; 0081 ; BANCO DE SABADELL, S.A. (0081) ; ES ; ESPAÑA ; 09 ; CATALUÑA           ; 17 ; Girona ; 079 ; GIRONA ; ZZ PL. JOSEP PLA, 5 0 ; 17001 ; Operativas ; 
BP ; BANCOS ; 0081 ; BANCO DE SABADELL, S.A. (0081) ; ES ; ESPAÑA ; 09 ; CATALUÑA           ; 17 ; Girona ; 079 ; GIRONA ; ZZ ALFRED NOBEL, 1-3 0 ; 17007 ; Operativas ; 
BP ; BANCOS ; 0081 ; BANCO DE SABADELL, S.A. (0081) ; ES ; ESPAÑA ; 09 ; CATALUÑA           ; 17 ; Girona ; 079 ; GIRONA ; ZZ PLAÇA JOSEP PLA, 5. 0 ; 17001 ; Operativas ; 
BP ; BANCOS ; 0081 ; BANCO DE SABADELL, S.A. (0081) ; ES ; ESPAÑA ; 09 ; CATALUÑA           ; 17 ; Girona ; 079 ; GIRONA ; ZZ Major, 49-53 49 ; 17190 ; Operativas ; 
BP ; BANCOS ; 0081 ; BANCO DE SABADELL, S.A. (0081) ; ES ; ESPAÑA ; 09 ; CATALUÑA           ; 17 ; Girona ; 079 ; GIRONA ; PZ MARQUES DE CAMPS 12 ; 17001 ; Operativas ; 
BP ; BANCOS ; 0081 ; BANCO DE SABADELL, S.A. (0081) ; ES ; ESPAÑA ; 09 ; CATALUÑA           ; 17 ; Girona ; 079 ; GIRONA ; ZZ Emili Grahit 49 ; 17002 ; Operativas ; 
BP ; BANCOS ; 0081 ; BANCO DE SABADELL, S.A. (0081) ; ES ; ESPAÑA ; 09 ; CATALUÑA           ; 17 ; Girona ; 083 ; HOSTALRIC ; AV  CORONEL ESTRADA, 124 0 ; 17450 ; Operativas ; 
BP ; BANCOS ; 0081 ; BANCO DE SABADELL, S.A. (0081) ; ES ; ESPAÑA ; 09 ; CATALUÑA           ; 17 ; Girona ; 089 ; LLAGOSTERA ; ZZ FIVALLER, 9-11 0 ; 17240 ; Operativas ; 
BP ; BANCOS ; 0081 ; BANCO DE SABADELL, S.A. (0081) ; ES ; ESPAÑA ; 09 ; CATALUÑA           ; 17 ; Girona ; 092 ; LLANÇÀ ; PZ MAJOR 5 ; 17490 ; Operativas ; 
BP ; BANCOS ; 0081 ; BANCO DE SABADELL, S.A. (0081) ; ES ; ESPAÑA ; 09 ; CATALUÑA           ; 17 ; Girona ; 095 ; LLORET DE MAR ; ZZ SANT PERE, 7. 0 ; 17310 ; Operativas ; 
BP ; BANCOS ; 0081 ; BANCO DE SABADELL, S.A. (0081) ; ES ; ESPAÑA ; 09 ; CATALUÑA           ; 17 ; Girona ; 114 ; OLOT ; ZZ PASSEIG D'EN BLAY, 6 0 ; 17800 ; Operativas ; 
BP ; BANCOS ; 0081 ; BANCO DE SABADELL, S.A. (0081) ; ES ; ESPAÑA ; 09 ; CATALUÑA           ; 17 ; Girona ; 117 ; PALAFRUGELL ; ZZ CAVALLERS, 1 0 ; 17200 ; Operativas ; 
BP ; BANCOS ; 0081 ; BANCO DE SABADELL, S.A. (0081) ; ES ; ESPAÑA ; 09 ; CATALUÑA           ; 17 ; Girona ; 118 ; PALAMOS ; ZZ ONZE DE SETEMBRE, 24. 0 ; 17230 ; Operativas ; 
BP ; BANCOS ; 0081 ; BANCO DE SABADELL, S.A. (0081) ; ES ; ESPAÑA ; 09 ; CATALUÑA           ; 17 ; Girona ; 141 ; PUIGCERDÀ ; PZ SANTA MARIA 13 ; 17520 ; Operativas ; 
BP ; BANCOS ; 0081 ; BANCO DE SABADELL, S.A. (0081) ; ES ; ESPAÑA ; 09 ; CATALUÑA           ; 17 ; Girona ; 147 ; RIPOLL ; ZZ MOSSEN J VERDAGUER 15 0 ; 17500 ; Operativas ; 
BP ; BANCOS ; 0081 ; BANCO DE SABADELL, S.A. (0081) ; ES ; ESPAÑA ; 09 ; CATALUÑA           ; 17 ; Girona ; 152 ; ROSES ; ZZ AVINGUDA RHODE, 233. 0 ; 17480 ; Operativas ; 
BP ; BANCOS ; 0081 ; BANCO DE SABADELL, S.A. (0081) ; ES ; ESPAÑA ; 09 ; CATALUÑA           ; 17 ; Girona ; 160 ; SANT FELIU DE GUIXOLS ; RB VIDAL 16 0 ; 17220 ; Operativas ; 
BP ; BANCOS ; 0081 ; BANCO DE SABADELL, S.A. (0081) ; ES ; ESPAÑA ; 09 ; CATALUÑA           ; 17 ; Girona ; 180 ; SANTA COLOMA DE FARNERS ; ZZ PARE RODES, 4 0 ; 17430 ; Operativas ; 
BP ; BANCOS ; 0081 ; BANCO DE SABADELL, S.A. (0081) ; ES ; ESPAÑA ; 09 ; CATALUÑA           ; 17 ; Girona ; 193 ; SILS ; PS  SANTS COSME I DAMIA, 5 0 ; 17410 ; Operativas ; 
BP ; BANCOS ; 0081 ; BANCO DE SABADELL, S.A. (0081) ; ES ; ESPAÑA ; 09 ; CATALUÑA           ; 17 ; Girona ; 199 ; TORROELLA DE MONTGRI ; ZZ PASSEIG CATALUNYA 69 ; 17257 ; Operativas ; 
BP ; BANCOS ; 0081 ; BANCO DE SABADELL, S.A. (0081) ; ES ; ESPAÑA ; 09 ; CATALUÑA           ; 17 ; Girona ; 199 ; TORROELLA DE MONTGRI ; AV  GRECIA, 10 0 ; 17258 ; Operativas ; 
BP ; BANCOS ; 0081 ; BANCO DE SABADELL, S.A. (0081) ; ES ; ESPAÑA ; 09 ; CATALUÑA           ; 17 ; Girona ; 202 ; TOSSA DE MAR ; AV COSTA BRAVA 8 ; 17320 ; Operativas ; 
BP ; BANCOS ; 0081 ; BANCO DE SABADELL, S.A. (0081) ; ES ; ESPAÑA ; 09 ; CATALUÑA           ; 25 ; Lleida ; 003 ; AGRAMUNT ; CL ANGEL GUIMERA 17 ; 25310 ; Operativas ; 
BP ; BANCOS ; 0081 ; BANCO DE SABADELL, S.A. (0081) ; ES ; ESPAÑA ; 09 ; CATALUÑA           ; 25 ; Lleida ; 011 ; ALCARRÀS ; CL MAJOR 85 ; 25180 ; Operativas ; 
BP ; BANCOS ; 0081 ; BANCO DE SABADELL, S.A. (0081) ; ES ; ESPAÑA ; 09 ; CATALUÑA           ; 25 ; Lleida ; 019 ; ALMACELLES ; CL MAYOR 34 ; 25100 ; Operativas ; 
BP ; BANCOS ; 0081 ; BANCO DE SABADELL, S.A. (0081) ; ES ; ESPAÑA ; 09 ; CATALUÑA           ; 25 ; Lleida ; 040 ; BALAGUER ; CL PAU CASALS 13 ; 25600 ; Operativas ; 
BP ; BANCOS ; 0081 ; BANCO DE SABADELL, S.A. (0081) ; ES ; ESPAÑA ; 09 ; CATALUÑA           ; 25 ; Lleida ; 050 ; BELLPUIG ; ZZ A. URGELL, ESQ. PONENT, S/N 0 ; 25250 ; Operativas ; 
BP ; BANCOS ; 0081 ; BANCO DE SABADELL, S.A. (0081) ; ES ; ESPAÑA ; 09 ; CATALUÑA           ; 25 ; Lleida ; 058 ; BORGES BLANQUES (LES) ; ZZ ENSENYANÇA, 4.(PASSEIG DEL TERRALL) 0 ; 25400 ; Operativas ; 
BP ; BANCOS ; 0081 ; BANCO DE SABADELL, S.A. (0081) ; ES ; ESPAÑA ; 09 ; CATALUÑA           ; 25 ; Lleida ; 072 ; CERVERA ; AV CATALUNYA 17 ; 25200 ; Operativas ; 
BP ; BANCOS ; 0081 ; BANCO DE SABADELL, S.A. (0081) ; ES ; ESPAÑA ; 09 ; CATALUÑA           ; 25 ; Lleida ; 120 ; LLEIDA ; RB FERRAN, 2(EMPRESAS) 0 ; 25007 ; Operativas ; 
BP ; BANCOS ; 0081 ; BANCO DE SABADELL, S.A. (0081) ; ES ; ESPAÑA ; 09 ; CATALUÑA           ; 25 ; Lleida ; 120 ; LLEIDA ; RB FERRAN, 2 0 ; 25007 ; Operativas ; 
BP ; BANCOS ; 0081 ; BANCO DE SABADELL, S.A. (0081) ; ES ; ESPAÑA ; 09 ; CATALUÑA           ; 25 ; Lleida ; 120 ; LLEIDA ; AV Av. Catalunya 17 ; 25002 ; Operativas ; 
BP ; BANCOS ; 0081 ; BANCO DE SABADELL, S.A. (0081) ; ES ; ESPAÑA ; 09 ; CATALUÑA           ; 25 ; Lleida ; 120 ; LLEIDA ; ZZ MINERIA, S-N   "AREA NIU" P. IND. SEGRE 0 ; 25191 ; Operativas ; 
BP ; BANCOS ; 0081 ; BANCO DE SABADELL, S.A. (0081) ; ES ; ESPAÑA ; 09 ; CATALUÑA           ; 25 ; Lleida ; 120 ; LLEIDA ; AV  PRAT DE LA RIBA, 21 0 ; 25006 ; Operativas ; 
BP ; BANCOS ; 0081 ; BANCO DE SABADELL, S.A. (0081) ; ES ; ESPAÑA ; 09 ; CATALUÑA           ; 25 ; Lleida ; 120 ; LLEIDA ; PS  GRAN PASSEIG RONDA, 82-84 0 ; 25006 ; Operativas ; 
BP ; BANCOS ; 0081 ; BANCO DE SABADELL, S.A. (0081) ; ES ; ESPAÑA ; 09 ; CATALUÑA           ; 25 ; Lleida ; 120 ; LLEIDA ; CL BARO DE MAIALS 38 ; 25005 ; Operativas ; 
BP ; BANCOS ; 0081 ; BANCO DE SABADELL, S.A. (0081) ; ES ; ESPAÑA ; 09 ; CATALUÑA           ; 25 ; Lleida ; 120 ; LLEIDA ; AV  D'ARTESA, 14 0 ; 25001 ; Operativas ; 
BP ; BANCOS ; 0081 ; BANCO DE SABADELL, S.A. (0081) ; ES ; ESPAÑA ; 09 ; CATALUÑA           ; 25 ; Lleida ; 137 ; MOLLERUSSA ; PZ MAJOR 6 ; 25230 ; Operativas ; 
BP ; BANCOS ; 0081 ; BANCO DE SABADELL, S.A. (0081) ; ES ; ESPAÑA ; 09 ; CATALUÑA           ; 25 ; Lleida ; 203 ; SEU D'URGELL (LA) ; PS JOAN BRUDIEU 21 ; 25700 ; Operativas ; 
BP ; BANCOS ; 0081 ; BANCO DE SABADELL, S.A. (0081) ; ES ; ESPAÑA ; 09 ; CATALUÑA           ; 25 ; Lleida ; 207 ; SOLSONA ; ZZ PLAÇA DEL PONT S/N 0 ; 25280 ; Operativas ; 
BP ; BANCOS ; 0081 ; BANCO DE SABADELL, S.A. (0081) ; ES ; ESPAÑA ; 09 ; CATALUÑA           ; 25 ; Lleida ; 217 ; TÀRREGA ; ZZ PLAÇA DEL CARME, 5 Local Dreta 0 ; 25300 ; Operativas ; 
BP ; BANCOS ; 0081 ; BANCO DE SABADELL, S.A. (0081) ; ES ; ESPAÑA ; 09 ; CATALUÑA           ; 25 ; Lleida ; 217 ; TÀRREGA ; PZ PLAÇA DEL CARME, 5 Esquerra 5 ; 25300 ; Operativas ; 
BP ; BANCOS ; 0081 ; BANCO DE SABADELL, S.A. (0081) ; ES ; ESPAÑA ; 09 ; CATALUÑA           ; 25 ; Lleida ; 234 ; TREMP ; ZZ PLAÇA DE LA CREU, 13 0 ; 25620 ; Operativas ; 
BP ; BANCOS ; 0081 ; BANCO DE SABADELL, S.A. (0081) ; ES ; ESPAÑA ; 09 ; CATALUÑA           ; 25 ; Lleida ; 243 ; VIELHA E MIJARAN ; ZZ AVDA. CASTIERO, 13-15 0 ; 25530 ; Operativas ; 
BP ; BANCOS ; 0081 ; BANCO DE SABADELL, S.A. (0081) ; ES ; ESPAÑA ; 09 ; CATALUÑA           ; 43 ; Tarragona ; 014 ; AMPOSTA ; ZZ AVINGUDA DE LA RAPITA, 51. 0 ; 43870 ; Operativas ; 
BP ; BANCOS ; 0081 ; BANCO DE SABADELL, S.A. (0081) ; ES ; ESPAÑA ; 09 ; CATALUÑA           ; 43 ; Tarragona ; 037 ; CALAFELL ; CL SANT PERE 19 ; 43820 ; Operativas ; 
BP ; BANCOS ; 0081 ; BANCO DE SABADELL, S.A. (0081) ; ES ; ESPAÑA ; 09 ; CATALUÑA           ; 43 ; Tarragona ; 038 ; CAMBRILS ; RB JAUME I 53 ; 43850 ; Operativas ; 
BP ; BANCOS ; 0081 ; BANCO DE SABADELL, S.A. (0081) ; ES ; ESPAÑA ; 09 ; CATALUÑA           ; 43 ; Tarragona ; 051 ; CUNIT ; AV AVDA DE BARCELONA 58 ; 43881 ; Operativas ; 
BP ; BANCOS ; 0081 ; BANCO DE SABADELL, S.A. (0081) ; ES ; ESPAÑA ; 09 ; CATALUÑA           ; 43 ; Tarragona ; 055 ; FALSET ; ZZ MIQUEL VARCELO, 23 0 ; 43730 ; Operativas ; 
BP ; BANCOS ; 0081 ; BANCO DE SABADELL, S.A. (0081) ; ES ; ESPAÑA ; 09 ; CATALUÑA           ; 43 ; Tarragona ; 086 ; MONTBLANC ; CL RIBER 27 ; 43400 ; Operativas ; 
BP ; BANCOS ; 0081 ; BANCO DE SABADELL, S.A. (0081) ; ES ; ESPAÑA ; 09 ; CATALUÑA           ; 43 ; Tarragona ; 092 ; MONTROIG DEL CAMP ; AV PARIS ESQ. AV. BARCELONA, 16-18 0 ; 43892 ; Operativas ; 
BP ; BANCOS ; 0081 ; BANCO DE SABADELL, S.A. (0081) ; ES ; ESPAÑA ; 09 ; CATALUÑA           ; 43 ; Tarragona ; 093 ; MORA D'EBRE ; AV DE LES COMARQUES CATALANES, 8 0 ; 43740 ; Operativas ; 
BP ; BANCOS ; 0081 ; BANCO DE SABADELL, S.A. (0081) ; ES ; ESPAÑA ; 09 ; CATALUÑA           ; 43 ; Tarragona ; 123 ; REUS ; AV  PRAT DE LA RIBA, 43 0 ; 43201 ; Operativas ; 
BP ; BANCOS ; 0081 ; BANCO DE SABADELL, S.A. (0081) ; ES ; ESPAÑA ; 09 ; CATALUÑA           ; 43 ; Tarragona ; 123 ; REUS ; AV Av. Prat de la Riba 45 ; 43201 ; Operativas ; 
BP ; BANCOS ; 0081 ; BANCO DE SABADELL, S.A. (0081) ; ES ; ESPAÑA ; 09 ; CATALUÑA           ; 43 ; Tarragona ; 136 ; SANT CARLES DE LA RÀPITA ; CL SANT ISIDRE 84 ; 43540 ; Operativas ; 
BP ; BANCOS ; 0081 ; BANCO DE SABADELL, S.A. (0081) ; ES ; ESPAÑA ; 09 ; CATALUÑA           ; 43 ; Tarragona ; 139 ; SANTA COLOMA DE QUERALT ; CL MARXANTS 1 ; 43420 ; Operativas ; 
BP ; BANCOS ; 0081 ; BANCO DE SABADELL, S.A. (0081) ; ES ; ESPAÑA ; 09 ; CATALUÑA           ; 43 ; Tarragona ; 148 ; TARRAGONA ; CL BARRI S.PERE I S.PAU BLOQ.S,TOMAS LOC.4 S/N ; 43007 ; Operativas ; 
BP ; BANCOS ; 0081 ; BANCO DE SABADELL, S.A. (0081) ; ES ; ESPAÑA ; 09 ; CATALUÑA           ; 43 ; Tarragona ; 148 ; TARRAGONA ; RB NOVA 62 ; 43004 ; Operativas ; 
BP ; BANCOS ; 0081 ; BANCO DE SABADELL, S.A. (0081) ; ES ; ESPAÑA ; 09 ; CATALUÑA           ; 43 ; Tarragona ; 148 ; TARRAGONA ; CL D'ANTONI ROVIRA I VIRGILI 5 ; 43001 ; Operativas ; 
BP ; BANCOS ; 0081 ; BANCO DE SABADELL, S.A. (0081) ; ES ; ESPAÑA ; 09 ; CATALUÑA           ; 43 ; Tarragona ; 148 ; TARRAGONA ; ZZ ANTONI ROVIRA I VIRGILI, 5 0 ; 43002 ; Operativas ; 
BP ; BANCOS ; 0081 ; BANCO DE SABADELL, S.A. (0081) ; ES ; ESPAÑA ; 09 ; CATALUÑA           ; 43 ; Tarragona ; 148 ; TARRAGONA ; CL PERE MARTELL 45-47 ; 43005 ; Operativas ; 
BP ; BANCOS ; 0081 ; BANCO DE SABADELL, S.A. (0081) ; ES ; ESPAÑA ; 09 ; CATALUÑA           ; 43 ; Tarragona ; 153 ; TORREDEMBARRA ; PS DE LA SORT 23 ; 43830 ; Operativas ; 
BP ; BANCOS ; 0081 ; BANCO DE SABADELL, S.A. (0081) ; ES ; ESPAÑA ; 09 ; CATALUÑA           ; 43 ; Tarragona ; 155 ; TORTOSA ; PZ ALFONSO XII 3 ; 43500 ; Operativas ; 
BP ; BANCOS ; 0081 ; BANCO DE SABADELL, S.A. (0081) ; ES ; ESPAÑA ; 09 ; CATALUÑA           ; 43 ; Tarragona ; 161 ; VALLS ; ZZ JAUME MERCADÉ 6 ; 43800 ; Operativas ; 
BP ; BANCOS ; 0081 ; BANCO DE SABADELL, S.A. (0081) ; ES ; ESPAÑA ; 09 ; CATALUÑA           ; 43 ; Tarragona ; 161 ; VALLS ; PS DE L'ESTACIÓ 5 ; 43800 ; Operativas ; 
BP ; BANCOS ; 0081 ; BANCO DE SABADELL, S.A. (0081) ; ES ; ESPAÑA ; 09 ; CATALUÑA           ; 43 ; Tarragona ; 163 ; VENDRELL (EL) ; ZZ DOCTOR ROBERT, 1 0 ; 43700 ; Operativas ; 
BP ; BANCOS ; 0081 ; BANCO DE SABADELL, S.A. (0081) ; ES ; ESPAÑA ; 09 ; CATALUÑA           ; 43 ; Tarragona ; 171 ; VILA-SECA ; RB CATALUNYA, 4. 0 ; 43480 ; Operativas ; 
BP ; BANCOS ; 0081 ; BANCO DE SABADELL, S.A. (0081) ; ES ; ESPAÑA ; 09 ; CATALUÑA           ; 43 ; Tarragona ; 171 ; VILA-SECA ; ZZ (EN SALOU) BARCELONA, 21 0 ; 43840 ; Operativas ; 
BP ; BANCOS ; 0083 ; RENTA 4 BANCO, S.A. (0083) ; ES ; ESPAÑA ; 09 ; CATALUÑA           ; 08 ; Barcelona ; 019 ; BARCELONA ; CL GRAN VIA DE LES CORTS CATALANES 655 ; 08010 ; Operativas ; 
BP ; BANCOS ; 0083 ; RENTA 4 BANCO, S.A. (0083) ; ES ; ESPAÑA ; 09 ; CATALUÑA           ; 08 ; Barcelona ; 019 ; BARCELONA ; AV DIAGONAL 459 ; 08036 ; Operativas ; 
BP ; BANCOS ; 0083 ; RENTA 4 BANCO, S.A. (0083) ; ES ; ESPAÑA ; 09 ; CATALUÑA           ; 08 ; Barcelona ; 187 ; SABADELL ; CL TRES CREUS 87 ; 08202 ; Operativas ; 
BP ; BANCOS ; 0083 ; RENTA 4 BANCO, S.A. (0083) ; ES ; ESPAÑA ; 09 ; CATALUÑA           ; 08 ; Barcelona ; 279 ; TERRASSA ; CL SANT LEOPOLD 126 ; 08221 ; Operativas ; 
BP ; BANCOS ; 0083 ; RENTA 4 BANCO, S.A. (0083) ; ES ; ESPAÑA ; 09 ; CATALUÑA           ; 17 ; Girona ; 079 ; GIRONA ; CL RAMBLA NOVA 115 ; 17001 ; Operativas ; 
BP ; BANCOS ; 0083 ; RENTA 4 BANCO, S.A. (0083) ; ES ; ESPAÑA ; 09 ; CATALUÑA           ; 25 ; Lleida ; 120 ; LLEIDA ; AV ALCALDE ROVIRA ROURE 19 ; 25006 ; Operativas ; 
BP ; BANCOS ; 0083 ; RENTA 4 BANCO, S.A. (0083) ; ES ; ESPAÑA ; 09 ; CATALUÑA           ; 43 ; Tarragona ; 148 ; TARRAGONA ; RB NOVA 115 ; 43001 ; Operativas ; 
BP ; BANCOS ; 0128 ; BANKINTER, S.A. (0128) ; ES ; ESPAÑA ; 09 ; CATALUÑA           ; 08 ; Barcelona ; 015 ; BADALONA ; AV MARTIN PUJOL, 195 Y 197. 0 ; 08912 ; Operativas ; 
BP ; BANCOS ; 0128 ; BANKINTER, S.A. (0128) ; ES ; ESPAÑA ; 09 ; CATALUÑA           ; 08 ; Barcelona ; 019 ; BARCELONA ; ZZ BALMES 413-415.             (AGENCIA  1) 0 ; 08022 ; Operativas ; 
BP ; BANCOS ; 0128 ; BANKINTER, S.A. (0128) ; ES ; ESPAÑA ; 09 ; CATALUÑA           ; 08 ; Barcelona ; 019 ; BARCELONA ; ZZ CAPITAN ARENAS, 42 - 46    (AGENCIA 20) 0 ; 08034 ; Operativas ; 
BP ; BANCOS ; 0128 ; BANKINTER, S.A. (0128) ; ES ; ESPAÑA ; 09 ; CATALUÑA           ; 08 ; Barcelona ; 019 ; BARCELONA ; PS SAN JUAN, 101.        (AGENCIA 13) 0 ; 08037 ; Operativas ; 
BP ; BANCOS ; 0128 ; BANKINTER, S.A. (0128) ; ES ; ESPAÑA ; 09 ; CATALUÑA           ; 08 ; Barcelona ; 019 ; BARCELONA ; PZ DE SANTS, 8 Y 9 0 ; 08028 ; Operativas ; 
BP ; BANCOS ; 0128 ; BANKINTER, S.A. (0128) ; ES ; ESPAÑA ; 09 ; CATALUÑA           ; 08 ; Barcelona ; 019 ; BARCELONA ; ZZ PROVENZA, 140 0 ; 08029 ; Operativas ; 
BP ; BANCOS ; 0128 ; BANKINTER, S.A. (0128) ; ES ; ESPAÑA ; 09 ; CATALUÑA           ; 08 ; Barcelona ; 019 ; BARCELONA ; AV DIAGONAL, 507 Y 509 0 ; 08029 ; Operativas ; 
BP ; BANCOS ; 0128 ; BANKINTER, S.A. (0128) ; ES ; ESPAÑA ; 09 ; CATALUÑA           ; 08 ; Barcelona ; 019 ; BARCELONA ; ZZ TARRAGONA, 92-94            (AGENCIA 11) 0 ; 08015 ; Operativas ; 
BP ; BANCOS ; 0128 ; BANKINTER, S.A. (0128) ; ES ; ESPAÑA ; 09 ; CATALUÑA           ; 08 ; Barcelona ; 019 ; BARCELONA ; PS REINA ELISENDA DE MONCADA 2 (AG.9) 0 ; 08034 ; Operativas ; 
BP ; BANCOS ; 0128 ; BANKINTER, S.A. (0128) ; ES ; ESPAÑA ; 09 ; CATALUÑA           ; 08 ; Barcelona ; 019 ; BARCELONA ; ZZ MUNTANER, 374 Y 376.        (AGENCIA  8) 0 ; 08006 ; Operativas ; 
BP ; BANCOS ; 0128 ; BANKINTER, S.A. (0128) ; ES ; ESPAÑA ; 09 ; CATALUÑA           ; 08 ; Barcelona ; 019 ; BARCELONA ; PZ DE TETUAN, 5.         (AGENCIA  7) 0 ; 08010 ; Operativas ; 
BP ; BANCOS ; 0128 ; BANKINTER, S.A. (0128) ; ES ; ESPAÑA ; 09 ; CATALUÑA           ; 08 ; Barcelona ; 019 ; BARCELONA ; ZZ GRAN VIA CORTES CATALANAS, 529. (AGE. 6) 0 ; 08011 ; Operativas ; 
BP ; BANCOS ; 0128 ; BANKINTER, S.A. (0128) ; ES ; ESPAÑA ; 09 ; CATALUÑA           ; 08 ; Barcelona ; 019 ; BARCELONA ; ZZ FABRA I PUIG , 126 0 ; 08016 ; Operativas ; 
BP ; BANCOS ; 0128 ; BANKINTER, S.A. (0128) ; ES ; ESPAÑA ; 09 ; CATALUÑA           ; 08 ; Barcelona ; 019 ; BARCELONA ; RB CATALUÑA, 127.       (AGENCIA  4) 0 ; 08008 ; Operativas ; 
BP ; BANCOS ; 0128 ; BANKINTER, S.A. (0128) ; ES ; ESPAÑA ; 09 ; CATALUÑA           ; 08 ; Barcelona ; 019 ; BARCELONA ; AV DE GAUDI, 69.       (AGENCIA  3) 0 ; 08025 ; Operativas ; 
BP ; BANCOS ; 0128 ; BANKINTER, S.A. (0128) ; ES ; ESPAÑA ; 09 ; CATALUÑA           ; 08 ; Barcelona ; 019 ; BARCELONA ; ZZ RAMBLAS, 72.                (AGENCIA  2) 0 ; 08002 ; Operativas ; 
BP ; BANCOS ; 0128 ; BANKINTER, S.A. (0128) ; ES ; ESPAÑA ; 09 ; CATALUÑA           ; 08 ; Barcelona ; 073 ; CORNELLÀ DE LLOBREGAT ; RB JOSEP ANSELM CLAVE, 5 0 ; 08940 ; Operativas ; 
BP ; BANCOS ; 0128 ; BANKINTER, S.A. (0128) ; ES ; ESPAÑA ; 09 ; CATALUÑA           ; 08 ; Barcelona ; 089 ; GAVÀ ; ZZ SANTA CREU DE CALAFELL, 44 0 ; 08850 ; Operativas ; 
BP ; BANCOS ; 0128 ; BANKINTER, S.A. (0128) ; ES ; ESPAÑA ; 09 ; CATALUÑA           ; 08 ; Barcelona ; 096 ; GRANOLLERS ; ZZ ALFONSO IV 26 0 ; 08400 ; Operativas ; 
BP ; BANCOS ; 0128 ; BANKINTER, S.A. (0128) ; ES ; ESPAÑA ; 09 ; CATALUÑA           ; 08 ; Barcelona ; 101 ; HOSPITALET DE LLOBREGAT(L') ; RB JUSTO OLIVERAS 14-16 0 ; 08901 ; Operativas ; 
BP ; BANCOS ; 0128 ; BANKINTER, S.A. (0128) ; ES ; ESPAÑA ; 09 ; CATALUÑA           ; 08 ; Barcelona ; 102 ; IGUALADA ; PZ DEL AJUNTAMENT, 2. 0 ; 08700 ; Operativas ; 
BP ; BANCOS ; 0128 ; BANKINTER, S.A. (0128) ; ES ; ESPAÑA ; 09 ; CATALUÑA           ; 08 ; Barcelona ; 113 ; MANRESA ; CR DE CARDONA, 3 A7. 0 ; 08240 ; Operativas ; 
BP ; BANCOS ; 0128 ; BANKINTER, S.A. (0128) ; ES ; ESPAÑA ; 09 ; CATALUÑA           ; 08 ; Barcelona ; 121 ; MATARO ; ZZ LA RAMBLA, 26 0 ; 08302 ; Operativas ; 
BP ; BANCOS ; 0128 ; BANKINTER, S.A. (0128) ; ES ; ESPAÑA ; 09 ; CATALUÑA           ; 08 ; Barcelona ; 124 ; MOLLET DEL VALLÈS ; ZZ JAIME I, 7 C/V AVENIDA EJERCITO ESPAÑOL. 0 ; 08100 ; Operativas ; 
BP ; BANCOS ; 0128 ; BANKINTER, S.A. (0128) ; ES ; ESPAÑA ; 09 ; CATALUÑA           ; 08 ; Barcelona ; 187 ; SABADELL ; PS DE MANRESA, 2. 0 ; 08202 ; Operativas ; 
BP ; BANCOS ; 0128 ; BANKINTER, S.A. (0128) ; ES ; ESPAÑA ; 09 ; CATALUÑA           ; 08 ; Barcelona ; 200 ; SANT BOI DE LLOBREGAT ; ZZ RDA. DE SAN RAMON, 84-86 0 ; 08830 ; Operativas ; 
BP ; BANCOS ; 0128 ; BANKINTER, S.A. (0128) ; ES ; ESPAÑA ; 09 ; CATALUÑA           ; 08 ; Barcelona ; 205 ; SANT CUGAT DEL VALLÈS ; RB CELLER, 2, LOCAL 6-A. 0 ; 08190 ; Operativas ; 
BP ; BANCOS ; 0128 ; BANKINTER, S.A. (0128) ; ES ; ESPAÑA ; 09 ; CATALUÑA           ; 08 ; Barcelona ; 211 ; SANT FELIU DE LLOBREGAT ; ZZ CARR. LAUREA MIRO, 224. 0 ; 08980 ; Operativas ; 
BP ; BANCOS ; 0128 ; BANKINTER, S.A. (0128) ; ES ; ESPAÑA ; 09 ; CATALUÑA           ; 08 ; Barcelona ; 245 ; SANTA COLOMA DE GRAMENET ; RB SAN SEBASTIAN, 33 0 ; 08921 ; Operativas ; 
BP ; BANCOS ; 0128 ; BANKINTER, S.A. (0128) ; ES ; ESPAÑA ; 09 ; CATALUÑA           ; 08 ; Barcelona ; 279 ; TERRASSA ; PZ DE ANSELMO CLAVE, 9. 0 ; 08221 ; Operativas ; 
BP ; BANCOS ; 0128 ; BANKINTER, S.A. (0128) ; ES ; ESPAÑA ; 09 ; CATALUÑA           ; 08 ; Barcelona ; 279 ; TERRASSA ; ZZ AVDA. ABAD MARCEL, 2 0 ; 08225 ; Operativas ; 
BP ; BANCOS ; 0128 ; BANKINTER, S.A. (0128) ; ES ; ESPAÑA ; 09 ; CATALUÑA           ; 08 ; Barcelona ; 298 ; VIC ; ZZ BISBE MORGADES, 27. 0 ; 08500 ; Operativas ; 
BP ; BANCOS ; 0128 ; BANKINTER, S.A. (0128) ; ES ; ESPAÑA ; 09 ; CATALUÑA           ; 17 ; Girona ; 023 ; BLANES ; RB JOAQUIN RUYRA, 15 0 ; 17300 ; Operativas ; 
BP ; BANCOS ; 0128 ; BANKINTER, S.A. (0128) ; ES ; ESPAÑA ; 09 ; CATALUÑA           ; 17 ; Girona ; 066 ; FIGUERES ; ZZ PUJADA DEL CASTELL, 3 0 ; 17600 ; Operativas ; 
BP ; BANCOS ; 0128 ; BANKINTER, S.A. (0128) ; ES ; ESPAÑA ; 09 ; CATALUÑA           ; 17 ; Girona ; 079 ; GIRONA ; PZ MARQUES DE CAMPS, 9 Y 10. 0 ; 17001 ; Operativas ; 
BP ; BANCOS ; 0128 ; BANKINTER, S.A. (0128) ; ES ; ESPAÑA ; 09 ; CATALUÑA           ; 17 ; Girona ; 114 ; OLOT ; ZZ MULLERAS, 12 0 ; 17800 ; Operativas ; 
BP ; BANCOS ; 0128 ; BANKINTER, S.A. (0128) ; ES ; ESPAÑA ; 09 ; CATALUÑA           ; 25 ; Lleida ; 120 ; LLEIDA ; ZZ AVDA. FRANCESC MACIA, 23 0 ; 25007 ; Operativas ; 
BP ; BANCOS ; 0128 ; BANKINTER, S.A. (0128) ; ES ; ESPAÑA ; 09 ; CATALUÑA           ; 43 ; Tarragona ; 123 ; REUS ; ZZ SANT JORDI, 17- 19 LOCAL Nº 4 0 ; 43201 ; Operativas ; 
BP ; BANCOS ; 0128 ; BANKINTER, S.A. (0128) ; ES ; ESPAÑA ; 09 ; CATALUÑA           ; 43 ; Tarragona ; 148 ; TARRAGONA ; RB NOVA, 52. 0 ; 43004 ; Operativas ; 
BP ; BANCOS ; 0128 ; BANKINTER, S.A. (0128) ; ES ; ESPAÑA ; 09 ; CATALUÑA           ; 43 ; Tarragona ; 148 ; TARRAGONA ; ZZ DOCTOR MALLAFRE, 3 0 ; 43007 ; Operativas ; 
BP ; BANCOS ; 0133 ; NUEVO MICRO BANK, S.A. (0133) ; ES ; ESPAÑA ; 09 ; CATALUÑA           ; 08 ; Barcelona ; 019 ; BARCELONA ; CL JUAN GRIS 10-18 ; 08014 ; Operativas ; 
BP ; BANCOS ; 0136 ; ARESBANK, S.A. (0136) ; ES ; ESPAÑA ; 09 ; CATALUÑA           ; 08 ; Barcelona ; 019 ; BARCELONA ; PS PASEO DE GRACIA 103 ; 08008 ; Operativas ; 
BP ; BANCOS ; 0182 ; BANCO BILBAO VIZCAYA ARGENTARIA, SA (0182) ; ES ; ESPAÑA ; 09 ; CATALUÑA           ; 08 ; Barcelona ; 001 ; ABRERA ; AV GENERALITAT 3 ; 08630 ; Operativas ; 
BP ; BANCOS ; 0182 ; BANCO BILBAO VIZCAYA ARGENTARIA, SA (0182) ; ES ; ESPAÑA ; 09 ; CATALUÑA           ; 08 ; Barcelona ; 003 ; ALELLA ; RB D'ANGEL GUIMERA 10 ; 08328 ; Operativas ; 
BP ; BANCOS ; 0182 ; BANCO BILBAO VIZCAYA ARGENTARIA, SA (0182) ; ES ; ESPAÑA ; 09 ; CATALUÑA           ; 08 ; Barcelona ; 005 ; AMETLLA DEL VALLÈS (L') ; CL TORREGRASSA 4 ; 08480 ; Operativas ; 
BP ; BANCOS ; 0182 ; BANCO BILBAO VIZCAYA ARGENTARIA, SA (0182) ; ES ; ESPAÑA ; 09 ; CATALUÑA           ; 08 ; Barcelona ; 006 ; ARENYS DE MAR ; CL RIERABISBEPOL 18-20 ; 08350 ; Operativas ; 
BP ; BANCOS ; 0182 ; BANCO BILBAO VIZCAYA ARGENTARIA, SA (0182) ; ES ; ESPAÑA ; 09 ; CATALUÑA           ; 08 ; Barcelona ; 007 ; ARENYS DE MUNT ; CL SANT MARTI 18 ; 08358 ; Operativas ; 
BP ; BANCOS ; 0182 ; BANCO BILBAO VIZCAYA ARGENTARIA, SA (0182) ; ES ; ESPAÑA ; 09 ; CATALUÑA           ; 08 ; Barcelona ; 009 ; ARGENTONA ; AV DE PUIG I CADAFALCH 20 ; 08310 ; Operativas ; 
BP ; BANCOS ; 0182 ; BANCO BILBAO VIZCAYA ARGENTARIA, SA (0182) ; ES ; ESPAÑA ; 09 ; CATALUÑA           ; 08 ; Barcelona ; 010 ; ARTES ; CL ROCAFORT 41 ; 08271 ; Operativas ; 
BP ; BANCOS ; 0182 ; BANCO BILBAO VIZCAYA ARGENTARIA, SA (0182) ; ES ; ESPAÑA ; 09 ; CATALUÑA           ; 08 ; Barcelona ; 014 ; AIGUAFREDA ; ZZ PONT 0000 ; 08591 ; Operativas ; 
BP ; BANCOS ; 0182 ; BANCO BILBAO VIZCAYA ARGENTARIA, SA (0182) ; ES ; ESPAÑA ; 09 ; CATALUÑA           ; 08 ; Barcelona ; 015 ; BADALONA ; AV ALFONSO XIII 553 ; 08918 ; Operativas ; 
BP ; BANCOS ; 0182 ; BANCO BILBAO VIZCAYA ARGENTARIA, SA (0182) ; ES ; ESPAÑA ; 09 ; CATALUÑA           ; 08 ; Barcelona ; 015 ; BADALONA ; CL GUELL I FERRER 59 ; 08912 ; Operativas ; 
BP ; BANCOS ; 0182 ; BANCO BILBAO VIZCAYA ARGENTARIA, SA (0182) ; ES ; ESPAÑA ; 09 ; CATALUÑA           ; 08 ; Barcelona ; 015 ; BADALONA ; AV DE MARQUES DE SAN MORI 167 ; 08914 ; Operativas ; 
BP ; BANCOS ; 0182 ; BANCO BILBAO VIZCAYA ARGENTARIA, SA (0182) ; ES ; ESPAÑA ; 09 ; CATALUÑA           ; 08 ; Barcelona ; 015 ; BADALONA ; CL INDEPENDENCIA 198 ; 08915 ; Operativas ; 
BP ; BANCOS ; 0182 ; BANCO BILBAO VIZCAYA ARGENTARIA, SA (0182) ; ES ; ESPAÑA ; 09 ; CATALUÑA           ; 08 ; Barcelona ; 015 ; BADALONA ; CL OLOF PALME 0024 ; 08917 ; Operativas ; 
BP ; BANCOS ; 0182 ; BANCO BILBAO VIZCAYA ARGENTARIA, SA (0182) ; ES ; ESPAÑA ; 09 ; CATALUÑA           ; 08 ; Barcelona ; 015 ; BADALONA ; CL FRANCESC LAYRET 101 ; 08911 ; Operativas ; 
BP ; BANCOS ; 0182 ; BANCO BILBAO VIZCAYA ARGENTARIA, SA (0182) ; ES ; ESPAÑA ; 09 ; CATALUÑA           ; 08 ; Barcelona ; 016 ; BAGÀ ; CL RAVAL 1 ; 08695 ; Operativas ; 
BP ; BANCOS ; 0182 ; BANCO BILBAO VIZCAYA ARGENTARIA, SA (0182) ; ES ; ESPAÑA ; 09 ; CATALUÑA           ; 08 ; Barcelona ; 017 ; BALENYÀ ; PZ BOSCH I JOVER 1 ; 08550 ; Operativas ; 
BP ; BANCOS ; 0182 ; BANCO BILBAO VIZCAYA ARGENTARIA, SA (0182) ; ES ; ESPAÑA ; 09 ; CATALUÑA           ; 08 ; Barcelona ; 019 ; BARCELONA ; AV GRAN VIA DE LES CORTS CATALANES 987 ; 08020 ; Operativas ; 
BP ; BANCOS ; 0182 ; BANCO BILBAO VIZCAYA ARGENTARIA, SA (0182) ; ES ; ESPAÑA ; 09 ; CATALUÑA           ; 08 ; Barcelona ; 019 ; BARCELONA ; AV REPUBLICA ARGENTINA 226 ; 08023 ; Operativas ; 
BP ; BANCOS ; 0182 ; BANCO BILBAO VIZCAYA ARGENTARIA, SA (0182) ; ES ; ESPAÑA ; 09 ; CATALUÑA           ; 08 ; Barcelona ; 019 ; BARCELONA ; CL HOSPITAL 26-30 ; 08001 ; Operativas ; 
BP ; BANCOS ; 0182 ; BANCO BILBAO VIZCAYA ARGENTARIA, SA (0182) ; ES ; ESPAÑA ; 09 ; CATALUÑA           ; 08 ; Barcelona ; 019 ; BARCELONA ; CL BERLIN 3-5 ; 08014 ; Operativas ; 
BP ; BANCOS ; 0182 ; BANCO BILBAO VIZCAYA ARGENTARIA, SA (0182) ; ES ; ESPAÑA ; 09 ; CATALUÑA           ; 08 ; Barcelona ; 019 ; BARCELONA ; CL FRESSER 71 ; 08026 ; Operativas ; 
BP ; BANCOS ; 0182 ; BANCO BILBAO VIZCAYA ARGENTARIA, SA (0182) ; ES ; ESPAÑA ; 09 ; CATALUÑA           ; 08 ; Barcelona ; 019 ; BARCELONA ; CL SANT ADRIA 133 ; 08030 ; Operativas ; 
BP ; BANCOS ; 0182 ; BANCO BILBAO VIZCAYA ARGENTARIA, SA (0182) ; ES ; ESPAÑA ; 09 ; CATALUÑA           ; 08 ; Barcelona ; 019 ; BARCELONA ; PZ DELPALAU 14 ; 08003 ; Operativas ; 
BP ; BANCOS ; 0182 ; BANCO BILBAO VIZCAYA ARGENTARIA, SA (0182) ; ES ; ESPAÑA ; 09 ; CATALUÑA           ; 08 ; Barcelona ; 019 ; BARCELONA ; CL ROGERDELLURIA 119 ; 08037 ; Operativas ; 
BP ; BANCOS ; 0182 ; BANCO BILBAO VIZCAYA ARGENTARIA, SA (0182) ; ES ; ESPAÑA ; 09 ; CATALUÑA           ; 08 ; Barcelona ; 019 ; BARCELONA ; CL SANTS 39 ; 08014 ; Operativas ; 
BP ; BANCOS ; 0182 ; BANCO BILBAO VIZCAYA ARGENTARIA, SA (0182) ; ES ; ESPAÑA ; 09 ; CATALUÑA           ; 08 ; Barcelona ; 019 ; BARCELONA ; CL MALLORCA 419 ; 08013 ; Operativas ; 
BP ; BANCOS ; 0182 ; BANCO BILBAO VIZCAYA ARGENTARIA, SA (0182) ; ES ; ESPAÑA ; 09 ; CATALUÑA           ; 08 ; Barcelona ; 019 ; BARCELONA ; RD GENERAL MITRE S/N ; 08022 ; Operativas ; 
BP ; BANCOS ; 0182 ; BANCO BILBAO VIZCAYA ARGENTARIA, SA (0182) ; ES ; ESPAÑA ; 09 ; CATALUÑA           ; 08 ; Barcelona ; 019 ; BARCELONA ; CL VIA JULIA 163 ; 08042 ; Operativas ; 
BP ; BANCOS ; 0182 ; BANCO BILBAO VIZCAYA ARGENTARIA, SA (0182) ; ES ; ESPAÑA ; 09 ; CATALUÑA           ; 08 ; Barcelona ; 019 ; BARCELONA ; PS DE JOAN DE BORBO 36-37 ; 08003 ; Operativas ; 
BP ; BANCOS ; 0182 ; BANCO BILBAO VIZCAYA ARGENTARIA, SA (0182) ; ES ; ESPAÑA ; 09 ; CATALUÑA           ; 08 ; Barcelona ; 019 ; BARCELONA ; AV DE RASOS DE PEGUERA 39-41 ; 08033 ; Operativas ; 
BP ; BANCOS ; 0182 ; BANCO BILBAO VIZCAYA ARGENTARIA, SA (0182) ; ES ; ESPAÑA ; 09 ; CATALUÑA           ; 08 ; Barcelona ; 019 ; BARCELONA ; CL VIA AUGUSTA 279 ; 08017 ; Operativas ; 
BP ; BANCOS ; 0182 ; BANCO BILBAO VIZCAYA ARGENTARIA, SA (0182) ; ES ; ESPAÑA ; 09 ; CATALUÑA           ; 08 ; Barcelona ; 019 ; BARCELONA ; CL GETSEMANI 6 ; 08035 ; Operativas ; 
BP ; BANCOS ; 0182 ; BANCO BILBAO VIZCAYA ARGENTARIA, SA (0182) ; ES ; ESPAÑA ; 09 ; CATALUÑA           ; 08 ; Barcelona ; 019 ; BARCELONA ; CL MARINA 82 ; 08018 ; Operativas ; 
BP ; BANCOS ; 0182 ; BANCO BILBAO VIZCAYA ARGENTARIA, SA (0182) ; ES ; ESPAÑA ; 09 ; CATALUÑA           ; 08 ; Barcelona ; 019 ; BARCELONA ; PZ DE LA REPUBLICA 3-5 ; 08016 ; Operativas ; 
BP ; BANCOS ; 0182 ; BANCO BILBAO VIZCAYA ARGENTARIA, SA (0182) ; ES ; ESPAÑA ; 09 ; CATALUÑA           ; 08 ; Barcelona ; 019 ; BARCELONA ; CL JUAN TORRAS 26-28 ; 08030 ; Operativas ; 
BP ; BANCOS ; 0182 ; BANCO BILBAO VIZCAYA ARGENTARIA, SA (0182) ; ES ; ESPAÑA ; 09 ; CATALUÑA           ; 08 ; Barcelona ; 019 ; BARCELONA ; PS DE MARAGALL 135 ; 08041 ; Operativas ; 
BP ; BANCOS ; 0182 ; BANCO BILBAO VIZCAYA ARGENTARIA, SA (0182) ; ES ; ESPAÑA ; 09 ; CATALUÑA           ; 08 ; Barcelona ; 019 ; BARCELONA ; CL TRAVESSERA DE LES CORTS S/N ; 08029 ; Operativas ; 
BP ; BANCOS ; 0182 ; BANCO BILBAO VIZCAYA ARGENTARIA, SA (0182) ; ES ; ESPAÑA ; 09 ; CATALUÑA           ; 08 ; Barcelona ; 019 ; BARCELONA ; CL ROCAFORT 241 ; 08029 ; Operativas ; 
BP ; BANCOS ; 0182 ; BANCO BILBAO VIZCAYA ARGENTARIA, SA (0182) ; ES ; ESPAÑA ; 09 ; CATALUÑA           ; 08 ; Barcelona ; 019 ; BARCELONA ; AV DELS QUINZE 37-39 ; 08031 ; Operativas ; 
BP ; BANCOS ; 0182 ; BANCO BILBAO VIZCAYA ARGENTARIA, SA (0182) ; ES ; ESPAÑA ; 09 ; CATALUÑA           ; 08 ; Barcelona ; 019 ; BARCELONA ; CL MALLORCA S/N ; 08036 ; Operativas ; 
BP ; BANCOS ; 0182 ; BANCO BILBAO VIZCAYA ARGENTARIA, SA (0182) ; ES ; ESPAÑA ; 09 ; CATALUÑA           ; 08 ; Barcelona ; 019 ; BARCELONA ; RD GENERAL MITRE 182 ; 08006 ; Operativas ; 
BP ; BANCOS ; 0182 ; BANCO BILBAO VIZCAYA ARGENTARIA, SA (0182) ; ES ; ESPAÑA ; 09 ; CATALUÑA           ; 08 ; Barcelona ; 019 ; BARCELONA ; PS DE GRACIA 25 ; 08007 ; Operativas ; 
BP ; BANCOS ; 0182 ; BANCO BILBAO VIZCAYA ARGENTARIA, SA (0182) ; ES ; ESPAÑA ; 09 ; CATALUÑA           ; 08 ; Barcelona ; 019 ; BARCELONA ; AV DIAGONAL 622 ; 08021 ; Operativas ; 
BP ; BANCOS ; 0182 ; BANCO BILBAO VIZCAYA ARGENTARIA, SA (0182) ; ES ; ESPAÑA ; 09 ; CATALUÑA           ; 08 ; Barcelona ; 019 ; BARCELONA ; CL GRAN DE GRACIA 47 ; 08012 ; Operativas ; 
BP ; BANCOS ; 0182 ; BANCO BILBAO VIZCAYA ARGENTARIA, SA (0182) ; ES ; ESPAÑA ; 09 ; CATALUÑA           ; 08 ; Barcelona ; 019 ; BARCELONA ; RB DE POBLENOU 108 ; 08005 ; Operativas ; 
BP ; BANCOS ; 0182 ; BANCO BILBAO VIZCAYA ARGENTARIA, SA (0182) ; ES ; ESPAÑA ; 09 ; CATALUÑA           ; 08 ; Barcelona ; 019 ; BARCELONA ; AV DE GAUDI 63 ; 08025 ; Operativas ; 
BP ; BANCOS ; 0182 ; BANCO BILBAO VIZCAYA ARGENTARIA, SA (0182) ; ES ; ESPAÑA ; 09 ; CATALUÑA           ; 08 ; Barcelona ; 019 ; BARCELONA ; CL ESCORIAL 29 ; 08024 ; Operativas ; 
BP ; BANCOS ; 0182 ; BANCO BILBAO VIZCAYA ARGENTARIA, SA (0182) ; ES ; ESPAÑA ; 09 ; CATALUÑA           ; 08 ; Barcelona ; 019 ; BARCELONA ; CL ROGENT 60 ; 08026 ; Operativas ; 
BP ; BANCOS ; 0182 ; BANCO BILBAO VIZCAYA ARGENTARIA, SA (0182) ; ES ; ESPAÑA ; 09 ; CATALUÑA           ; 08 ; Barcelona ; 019 ; BARCELONA ; CL JOSEPPLA 163 ; 08020 ; Operativas ; 
BP ; BANCOS ; 0182 ; BANCO BILBAO VIZCAYA ARGENTARIA, SA (0182) ; ES ; ESPAÑA ; 09 ; CATALUÑA           ; 08 ; Barcelona ; 019 ; BARCELONA ; AV MERIDIANA 334 ; 08027 ; Operativas ; 
BP ; BANCOS ; 0182 ; BANCO BILBAO VIZCAYA ARGENTARIA, SA (0182) ; ES ; ESPAÑA ; 09 ; CATALUÑA           ; 08 ; Barcelona ; 019 ; BARCELONA ; CL MARESME 24-28 ; 08019 ; Operativas ; 
BP ; BANCOS ; 0182 ; BANCO BILBAO VIZCAYA ARGENTARIA, SA (0182) ; ES ; ESPAÑA ; 09 ; CATALUÑA           ; 08 ; Barcelona ; 019 ; BARCELONA ; CL MADRAZO 14-18 ; 08006 ; Operativas ; 
BP ; BANCOS ; 0182 ; BANCO BILBAO VIZCAYA ARGENTARIA, SA (0182) ; ES ; ESPAÑA ; 09 ; CATALUÑA           ; 08 ; Barcelona ; 019 ; BARCELONA ; CL GRAN DE SANT ANDREU 166 ; 08030 ; Operativas ; 
BP ; BANCOS ; 0182 ; BANCO BILBAO VIZCAYA ARGENTARIA, SA (0182) ; ES ; ESPAÑA ; 09 ; CATALUÑA           ; 08 ; Barcelona ; 019 ; BARCELONA ; AV PARAL.LEL 82 ; 08015 ; Operativas ; 
BP ; BANCOS ; 0182 ; BANCO BILBAO VIZCAYA ARGENTARIA, SA (0182) ; ES ; ESPAÑA ; 09 ; CATALUÑA           ; 08 ; Barcelona ; 019 ; BARCELONA ; CL TAJO 59 ; 08032 ; Operativas ; 
BP ; BANCOS ; 0182 ; BANCO BILBAO VIZCAYA ARGENTARIA, SA (0182) ; ES ; ESPAÑA ; 09 ; CATALUÑA           ; 08 ; Barcelona ; 019 ; BARCELONA ; CL VIA AUGUSTA 159 ; 08021 ; Operativas ; 
BP ; BANCOS ; 0182 ; BANCO BILBAO VIZCAYA ARGENTARIA, SA (0182) ; ES ; ESPAÑA ; 09 ; CATALUÑA           ; 08 ; Barcelona ; 019 ; BARCELONA ; AV DEL PARAL-LEL 148 ; 08015 ; Operativas ; 
BP ; BANCOS ; 0182 ; BANCO BILBAO VIZCAYA ARGENTARIA, SA (0182) ; ES ; ESPAÑA ; 09 ; CATALUÑA           ; 08 ; Barcelona ; 019 ; BARCELONA ; CL GRAN VIA DE LES CORTS CATALANES 506 ; 08011 ; Operativas ; 
BP ; BANCOS ; 0182 ; BANCO BILBAO VIZCAYA ARGENTARIA, SA (0182) ; ES ; ESPAÑA ; 09 ; CATALUÑA           ; 08 ; Barcelona ; 019 ; BARCELONA ; CL SANTS 347 ; 08028 ; Operativas ; 
BP ; BANCOS ; 0182 ; BANCO BILBAO VIZCAYA ARGENTARIA, SA (0182) ; ES ; ESPAÑA ; 09 ; CATALUÑA           ; 08 ; Barcelona ; 019 ; BARCELONA ; PS SANT JOAN 0183 ; 08037 ; Operativas ; 
BP ; BANCOS ; 0182 ; BANCO BILBAO VIZCAYA ARGENTARIA, SA (0182) ; ES ; ESPAÑA ; 09 ; CATALUÑA           ; 08 ; Barcelona ; 019 ; BARCELONA ; CL LONGITUDINAL 4 22 ; 08004 ; Operativas ; 
BP ; BANCOS ; 0182 ; BANCO BILBAO VIZCAYA ARGENTARIA, SA (0182) ; ES ; ESPAÑA ; 09 ; CATALUÑA           ; 08 ; Barcelona ; 019 ; BARCELONA ; CL SARDENYA 550 ; 08024 ; Operativas ; 
BP ; BANCOS ; 0182 ; BANCO BILBAO VIZCAYA ARGENTARIA, SA (0182) ; ES ; ESPAÑA ; 09 ; CATALUÑA           ; 08 ; Barcelona ; 019 ; BARCELONA ; ZZ JOAN CORNUDELLA 0002 ; 08035 ; Operativas ; 
BP ; BANCOS ; 0182 ; BANCO BILBAO VIZCAYA ARGENTARIA, SA (0182) ; ES ; ESPAÑA ; 09 ; CATALUÑA           ; 08 ; Barcelona ; 019 ; BARCELONA ; AV MERIDIANA 192- ; 08026 ; Operativas ; 
BP ; BANCOS ; 0182 ; BANCO BILBAO VIZCAYA ARGENTARIA, SA (0182) ; ES ; ESPAÑA ; 09 ; CATALUÑA           ; 08 ; Barcelona ; 019 ; BARCELONA ; AV GRAN VIA DE LES CORTS CATALANES 341- ; 08014 ; Operativas ; 
BP ; BANCOS ; 0182 ; BANCO BILBAO VIZCAYA ARGENTARIA, SA (0182) ; ES ; ESPAÑA ; 09 ; CATALUÑA           ; 08 ; Barcelona ; 019 ; BARCELONA ; RB SANT JOSEP 82 ; 08002 ; Operativas ; 
BP ; BANCOS ; 0182 ; BANCO BILBAO VIZCAYA ARGENTARIA, SA (0182) ; ES ; ESPAÑA ; 09 ; CATALUÑA           ; 08 ; Barcelona ; 019 ; BARCELONA ; CL CONSTITUCION 186 ; 08014 ; Operativas ; 
BP ; BANCOS ; 0182 ; BANCO BILBAO VIZCAYA ARGENTARIA, SA (0182) ; ES ; ESPAÑA ; 09 ; CATALUÑA           ; 08 ; Barcelona ; 019 ; BARCELONA ; CL MAJOR DE SARRIA 54 ; 08017 ; Operativas ; 
BP ; BANCOS ; 0182 ; BANCO BILBAO VIZCAYA ARGENTARIA, SA (0182) ; ES ; ESPAÑA ; 09 ; CATALUÑA           ; 08 ; Barcelona ; 019 ; BARCELONA ; ZZ PAU CLARIS 76 ; 08010 ; Operativas ; 
BP ; BANCOS ; 0182 ; BANCO BILBAO VIZCAYA ARGENTARIA, SA (0182) ; ES ; ESPAÑA ; 09 ; CATALUÑA           ; 08 ; Barcelona ; 019 ; BARCELONA ; CL PROVENÇALS 22 ; 08005 ; Operativas ; 
BP ; BANCOS ; 0182 ; BANCO BILBAO VIZCAYA ARGENTARIA, SA (0182) ; ES ; ESPAÑA ; 09 ; CATALUÑA           ; 08 ; Barcelona ; 019 ; BARCELONA ; ZZ LES CORTS 0003 ; 08028 ; Operativas ; 
BP ; BANCOS ; 0182 ; BANCO BILBAO VIZCAYA ARGENTARIA, SA (0182) ; ES ; ESPAÑA ; 09 ; CATALUÑA           ; 08 ; Barcelona ; 019 ; BARCELONA ; CL LLOGREGOS 0134 ; 08032 ; Operativas ; 
BP ; BANCOS ; 0182 ; BANCO BILBAO VIZCAYA ARGENTARIA, SA (0182) ; ES ; ESPAÑA ; 09 ; CATALUÑA           ; 08 ; Barcelona ; 019 ; BARCELONA ; AV DIAGONAL 463 ; 08036 ; Operativas ; 
BP ; BANCOS ; 0182 ; BANCO BILBAO VIZCAYA ARGENTARIA, SA (0182) ; ES ; ESPAÑA ; 09 ; CATALUÑA           ; 08 ; Barcelona ; 019 ; BARCELONA ; ZZ VIA AUGUSTA 0048 ; 08006 ; Operativas ; 
BP ; BANCOS ; 0182 ; BANCO BILBAO VIZCAYA ARGENTARIA, SA (0182) ; ES ; ESPAÑA ; 09 ; CATALUÑA           ; 08 ; Barcelona ; 019 ; BARCELONA ; PS DE ZONA FRANCA 134 ; 08038 ; Operativas ; 
BP ; BANCOS ; 0182 ; BANCO BILBAO VIZCAYA ARGENTARIA, SA (0182) ; ES ; ESPAÑA ; 09 ; CATALUÑA           ; 08 ; Barcelona ; 019 ; BARCELONA ; AV DIAGONAL 662 ; 08034 ; Operativas ; 
BP ; BANCOS ; 0182 ; BANCO BILBAO VIZCAYA ARGENTARIA, SA (0182) ; ES ; ESPAÑA ; 09 ; CATALUÑA           ; 08 ; Barcelona ; 019 ; BARCELONA ; PS DE LA BONANOVA 47 ; 08017 ; Operativas ; 
BP ; BANCOS ; 0182 ; BANCO BILBAO VIZCAYA ARGENTARIA, SA (0182) ; ES ; ESPAÑA ; 09 ; CATALUÑA           ; 08 ; Barcelona ; 019 ; BARCELONA ; PZ DE TETUAN 26 ; 08010 ; Operativas ; 
BP ; BANCOS ; 0182 ; BANCO BILBAO VIZCAYA ARGENTARIA, SA (0182) ; ES ; ESPAÑA ; 09 ; CATALUÑA           ; 08 ; Barcelona ; 019 ; BARCELONA ; CL GANDUXER 34 ; 08021 ; Operativas ; 
BP ; BANCOS ; 0182 ; BANCO BILBAO VIZCAYA ARGENTARIA, SA (0182) ; ES ; ESPAÑA ; 09 ; CATALUÑA           ; 08 ; Barcelona ; 019 ; BARCELONA ; AV REPUBLICA ARGENTINA 59 ; 08023 ; Operativas ; 
BP ; BANCOS ; 0182 ; BANCO BILBAO VIZCAYA ARGENTARIA, SA (0182) ; ES ; ESPAÑA ; 09 ; CATALUÑA           ; 08 ; Barcelona ; 019 ; BARCELONA ; PZ ANTONI MAURA 6 ; 08003 ; Operativas ; 
BP ; BANCOS ; 0182 ; BANCO BILBAO VIZCAYA ARGENTARIA, SA (0182) ; ES ; ESPAÑA ; 09 ; CATALUÑA           ; 08 ; Barcelona ; 019 ; BARCELONA ; CL TRAVESSERA DE DALT 17-19 ; 08024 ; Operativas ; 
BP ; BANCOS ; 0182 ; BANCO BILBAO VIZCAYA ARGENTARIA, SA (0182) ; ES ; ESPAÑA ; 09 ; CATALUÑA           ; 08 ; Barcelona ; 019 ; BARCELONA ; CL GUIPUSCOA 131- ; 08020 ; Operativas ; 
BP ; BANCOS ; 0182 ; BANCO BILBAO VIZCAYA ARGENTARIA, SA (0182) ; ES ; ESPAÑA ; 09 ; CATALUÑA           ; 08 ; Barcelona ; 019 ; BARCELONA ; CL SARDENYA 380 ; 08025 ; Operativas ; 
BP ; BANCOS ; 0182 ; BANCO BILBAO VIZCAYA ARGENTARIA, SA (0182) ; ES ; ESPAÑA ; 09 ; CATALUÑA           ; 08 ; Barcelona ; 022 ; BERGA ; PS DE LA PAU 10 ; 08600 ; Operativas ; 
BP ; BANCOS ; 0182 ; BANCO BILBAO VIZCAYA ARGENTARIA, SA (0182) ; ES ; ESPAÑA ; 09 ; CATALUÑA           ; 08 ; Barcelona ; 023 ; BIGUES I RIELLS ; AV PRAT DE LA RIBA 74 ; 08415 ; Operativas ; 
BP ; BANCOS ; 0182 ; BANCO BILBAO VIZCAYA ARGENTARIA, SA (0182) ; ES ; ESPAÑA ; 09 ; CATALUÑA           ; 08 ; Barcelona ; 031 ; CALAF ; CL RAVAL DE SANT JAUME 31 ; 08280 ; Operativas ; 
BP ; BANCOS ; 0182 ; BANCO BILBAO VIZCAYA ARGENTARIA, SA (0182) ; ES ; ESPAÑA ; 09 ; CATALUÑA           ; 08 ; Barcelona ; 033 ; CALDES DE MONTBUI ; AV PI I MARGALL 19 ; 08140 ; Operativas ; 
BP ; BANCOS ; 0182 ; BANCO BILBAO VIZCAYA ARGENTARIA, SA (0182) ; ES ; ESPAÑA ; 09 ; CATALUÑA           ; 08 ; Barcelona ; 035 ; CALELLA ; CL ESGLESIA S/N ; 08370 ; Operativas ; 
BP ; BANCOS ; 0182 ; BANCO BILBAO VIZCAYA ARGENTARIA, SA (0182) ; ES ; ESPAÑA ; 09 ; CATALUÑA           ; 08 ; Barcelona ; 037 ; CALLDETENES ; CL GRAN 7 ; 08506 ; Operativas ; 
BP ; BANCOS ; 0182 ; BANCO BILBAO VIZCAYA ARGENTARIA, SA (0182) ; ES ; ESPAÑA ; 09 ; CATALUÑA           ; 08 ; Barcelona ; 040 ; CANET DE MAR ; CL RIERA DE BUSCARONS 30 ; 08360 ; Operativas ; 
BP ; BANCOS ; 0182 ; BANCO BILBAO VIZCAYA ARGENTARIA, SA (0182) ; ES ; ESPAÑA ; 09 ; CATALUÑA           ; 08 ; Barcelona ; 041 ; CANOVELLES ; ZZ PARETS 0004 ; 08420 ; Operativas ; 
BP ; BANCOS ; 0182 ; BANCO BILBAO VIZCAYA ARGENTARIA, SA (0182) ; ES ; ESPAÑA ; 09 ; CATALUÑA           ; 08 ; Barcelona ; 044 ; CAPELLADES ; PZ DE VERDAGUER 2 ; 08786 ; Operativas ; 
BP ; BANCOS ; 0182 ; BANCO BILBAO VIZCAYA ARGENTARIA, SA (0182) ; ES ; ESPAÑA ; 09 ; CATALUÑA           ; 08 ; Barcelona ; 046 ; CARDEDEU ; CL DR KLEIN 1 ; 08440 ; Operativas ; 
BP ; BANCOS ; 0182 ; BANCO BILBAO VIZCAYA ARGENTARIA, SA (0182) ; ES ; ESPAÑA ; 09 ; CATALUÑA           ; 08 ; Barcelona ; 047 ; CARDONA ; AV RASTRILLO 7 ; 08261 ; Operativas ; 
BP ; BANCOS ; 0182 ; BANCO BILBAO VIZCAYA ARGENTARIA, SA (0182) ; ES ; ESPAÑA ; 09 ; CATALUÑA           ; 08 ; Barcelona ; 051 ; CASTELLAR DEL VALLÈS ; CR SENTMENAT 50 ; 08211 ; Operativas ; 
BP ; BANCOS ; 0182 ; BANCO BILBAO VIZCAYA ARGENTARIA, SA (0182) ; ES ; ESPAÑA ; 09 ; CATALUÑA           ; 08 ; Barcelona ; 054 ; CASTELLBISBAL ; PZ DE L'ESGLESIA 0009 ; 08755 ; Operativas ; 
BP ; BANCOS ; 0182 ; BANCO BILBAO VIZCAYA ARGENTARIA, SA (0182) ; ES ; ESPAÑA ; 09 ; CATALUÑA           ; 08 ; Barcelona ; 056 ; CASTELLDEFELS ; CL ARCADI BALAGUER 50 ; 08860 ; Operativas ; 
BP ; BANCOS ; 0182 ; BANCO BILBAO VIZCAYA ARGENTARIA, SA (0182) ; ES ; ESPAÑA ; 09 ; CATALUÑA           ; 08 ; Barcelona ; 056 ; CASTELLDEFELS ; PZ DE JOAN XXIII 6-7 ; 08860 ; Operativas ; 
BP ; BANCOS ; 0182 ; BANCO BILBAO VIZCAYA ARGENTARIA, SA (0182) ; ES ; ESPAÑA ; 09 ; CATALUÑA           ; 08 ; Barcelona ; 067 ; CENTELLES ; ZZ NOU 0006 ; 08540 ; Operativas ; 
BP ; BANCOS ; 0182 ; BANCO BILBAO VIZCAYA ARGENTARIA, SA (0182) ; ES ; ESPAÑA ; 09 ; CATALUÑA           ; 08 ; Barcelona ; 068 ; CERVELLO ; ZZ MAJOR 0133 ; 08758 ; Operativas ; 
BP ; BANCOS ; 0182 ; BANCO BILBAO VIZCAYA ARGENTARIA, SA (0182) ; ES ; ESPAÑA ; 09 ; CATALUÑA           ; 08 ; Barcelona ; 072 ; CORBERA DE LLOBREGAT ; AV DE CATALUNYA 0020 ; 08757 ; Operativas ; 
BP ; BANCOS ; 0182 ; BANCO BILBAO VIZCAYA ARGENTARIA, SA (0182) ; ES ; ESPAÑA ; 09 ; CATALUÑA           ; 08 ; Barcelona ; 073 ; CORNELLÀ DE LLOBREGAT ; CL ANSELM CLAVE 41 ; 08940 ; Operativas ; 
BP ; BANCOS ; 0182 ; BANCO BILBAO VIZCAYA ARGENTARIA, SA (0182) ; ES ; ESPAÑA ; 09 ; CATALUÑA           ; 08 ; Barcelona ; 073 ; CORNELLÀ DE LLOBREGAT ; AV SANT ILDEFONS 20 ; 08940 ; Operativas ; 
BP ; BANCOS ; 0182 ; BANCO BILBAO VIZCAYA ARGENTARIA, SA (0182) ; ES ; ESPAÑA ; 09 ; CATALUÑA           ; 08 ; Barcelona ; 073 ; CORNELLÀ DE LLOBREGAT ; PZ DE LA PAU S/N ; 08940 ; Operativas ; 
BP ; BANCOS ; 0182 ; BANCO BILBAO VIZCAYA ARGENTARIA, SA (0182) ; ES ; ESPAÑA ; 09 ; CATALUÑA           ; 08 ; Barcelona ; 073 ; CORNELLÀ DE LLOBREGAT ; PZ DE MARSANS S/N ; 08940 ; Operativas ; 
BP ; BANCOS ; 0182 ; BANCO BILBAO VIZCAYA ARGENTARIA, SA (0182) ; ES ; ESPAÑA ; 09 ; CATALUÑA           ; 08 ; Barcelona ; 074 ; CUBELLES ; CL ANGEL GUIMERA S/N ; 08880 ; Operativas ; 
BP ; BANCOS ; 0182 ; BANCO BILBAO VIZCAYA ARGENTARIA, SA (0182) ; ES ; ESPAÑA ; 09 ; CATALUÑA           ; 08 ; Barcelona ; 076 ; ESPARREGUERA ; CL SANT ANTONI 56 ; 08292 ; Operativas ; 
BP ; BANCOS ; 0182 ; BANCO BILBAO VIZCAYA ARGENTARIA, SA (0182) ; ES ; ESPAÑA ; 09 ; CATALUÑA           ; 08 ; Barcelona ; 077 ; ESPLUGUES DE LLOBREGAT ; PZ DE LA SARDANA 8 ; 08950 ; Operativas ; 
BP ; BANCOS ; 0182 ; BANCO BILBAO VIZCAYA ARGENTARIA, SA (0182) ; ES ; ESPAÑA ; 09 ; CATALUÑA           ; 08 ; Barcelona ; 077 ; ESPLUGUES DE LLOBREGAT ; AV DECORNELLA 18-20 ; 08950 ; Operativas ; 
BP ; BANCOS ; 0182 ; BANCO BILBAO VIZCAYA ARGENTARIA, SA (0182) ; ES ; ESPAÑA ; 09 ; CATALUÑA           ; 08 ; Barcelona ; 086 ; FRANQUESES DEL VALLÈS(LES) ; CR DE RIBES 0175 ; 08520 ; Operativas ; 
BP ; BANCOS ; 0182 ; BANCO BILBAO VIZCAYA ARGENTARIA, SA (0182) ; ES ; ESPAÑA ; 09 ; CATALUÑA           ; 08 ; Barcelona ; 088 ; GARRIGA (LA) ; ZZ BANYS 0028 ; 08530 ; Operativas ; 
BP ; BANCOS ; 0182 ; BANCO BILBAO VIZCAYA ARGENTARIA, SA (0182) ; ES ; ESPAÑA ; 09 ; CATALUÑA           ; 08 ; Barcelona ; 089 ; GAVÀ ; PZ CATALUNYA 3-4 ; 08850 ; Operativas ; 
BP ; BANCOS ; 0182 ; BANCO BILBAO VIZCAYA ARGENTARIA, SA (0182) ; ES ; ESPAÑA ; 09 ; CATALUÑA           ; 08 ; Barcelona ; 089 ; GAVÀ ; ZZ SANT PERE 0089 ; 08850 ; Operativas ; 
BP ; BANCOS ; 0182 ; BANCO BILBAO VIZCAYA ARGENTARIA, SA (0182) ; ES ; ESPAÑA ; 09 ; CATALUÑA           ; 08 ; Barcelona ; 089 ; GAVÀ ; RB DE VAYREDA 25 ; 08850 ; Operativas ; 
BP ; BANCOS ; 0182 ; BANCO BILBAO VIZCAYA ARGENTARIA, SA (0182) ; ES ; ESPAÑA ; 09 ; CATALUÑA           ; 08 ; Barcelona ; 091 ; GELIDA ; CL MAJOR 17 ; 08790 ; Operativas ; 
BP ; BANCOS ; 0182 ; BANCO BILBAO VIZCAYA ARGENTARIA, SA (0182) ; ES ; ESPAÑA ; 09 ; CATALUÑA           ; 08 ; Barcelona ; 092 ; GIRONELLA ; AV DE CATALUNYA 49 ; 08680 ; Operativas ; 
BP ; BANCOS ; 0182 ; BANCO BILBAO VIZCAYA ARGENTARIA, SA (0182) ; ES ; ESPAÑA ; 09 ; CATALUÑA           ; 08 ; Barcelona ; 096 ; GRANOLLERS ; PZ DE MALUQUER I SALVADOR 7 ; 08401 ; Operativas ; 
BP ; BANCOS ; 0182 ; BANCO BILBAO VIZCAYA ARGENTARIA, SA (0182) ; ES ; ESPAÑA ; 09 ; CATALUÑA           ; 08 ; Barcelona ; 096 ; GRANOLLERS ; PZ MALUQUER I SALVADOR 10 ; 08400 ; Operativas ; 
BP ; BANCOS ; 0182 ; BANCO BILBAO VIZCAYA ARGENTARIA, SA (0182) ; ES ; ESPAÑA ; 09 ; CATALUÑA           ; 08 ; Barcelona ; 096 ; GRANOLLERS ; AV JOAN PRIM 202 ; 08400 ; Operativas ; 
BP ; BANCOS ; 0182 ; BANCO BILBAO VIZCAYA ARGENTARIA, SA (0182) ; ES ; ESPAÑA ; 09 ; CATALUÑA           ; 08 ; Barcelona ; 096 ; GRANOLLERS ; PS DE LA MUNTANYA 88 ; 08402 ; Operativas ; 
BP ; BANCOS ; 0182 ; BANCO BILBAO VIZCAYA ARGENTARIA, SA (0182) ; ES ; ESPAÑA ; 09 ; CATALUÑA           ; 08 ; Barcelona ; 096 ; GRANOLLERS ; PZ SERRAT I BONASTRE 0006 ; 08402 ; Operativas ; 
BP ; BANCOS ; 0182 ; BANCO BILBAO VIZCAYA ARGENTARIA, SA (0182) ; ES ; ESPAÑA ; 09 ; CATALUÑA           ; 08 ; Barcelona ; 099 ; GUARDIOLA DE BERGUEDÀ ; CR RIBES 23 ; 08694 ; Operativas ; 
BP ; BANCOS ; 0182 ; BANCO BILBAO VIZCAYA ARGENTARIA, SA (0182) ; ES ; ESPAÑA ; 09 ; CATALUÑA           ; 08 ; Barcelona ; 101 ; HOSPITALET DE LLOBREGAT(L') ; CR DE COLLBLANC 33 ; 08903 ; Operativas ; 
BP ; BANCOS ; 0182 ; BANCO BILBAO VIZCAYA ARGENTARIA, SA (0182) ; ES ; ESPAÑA ; 09 ; CATALUÑA           ; 08 ; Barcelona ; 101 ; HOSPITALET DE LLOBREGAT(L') ; RB JUST OLIVERAS 11 ; 08901 ; Operativas ; 
BP ; BANCOS ; 0182 ; BANCO BILBAO VIZCAYA ARGENTARIA, SA (0182) ; ES ; ESPAÑA ; 09 ; CATALUÑA           ; 08 ; Barcelona ; 101 ; HOSPITALET DE LLOBREGAT(L') ; AV MIRAFLORS 26 ; 08905 ; Operativas ; 
BP ; BANCOS ; 0182 ; BANCO BILBAO VIZCAYA ARGENTARIA, SA (0182) ; ES ; ESPAÑA ; 09 ; CATALUÑA           ; 08 ; Barcelona ; 101 ; HOSPITALET DE LLOBREGAT(L') ; AV SEVERO OCHOA 90 ; 08906 ; Operativas ; 
BP ; BANCOS ; 0182 ; BANCO BILBAO VIZCAYA ARGENTARIA, SA (0182) ; ES ; ESPAÑA ; 09 ; CATALUÑA           ; 08 ; Barcelona ; 101 ; HOSPITALET DE LLOBREGAT(L') ; CL ENRIC PRAT DE LA RIBA 131 ; 08901 ; Operativas ; 
BP ; BANCOS ; 0182 ; BANCO BILBAO VIZCAYA ARGENTARIA, SA (0182) ; ES ; ESPAÑA ; 09 ; CATALUÑA           ; 08 ; Barcelona ; 101 ; HOSPITALET DE LLOBREGAT(L') ; CL SANTAEULALIA 147 ; 08902 ; Operativas ; 
BP ; BANCOS ; 0182 ; BANCO BILBAO VIZCAYA ARGENTARIA, SA (0182) ; ES ; ESPAÑA ; 09 ; CATALUÑA           ; 08 ; Barcelona ; 101 ; HOSPITALET DE LLOBREGAT(L') ; CL PROGRES 41 ; 08903 ; Operativas ; 
BP ; BANCOS ; 0182 ; BANCO BILBAO VIZCAYA ARGENTARIA, SA (0182) ; ES ; ESPAÑA ; 09 ; CATALUÑA           ; 08 ; Barcelona ; 101 ; HOSPITALET DE LLOBREGAT(L') ; RB MARINA 200 ; 08907 ; Operativas ; 
BP ; BANCOS ; 0182 ; BANCO BILBAO VIZCAYA ARGENTARIA, SA (0182) ; ES ; ESPAÑA ; 09 ; CATALUÑA           ; 08 ; Barcelona ; 101 ; HOSPITALET DE LLOBREGAT(L') ; AV DE SEVERO OCHOA 60 ; 08906 ; Operativas ; 
BP ; BANCOS ; 0182 ; BANCO BILBAO VIZCAYA ARGENTARIA, SA (0182) ; ES ; ESPAÑA ; 09 ; CATALUÑA           ; 08 ; Barcelona ; 102 ; IGUALADA ; CL SANT JORDI 7-9 ; 08700 ; Operativas ; 
BP ; BANCOS ; 0182 ; BANCO BILBAO VIZCAYA ARGENTARIA, SA (0182) ; ES ; ESPAÑA ; 09 ; CATALUÑA           ; 08 ; Barcelona ; 102 ; IGUALADA ; AV BARCELONA 88 ; 08700 ; Operativas ; 
BP ; BANCOS ; 0182 ; BANCO BILBAO VIZCAYA ARGENTARIA, SA (0182) ; ES ; ESPAÑA ; 09 ; CATALUÑA           ; 08 ; Barcelona ; 105 ; LLAGOSTA (LA) ; ZZ SANT JOSEP 0001 ; 08120 ; Operativas ; 
BP ; BANCOS ; 0182 ; BANCO BILBAO VIZCAYA ARGENTARIA, SA (0182) ; ES ; ESPAÑA ; 09 ; CATALUÑA           ; 08 ; Barcelona ; 106 ; LLINARS DEL VALLÈS ; PZ DE ESGLESIA 9 ; 08450 ; Operativas ; 
BP ; BANCOS ; 0182 ; BANCO BILBAO VIZCAYA ARGENTARIA, SA (0182) ; ES ; ESPAÑA ; 09 ; CATALUÑA           ; 08 ; Barcelona ; 107 ; LLIÇÀ D'AMUNT ; CL ANSELM CLAVE 99 ; 08186 ; Operativas ; 
BP ; BANCOS ; 0182 ; BANCO BILBAO VIZCAYA ARGENTARIA, SA (0182) ; ES ; ESPAÑA ; 09 ; CATALUÑA           ; 08 ; Barcelona ; 108 ; LLIÇÀ DE VALL ; AV MONTSERRAT 0035 ; 08185 ; Operativas ; 
BP ; BANCOS ; 0182 ; BANCO BILBAO VIZCAYA ARGENTARIA, SA (0182) ; ES ; ESPAÑA ; 09 ; CATALUÑA           ; 08 ; Barcelona ; 110 ; MALGRAT DE MAR ; CL DEL MAR 0039 ; 08380 ; Operativas ; 
BP ; BANCOS ; 0182 ; BANCO BILBAO VIZCAYA ARGENTARIA, SA (0182) ; ES ; ESPAÑA ; 09 ; CATALUÑA           ; 08 ; Barcelona ; 112 ; MANLLEU ; PZ FRA BERNADI 0024 ; 08560 ; Operativas ; 
BP ; BANCOS ; 0182 ; BANCO BILBAO VIZCAYA ARGENTARIA, SA (0182) ; ES ; ESPAÑA ; 09 ; CATALUÑA           ; 08 ; Barcelona ; 113 ; MANRESA ; PS DE PERE III, 24 S/N ; 08242 ; Operativas ; 
BP ; BANCOS ; 0182 ; BANCO BILBAO VIZCAYA ARGENTARIA, SA (0182) ; ES ; ESPAÑA ; 09 ; CATALUÑA           ; 08 ; Barcelona ; 113 ; MANRESA ; PZ BAGES 15 ; 08240 ; Operativas ; 
BP ; BANCOS ; 0182 ; BANCO BILBAO VIZCAYA ARGENTARIA, SA (0182) ; ES ; ESPAÑA ; 09 ; CATALUÑA           ; 08 ; Barcelona ; 113 ; MANRESA ; CR PONT DE VILOMARA, 100 S/N ; 08240 ; Operativas ; 
BP ; BANCOS ; 0182 ; BANCO BILBAO VIZCAYA ARGENTARIA, SA (0182) ; ES ; ESPAÑA ; 09 ; CATALUÑA           ; 08 ; Barcelona ; 113 ; MANRESA ; PS DE PERE III 95 ; 08240 ; Operativas ; 
BP ; BANCOS ; 0182 ; BANCO BILBAO VIZCAYA ARGENTARIA, SA (0182) ; ES ; ESPAÑA ; 09 ; CATALUÑA           ; 08 ; Barcelona ; 114 ; MARTORELL ; CL JOANMARAGALL 2 ; 08760 ; Operativas ; 
BP ; BANCOS ; 0182 ; BANCO BILBAO VIZCAYA ARGENTARIA, SA (0182) ; ES ; ESPAÑA ; 09 ; CATALUÑA           ; 08 ; Barcelona ; 114 ; MARTORELL ; RB DE LES BÓBILES 2 ; 08760 ; Operativas ; 
BP ; BANCOS ; 0182 ; BANCO BILBAO VIZCAYA ARGENTARIA, SA (0182) ; ES ; ESPAÑA ; 09 ; CATALUÑA           ; 08 ; Barcelona ; 115 ; MARTORELLES ; AV PIERA 0045 ; 08107 ; Operativas ; 
BP ; BANCOS ; 0182 ; BANCO BILBAO VIZCAYA ARGENTARIA, SA (0182) ; ES ; ESPAÑA ; 09 ; CATALUÑA           ; 08 ; Barcelona ; 118 ; MASNOU (EL) ; PS DE ROMAN FABRA 11 ; 08320 ; Operativas ; 
BP ; BANCOS ; 0182 ; BANCO BILBAO VIZCAYA ARGENTARIA, SA (0182) ; ES ; ESPAÑA ; 09 ; CATALUÑA           ; 08 ; Barcelona ; 119 ; MASQUEFA ; AV DE LA LINIA 20 ; 08783 ; Operativas ; 
BP ; BANCOS ; 0182 ; BANCO BILBAO VIZCAYA ARGENTARIA, SA (0182) ; ES ; ESPAÑA ; 09 ; CATALUÑA           ; 08 ; Barcelona ; 120 ; MATADEPERA ; CR DE TERRASSA 0006 ; 08230 ; Operativas ; 
BP ; BANCOS ; 0182 ; BANCO BILBAO VIZCAYA ARGENTARIA, SA (0182) ; ES ; ESPAÑA ; 09 ; CATALUÑA           ; 08 ; Barcelona ; 121 ; MATARO ; CL CAMI RAL 377 ; 08301 ; Operativas ; 
BP ; BANCOS ; 0182 ; BANCO BILBAO VIZCAYA ARGENTARIA, SA (0182) ; ES ; ESPAÑA ; 09 ; CATALUÑA           ; 08 ; Barcelona ; 121 ; MATARO ; PZ DE GRANOLLERS S/N ; 08302 ; Operativas ; 
BP ; BANCOS ; 0182 ; BANCO BILBAO VIZCAYA ARGENTARIA, SA (0182) ; ES ; ESPAÑA ; 09 ; CATALUÑA           ; 08 ; Barcelona ; 121 ; MATARO ; ZZ RIERA DE CIRERA 14 ; 08304 ; Operativas ; 
BP ; BANCOS ; 0182 ; BANCO BILBAO VIZCAYA ARGENTARIA, SA (0182) ; ES ; ESPAÑA ; 09 ; CATALUÑA           ; 08 ; Barcelona ; 121 ; MATARO ; CL COLOMBIA 49-53 ; 08304 ; Operativas ; 
BP ; BANCOS ; 0182 ; BANCO BILBAO VIZCAYA ARGENTARIA, SA (0182) ; ES ; ESPAÑA ; 09 ; CATALUÑA           ; 08 ; Barcelona ; 121 ; MATARO ; CL LA RIERA 25 ; 08302 ; Operativas ; 
BP ; BANCOS ; 0182 ; BANCO BILBAO VIZCAYA ARGENTARIA, SA (0182) ; ES ; ESPAÑA ; 09 ; CATALUÑA           ; 08 ; Barcelona ; 123 ; MOLINS DE REI ; CL RAFAEL DE CASANOVA 37 ; 08750 ; Operativas ; 
BP ; BANCOS ; 0182 ; BANCO BILBAO VIZCAYA ARGENTARIA, SA (0182) ; ES ; ESPAÑA ; 09 ; CATALUÑA           ; 08 ; Barcelona ; 124 ; MOLLET DEL VALLÈS ; CL BALMES 7 ; 08100 ; Operativas ; 
BP ; BANCOS ; 0182 ; BANCO BILBAO VIZCAYA ARGENTARIA, SA (0182) ; ES ; ESPAÑA ; 09 ; CATALUÑA           ; 08 ; Barcelona ; 124 ; MOLLET DEL VALLÈS ; ZZ GAIET VINZIA 0069 ; 08100 ; Operativas ; 
BP ; BANCOS ; 0182 ; BANCO BILBAO VIZCAYA ARGENTARIA, SA (0182) ; ES ; ESPAÑA ; 09 ; CATALUÑA           ; 08 ; Barcelona ; 124 ; MOLLET DEL VALLÈS ; AV DE CALDES DE MONTBUI 21 ; 08100 ; Operativas ; 
BP ; BANCOS ; 0182 ; BANCO BILBAO VIZCAYA ARGENTARIA, SA (0182) ; ES ; ESPAÑA ; 09 ; CATALUÑA           ; 08 ; Barcelona ; 124 ; MOLLET DEL VALLÈS ; CL BALMES 1 ; 08100 ; Operativas ; 
BP ; BANCOS ; 0182 ; BANCO BILBAO VIZCAYA ARGENTARIA, SA (0182) ; ES ; ESPAÑA ; 09 ; CATALUÑA           ; 08 ; Barcelona ; 125 ; MONTCADA I REIXAC ; ZZ DIAGONAL 0001 ; 08110 ; Operativas ; 
BP ; BANCOS ; 0182 ; BANCO BILBAO VIZCAYA ARGENTARIA, SA (0182) ; ES ; ESPAÑA ; 09 ; CATALUÑA           ; 08 ; Barcelona ; 125 ; MONTCADA I REIXAC ; RB PAISOS CATALANS 0010 ; 08110 ; Operativas ; 
BP ; BANCOS ; 0182 ; BANCO BILBAO VIZCAYA ARGENTARIA, SA (0182) ; ES ; ESPAÑA ; 09 ; CATALUÑA           ; 08 ; Barcelona ; 125 ; MONTCADA I REIXAC ; ZZ BOGATELL 0016 ; 08110 ; Operativas ; 
BP ; BANCOS ; 0182 ; BANCO BILBAO VIZCAYA ARGENTARIA, SA (0182) ; ES ; ESPAÑA ; 09 ; CATALUÑA           ; 08 ; Barcelona ; 126 ; MONTGAT ; CL RIERA DE SANT JORDI 20-22 ; 08390 ; Operativas ; 
BP ; BANCOS ; 0182 ; BANCO BILBAO VIZCAYA ARGENTARIA, SA (0182) ; ES ; ESPAÑA ; 09 ; CATALUÑA           ; 08 ; Barcelona ; 135 ; MONTMELO ; AV POMPEU FABRA 0016 ; 08160 ; Operativas ; 
BP ; BANCOS ; 0182 ; BANCO BILBAO VIZCAYA ARGENTARIA, SA (0182) ; ES ; ESPAÑA ; 09 ; CATALUÑA           ; 08 ; Barcelona ; 136 ; MONTORNÈS DEL VALLÈS ; AV ONZE DE SETEMBRE 34 ; 08170 ; Operativas ; 
BP ; BANCOS ; 0182 ; BANCO BILBAO VIZCAYA ARGENTARIA, SA (0182) ; ES ; ESPAÑA ; 09 ; CATALUÑA           ; 08 ; Barcelona ; 138 ; MOIÀ ; AV DE LA VILA 15 ; 08180 ; Operativas ; 
BP ; BANCOS ; 0182 ; BANCO BILBAO VIZCAYA ARGENTARIA, SA (0182) ; ES ; ESPAÑA ; 09 ; CATALUÑA           ; 08 ; Barcelona ; 140 ; NAVARCLES ; PZ DE LA VILA 11 ; 08270 ; Operativas ; 
BP ; BANCOS ; 0182 ; BANCO BILBAO VIZCAYA ARGENTARIA, SA (0182) ; ES ; ESPAÑA ; 09 ; CATALUÑA           ; 08 ; Barcelona ; 141 ; NAVÀS ; PZ DE L'AJUNTAMENT 1 ; 08670 ; Operativas ; 
BP ; BANCOS ; 0182 ; BANCO BILBAO VIZCAYA ARGENTARIA, SA (0182) ; ES ; ESPAÑA ; 09 ; CATALUÑA           ; 08 ; Barcelona ; 147 ; OLESA DE MONTSERRAT ; PZ ANSELM CLAVE 119 ; 08640 ; Operativas ; 
BP ; BANCOS ; 0182 ; BANCO BILBAO VIZCAYA ARGENTARIA, SA (0182) ; ES ; ESPAÑA ; 09 ; CATALUÑA           ; 08 ; Barcelona ; 155 ; PALAFOLLS ; AV DE PAU CASALS 7 ; 08389 ; Operativas ; 
BP ; BANCOS ; 0182 ; BANCO BILBAO VIZCAYA ARGENTARIA, SA (0182) ; ES ; ESPAÑA ; 09 ; CATALUÑA           ; 08 ; Barcelona ; 156 ; PALAU-SOLITÀ I PLEGAMANS ; PZ SANT GENS 0007 ; 08184 ; Operativas ; 
BP ; BANCOS ; 0182 ; BANCO BILBAO VIZCAYA ARGENTARIA, SA (0182) ; ES ; ESPAÑA ; 09 ; CATALUÑA           ; 08 ; Barcelona ; 157 ; PALLEJÀ ; AV PRAT DE LA RIBA 0093 ; 08780 ; Operativas ; 
BP ; BANCOS ; 0182 ; BANCO BILBAO VIZCAYA ARGENTARIA, SA (0182) ; ES ; ESPAÑA ; 09 ; CATALUÑA           ; 08 ; Barcelona ; 158 ; PAPIOL (EL) ; PZ GAUD 0004 ; 08754 ; Operativas ; 
BP ; BANCOS ; 0182 ; BANCO BILBAO VIZCAYA ARGENTARIA, SA (0182) ; ES ; ESPAÑA ; 09 ; CATALUÑA           ; 08 ; Barcelona ; 159 ; PARETS DEL VALLÈS ; CL SANT ANTONI 14 ; 08150 ; Operativas ; 
BP ; BANCOS ; 0182 ; BANCO BILBAO VIZCAYA ARGENTARIA, SA (0182) ; ES ; ESPAÑA ; 09 ; CATALUÑA           ; 08 ; Barcelona ; 159 ; PARETS DEL VALLÈS ; AV CATALUNYA 83 ; 08150 ; Operativas ; 
BP ; BANCOS ; 0182 ; BANCO BILBAO VIZCAYA ARGENTARIA, SA (0182) ; ES ; ESPAÑA ; 09 ; CATALUÑA           ; 08 ; Barcelona ; 161 ; PIERA ; CL SANT CRISTOFOL 50 ; 08784 ; Operativas ; 
BP ; BANCOS ; 0182 ; BANCO BILBAO VIZCAYA ARGENTARIA, SA (0182) ; ES ; ESPAÑA ; 09 ; CATALUÑA           ; 08 ; Barcelona ; 163 ; PINEDA DE MAR ; PZ DELESMELIES 20 ; 08397 ; Operativas ; 
BP ; BANCOS ; 0182 ; BANCO BILBAO VIZCAYA ARGENTARIA, SA (0182) ; ES ; ESPAÑA ; 09 ; CATALUÑA           ; 08 ; Barcelona ; 165 ; POBLA DE CLARAMUNT (LA) ; AV CATALUNYA 21 ; 08787 ; Operativas ; 
BP ; BANCOS ; 0182 ; BANCO BILBAO VIZCAYA ARGENTARIA, SA (0182) ; ES ; ESPAÑA ; 09 ; CATALUÑA           ; 08 ; Barcelona ; 167 ; POLINYÀ ; ZZ 11 DE SETEMBRE 0004 ; 08213 ; Operativas ; 
BP ; BANCOS ; 0182 ; BANCO BILBAO VIZCAYA ARGENTARIA, SA (0182) ; ES ; ESPAÑA ; 09 ; CATALUÑA           ; 08 ; Barcelona ; 169 ; PRAT DE LLOBREGAT (EL) ; AV DE VIRGEN DE MONTSERRAT 99 ; 08820 ; Operativas ; 
BP ; BANCOS ; 0182 ; BANCO BILBAO VIZCAYA ARGENTARIA, SA (0182) ; ES ; ESPAÑA ; 09 ; CATALUÑA           ; 08 ; Barcelona ; 169 ; PRAT DE LLOBREGAT (EL) ; PZ DE VILA 16 ; 08820 ; Operativas ; 
BP ; BANCOS ; 0182 ; BANCO BILBAO VIZCAYA ARGENTARIA, SA (0182) ; ES ; ESPAÑA ; 09 ; CATALUÑA           ; 08 ; Barcelona ; 171 ; PRATS DE LLUÇANÈS ; CL ORIENT 10 ; 08513 ; Operativas ; 
BP ; BANCOS ; 0182 ; BANCO BILBAO VIZCAYA ARGENTARIA, SA (0182) ; ES ; ESPAÑA ; 09 ; CATALUÑA           ; 08 ; Barcelona ; 172 ; PREMIÀ DE MAR ; CL GRAN VIA 157 ; 08330 ; Operativas ; 
BP ; BANCOS ; 0182 ; BANCO BILBAO VIZCAYA ARGENTARIA, SA (0182) ; ES ; ESPAÑA ; 09 ; CATALUÑA           ; 08 ; Barcelona ; 175 ; PUIG-REIG ; CL MAJOR 8 ; 08692 ; Operativas ; 
BP ; BANCOS ; 0182 ; BANCO BILBAO VIZCAYA ARGENTARIA, SA (0182) ; ES ; ESPAÑA ; 09 ; CATALUÑA           ; 08 ; Barcelona ; 180 ; RIPOLLET ; RB DE SANT JORDI 29-31 ; 08291 ; Operativas ; 
BP ; BANCOS ; 0182 ; BANCO BILBAO VIZCAYA ARGENTARIA, SA (0182) ; ES ; ESPAÑA ; 09 ; CATALUÑA           ; 08 ; Barcelona ; 181 ; ROCA DEL VALLÈS (LA) ; AV CATALUNYA 0031 ; 08430 ; Operativas ; 
BP ; BANCOS ; 0182 ; BANCO BILBAO VIZCAYA ARGENTARIA, SA (0182) ; ES ; ESPAÑA ; 09 ; CATALUÑA           ; 08 ; Barcelona ; 183 ; RODA DE TER ; PZ MAJOR 0013 ; 08510 ; Operativas ; 
BP ; BANCOS ; 0182 ; BANCO BILBAO VIZCAYA ARGENTARIA, SA (0182) ; ES ; ESPAÑA ; 09 ; CATALUÑA           ; 08 ; Barcelona ; 184 ; RUBI ; CL FRANCESC MACIA 32-34 ; 08191 ; Operativas ; 
BP ; BANCOS ; 0182 ; BANCO BILBAO VIZCAYA ARGENTARIA, SA (0182) ; ES ; ESPAÑA ; 09 ; CATALUÑA           ; 08 ; Barcelona ; 184 ; RUBI ; AV DE BARCELONA 0086 ; 08191 ; Operativas ; 
BP ; BANCOS ; 0182 ; BANCO BILBAO VIZCAYA ARGENTARIA, SA (0182) ; ES ; ESPAÑA ; 09 ; CATALUÑA           ; 08 ; Barcelona ; 184 ; RUBI ; ZZ PLANA DE CAN BERTRAN 0000 ; 08191 ; Operativas ; 
BP ; BANCOS ; 0182 ; BANCO BILBAO VIZCAYA ARGENTARIA, SA (0182) ; ES ; ESPAÑA ; 09 ; CATALUÑA           ; 08 ; Barcelona ; 187 ; SABADELL ; ZZ VA ALEXANDRA 0037 ; 08206 ; Operativas ; 
BP ; BANCOS ; 0182 ; BANCO BILBAO VIZCAYA ARGENTARIA, SA (0182) ; ES ; ESPAÑA ; 09 ; CATALUÑA           ; 08 ; Barcelona ; 187 ; SABADELL ; CL SANT QUIRZE 4 ; 08201 ; Operativas ; 
BP ; BANCOS ; 0182 ; BANCO BILBAO VIZCAYA ARGENTARIA, SA (0182) ; ES ; ESPAÑA ; 09 ; CATALUÑA           ; 08 ; Barcelona ; 187 ; SABADELL ; AV CONCORDIA 61 ; 08206 ; Operativas ; 
BP ; BANCOS ; 0182 ; BANCO BILBAO VIZCAYA ARGENTARIA, SA (0182) ; ES ; ESPAÑA ; 09 ; CATALUÑA           ; 08 ; Barcelona ; 187 ; SABADELL ; RB DE SABADELL 164 ; 08201 ; Operativas ; 
BP ; BANCOS ; 0182 ; BANCO BILBAO VIZCAYA ARGENTARIA, SA (0182) ; ES ; ESPAÑA ; 09 ; CATALUÑA           ; 08 ; Barcelona ; 187 ; SABADELL ; ZZ SOL I PADRS 0088 ; 08203 ; Operativas ; 
BP ; BANCOS ; 0182 ; BANCO BILBAO VIZCAYA ARGENTARIA, SA (0182) ; ES ; ESPAÑA ; 09 ; CATALUÑA           ; 08 ; Barcelona ; 187 ; SABADELL ; RD DE EUROPA 0535 ; 08207 ; Operativas ; 
BP ; BANCOS ; 0182 ; BANCO BILBAO VIZCAYA ARGENTARIA, SA (0182) ; ES ; ESPAÑA ; 09 ; CATALUÑA           ; 08 ; Barcelona ; 187 ; SABADELL ; PS ESPRONCEDA 0001 ; 08204 ; Operativas ; 
BP ; BANCOS ; 0182 ; BANCO BILBAO VIZCAYA ARGENTARIA, SA (0182) ; ES ; ESPAÑA ; 09 ; CATALUÑA           ; 08 ; Barcelona ; 187 ; SABADELL ; ZZ BANYOLES 0002 ; 08202 ; Operativas ; 
BP ; BANCOS ; 0182 ; BANCO BILBAO VIZCAYA ARGENTARIA, SA (0182) ; ES ; ESPAÑA ; 09 ; CATALUÑA           ; 08 ; Barcelona ; 187 ; SABADELL ; CR DE PRATS 0188 ; 08208 ; Operativas ; 
BP ; BANCOS ; 0182 ; BANCO BILBAO VIZCAYA ARGENTARIA, SA (0182) ; ES ; ESPAÑA ; 09 ; CATALUÑA           ; 08 ; Barcelona ; 187 ; SABADELL ; AV MATADEPERA 0079 ; 08207 ; Operativas ; 
BP ; BANCOS ; 0182 ; BANCO BILBAO VIZCAYA ARGENTARIA, SA (0182) ; ES ; ESPAÑA ; 09 ; CATALUÑA           ; 08 ; Barcelona ; 187 ; SABADELL ; CR DE TERRASSA 0335 ; 08205 ; Operativas ; 
BP ; BANCOS ; 0182 ; BANCO BILBAO VIZCAYA ARGENTARIA, SA (0182) ; ES ; ESPAÑA ; 09 ; CATALUÑA           ; 08 ; Barcelona ; 191 ; SALLENT ; PZ CATALUNYA 0002 ; 08650 ; Operativas ; 
BP ; BANCOS ; 0182 ; BANCO BILBAO VIZCAYA ARGENTARIA, SA (0182) ; ES ; ESPAÑA ; 09 ; CATALUÑA           ; 08 ; Barcelona ; 192 ; SANTPEDOR ; CR DE CALLUS S/N ; 08251 ; Operativas ; 
BP ; BANCOS ; 0182 ; BANCO BILBAO VIZCAYA ARGENTARIA, SA (0182) ; ES ; ESPAÑA ; 09 ; CATALUÑA           ; 08 ; Barcelona ; 194 ; SANT ADRIÀ DE BESÒS ; AV DE LES CORTS CATALANES 8 ; 08930 ; Operativas ; 
BP ; BANCOS ; 0182 ; BANCO BILBAO VIZCAYA ARGENTARIA, SA (0182) ; ES ; ESPAÑA ; 09 ; CATALUÑA           ; 08 ; Barcelona ; 194 ; SANT ADRIÀ DE BESÒS ; CL RICART 20-22 ; 08930 ; Operativas ; 
BP ; BANCOS ; 0182 ; BANCO BILBAO VIZCAYA ARGENTARIA, SA (0182) ; ES ; ESPAÑA ; 09 ; CATALUÑA           ; 08 ; Barcelona ; 196 ; SANT ANDREU DE LA BARCA ; ZZ DE LA FONT 2 ; 08740 ; Operativas ; 
BP ; BANCOS ; 0182 ; BANCO BILBAO VIZCAYA ARGENTARIA, SA (0182) ; ES ; ESPAÑA ; 09 ; CATALUÑA           ; 08 ; Barcelona ; 196 ; SANT ANDREU DE LA BARCA ; AV CONSTITUCIÓ 0001 ; 08740 ; Operativas ; 
BP ; BANCOS ; 0182 ; BANCO BILBAO VIZCAYA ARGENTARIA, SA (0182) ; ES ; ESPAÑA ; 09 ; CATALUÑA           ; 08 ; Barcelona ; 197 ; SANT ANDREU DE LLAVANERES ; CL MUNT 35 ; 08392 ; Operativas ; 
BP ; BANCOS ; 0182 ; BANCO BILBAO VIZCAYA ARGENTARIA, SA (0182) ; ES ; ESPAÑA ; 09 ; CATALUÑA           ; 08 ; Barcelona ; 198 ; SANT ANTONI DE VILAMAJOR ; PZ MONTSENY 4 ; 08459 ; Operativas ; 
BP ; BANCOS ; 0182 ; BANCO BILBAO VIZCAYA ARGENTARIA, SA (0182) ; ES ; ESPAÑA ; 09 ; CATALUÑA           ; 08 ; Barcelona ; 200 ; SANT BOI DE LLOBREGAT ; CL PRIMER DE MAIG 58 ; 08830 ; Operativas ; 
BP ; BANCOS ; 0182 ; BANCO BILBAO VIZCAYA ARGENTARIA, SA (0182) ; ES ; ESPAÑA ; 09 ; CATALUÑA           ; 08 ; Barcelona ; 200 ; SANT BOI DE LLOBREGAT ; PZ CATALUNYA 8 ; 08830 ; Operativas ; 
BP ; BANCOS ; 0182 ; BANCO BILBAO VIZCAYA ARGENTARIA, SA (0182) ; ES ; ESPAÑA ; 09 ; CATALUÑA           ; 08 ; Barcelona ; 200 ; SANT BOI DE LLOBREGAT ; PZ GENERALITAT 8 ; 08830 ; Operativas ; 
BP ; BANCOS ; 0182 ; BANCO BILBAO VIZCAYA ARGENTARIA, SA (0182) ; ES ; ESPAÑA ; 09 ; CATALUÑA           ; 08 ; Barcelona ; 202 ; SANT CELONI ; ZZ SANT JOSEP 0087 ; 08470 ; Operativas ; 
BP ; BANCOS ; 0182 ; BANCO BILBAO VIZCAYA ARGENTARIA, SA (0182) ; ES ; ESPAÑA ; 09 ; CATALUÑA           ; 08 ; Barcelona ; 204 ; SANT CLIMENT DE LLOBREGAT ; PZ FRANCESC MACIA 1 ; 08849 ; Operativas ; 
BP ; BANCOS ; 0182 ; BANCO BILBAO VIZCAYA ARGENTARIA, SA (0182) ; ES ; ESPAÑA ; 09 ; CATALUÑA           ; 08 ; Barcelona ; 205 ; SANT CUGAT DEL VALLÈS ; CL SALVADOR ESPRIU 11 ; 08190 ; Operativas ; 
BP ; BANCOS ; 0182 ; BANCO BILBAO VIZCAYA ARGENTARIA, SA (0182) ; ES ; ESPAÑA ; 09 ; CATALUÑA           ; 08 ; Barcelona ; 205 ; SANT CUGAT DEL VALLÈS ; AV RIUS I TAULET 12 ; 08172 ; Operativas ; 
BP ; BANCOS ; 0182 ; BANCO BILBAO VIZCAYA ARGENTARIA, SA (0182) ; ES ; ESPAÑA ; 09 ; CATALUÑA           ; 08 ; Barcelona ; 205 ; SANT CUGAT DEL VALLÈS ; AV TORREBLANCA 1-5 ; 08190 ; Operativas ; 
BP ; BANCOS ; 0182 ; BANCO BILBAO VIZCAYA ARGENTARIA, SA (0182) ; ES ; ESPAÑA ; 09 ; CATALUÑA           ; 08 ; Barcelona ; 208 ; SANT ESTEVE SESROVIRES ; CL JULIA SERAFI 42-44 ; 08635 ; Operativas ; 
BP ; BANCOS ; 0182 ; BANCO BILBAO VIZCAYA ARGENTARIA, SA (0182) ; ES ; ESPAÑA ; 09 ; CATALUÑA           ; 08 ; Barcelona ; 210 ; SANT FELIU DE CODINES ; CL AGUSTI SANTACRUZ 3 ; 08182 ; Operativas ; 
BP ; BANCOS ; 0182 ; BANCO BILBAO VIZCAYA ARGENTARIA, SA (0182) ; ES ; ESPAÑA ; 09 ; CATALUÑA           ; 08 ; Barcelona ; 211 ; SANT FELIU DE LLOBREGAT ; RB DE LA MARQUESA CASTELLBELL 0071 ; 08980 ; Operativas ; 
BP ; BANCOS ; 0182 ; BANCO BILBAO VIZCAYA ARGENTARIA, SA (0182) ; ES ; ESPAÑA ; 09 ; CATALUÑA           ; 08 ; Barcelona ; 211 ; SANT FELIU DE LLOBREGAT ; CL LAUREA MIRO 204 ; 08980 ; Operativas ; 
BP ; BANCOS ; 0182 ; BANCO BILBAO VIZCAYA ARGENTARIA, SA (0182) ; ES ; ESPAÑA ; 09 ; CATALUÑA           ; 08 ; Barcelona ; 213 ; SANT FRUITOS DE BAGES ; CR DE VIC 74-78 ; 08272 ; Operativas ; 
BP ; BANCOS ; 0182 ; BANCO BILBAO VIZCAYA ARGENTARIA, SA (0182) ; ES ; ESPAÑA ; 09 ; CATALUÑA           ; 08 ; Barcelona ; 214 ; VILASSAR DE DALT ; CL ANSELM CLAVÈ 10 ; 08339 ; Operativas ; 
BP ; BANCOS ; 0182 ; BANCO BILBAO VIZCAYA ARGENTARIA, SA (0182) ; ES ; ESPAÑA ; 09 ; CATALUÑA           ; 08 ; Barcelona ; 215 ; SANT HIPÒLIT DE VOLTREGÀ ; PS PARES 0031 ; 08512 ; Operativas ; 
BP ; BANCOS ; 0182 ; BANCO BILBAO VIZCAYA ARGENTARIA, SA (0182) ; ES ; ESPAÑA ; 09 ; CATALUÑA           ; 08 ; Barcelona ; 217 ; SANT JOAN DESPI ; CL JOHN F. KENNEDY 1 ; 08970 ; Operativas ; 
BP ; BANCOS ; 0182 ; BANCO BILBAO VIZCAYA ARGENTARIA, SA (0182) ; ES ; ESPAÑA ; 09 ; CATALUÑA           ; 08 ; Barcelona ; 217 ; SANT JOAN DESPI ; CL JACINT VERDAGUER 15 ; 08970 ; Operativas ; 
BP ; BANCOS ; 0182 ; BANCO BILBAO VIZCAYA ARGENTARIA, SA (0182) ; ES ; ESPAÑA ; 09 ; CATALUÑA           ; 08 ; Barcelona ; 218 ; SANT JOAN DE VILATORRADA ; CL MAJOR 58 ; 08250 ; Operativas ; 
BP ; BANCOS ; 0182 ; BANCO BILBAO VIZCAYA ARGENTARIA, SA (0182) ; ES ; ESPAÑA ; 09 ; CATALUÑA           ; 08 ; Barcelona ; 219 ; VILASSAR DE MAR ; CL NARCIS MONTURIOL 57 ; 08340 ; Operativas ; 
BP ; BANCOS ; 0182 ; BANCO BILBAO VIZCAYA ARGENTARIA, SA (0182) ; ES ; ESPAÑA ; 09 ; CATALUÑA           ; 08 ; Barcelona ; 220 ; SANT JULIÀ DE VILATORTA ; ZZ NURIA 0022 ; 08504 ; Operativas ; 
BP ; BANCOS ; 0182 ; BANCO BILBAO VIZCAYA ARGENTARIA, SA (0182) ; ES ; ESPAÑA ; 09 ; CATALUÑA           ; 08 ; Barcelona ; 221 ; SANT JUST DESVERN ; CL BONAVISTA 62 ; 08960 ; Operativas ; 
BP ; BANCOS ; 0182 ; BANCO BILBAO VIZCAYA ARGENTARIA, SA (0182) ; ES ; ESPAÑA ; 09 ; CATALUÑA           ; 08 ; Barcelona ; 230 ; PREMIÀ DE DALT ; CL TEIXIDORES 7 ; 08338 ; Operativas ; 
BP ; BANCOS ; 0182 ; BANCO BILBAO VIZCAYA ARGENTARIA, SA (0182) ; ES ; ESPAÑA ; 09 ; CATALUÑA           ; 08 ; Barcelona ; 231 ; SANT PERE DE RIBES ; CL MARCER 3 ; 08810 ; Operativas ; 
BP ; BANCOS ; 0182 ; BANCO BILBAO VIZCAYA ARGENTARIA, SA (0182) ; ES ; ESPAÑA ; 09 ; CATALUÑA           ; 08 ; Barcelona ; 231 ; SANT PERE DE RIBES ; PZ LLOBREGAT 6 ; 08812 ; Operativas ; 
BP ; BANCOS ; 0182 ; BANCO BILBAO VIZCAYA ARGENTARIA, SA (0182) ; ES ; ESPAÑA ; 09 ; CATALUÑA           ; 08 ; Barcelona ; 237 ; SANT QUIRZE DE BESORA ; PZ BISAURA 0001 ; 08580 ; Operativas ; 
BP ; BANCOS ; 0182 ; BANCO BILBAO VIZCAYA ARGENTARIA, SA (0182) ; ES ; ESPAÑA ; 09 ; CATALUÑA           ; 08 ; Barcelona ; 238 ; SANT QUIRZE DEL VALLÈS ; RB LLUIS COMPANYS 2 ; 08192 ; Operativas ; 
BP ; BANCOS ; 0182 ; BANCO BILBAO VIZCAYA ARGENTARIA, SA (0182) ; ES ; ESPAÑA ; 09 ; CATALUÑA           ; 08 ; Barcelona ; 240 ; SANT SADURNI D'ANOIA ; CL CARRER RAVAL 18 ; 08770 ; Operativas ; 
BP ; BANCOS ; 0182 ; BANCO BILBAO VIZCAYA ARGENTARIA, SA (0182) ; ES ; ESPAÑA ; 09 ; CATALUÑA           ; 08 ; Barcelona ; 244 ; SANTA COLOMA DE CERVELLO ; ZZ PAU CASALS 0003 ; 08690 ; Operativas ; 
BP ; BANCOS ; 0182 ; BANCO BILBAO VIZCAYA ARGENTARIA, SA (0182) ; ES ; ESPAÑA ; 09 ; CATALUÑA           ; 08 ; Barcelona ; 245 ; SANTA COLOMA DE GRAMENET ; CL SICILIA 71 ; 08921 ; Operativas ; 
BP ; BANCOS ; 0182 ; BANCO BILBAO VIZCAYA ARGENTARIA, SA (0182) ; ES ; ESPAÑA ; 09 ; CATALUÑA           ; 08 ; Barcelona ; 245 ; SANTA COLOMA DE GRAMENET ; AV SANTA COLOMA 0052 ; 08922 ; Operativas ; 
BP ; BANCOS ; 0182 ; BANCO BILBAO VIZCAYA ARGENTARIA, SA (0182) ; ES ; ESPAÑA ; 09 ; CATALUÑA           ; 08 ; Barcelona ; 245 ; SANTA COLOMA DE GRAMENET ; CL SANT JOSEP 27 ; 08921 ; Operativas ; 
BP ; BANCOS ; 0182 ; BANCO BILBAO VIZCAYA ARGENTARIA, SA (0182) ; ES ; ESPAÑA ; 09 ; CATALUÑA           ; 08 ; Barcelona ; 245 ; SANTA COLOMA DE GRAMENET ; RB SANT SEBASTIÁ 7 ; 08921 ; Operativas ; 
BP ; BANCOS ; 0182 ; BANCO BILBAO VIZCAYA ARGENTARIA, SA (0182) ; ES ; ESPAÑA ; 09 ; CATALUÑA           ; 08 ; Barcelona ; 245 ; SANTA COLOMA DE GRAMENET ; CL SINGUERLIN 36 ; 08924 ; Operativas ; 
BP ; BANCOS ; 0182 ; BANCO BILBAO VIZCAYA ARGENTARIA, SA (0182) ; ES ; ESPAÑA ; 09 ; CATALUÑA           ; 08 ; Barcelona ; 245 ; SANTA COLOMA DE GRAMENET ; PZ DEL RELLOTGE 0010 ; 08922 ; Operativas ; 
BP ; BANCOS ; 0182 ; BANCO BILBAO VIZCAYA ARGENTARIA, SA (0182) ; ES ; ESPAÑA ; 09 ; CATALUÑA           ; 08 ; Barcelona ; 248 ; SANTA EULÀLIA DE RONÇANA ; CR DE BARCELONA S/N ; 08187 ; Operativas ; 
BP ; BANCOS ; 0182 ; BANCO BILBAO VIZCAYA ARGENTARIA, SA (0182) ; ES ; ESPAÑA ; 09 ; CATALUÑA           ; 08 ; Barcelona ; 250 ; SANTA MARGARIDA DE MONTBUI ; CL CONSTITUCIO 1 ; 08710 ; Operativas ; 
BP ; BANCOS ; 0182 ; BANCO BILBAO VIZCAYA ARGENTARIA, SA (0182) ; ES ; ESPAÑA ; 09 ; CATALUÑA           ; 08 ; Barcelona ; 251 ; SANTA MARGARIDA I ELS MONJOS ; AV CATALUNYA 84 ; 08730 ; Operativas ; 
BP ; BANCOS ; 0182 ; BANCO BILBAO VIZCAYA ARGENTARIA, SA (0182) ; ES ; ESPAÑA ; 09 ; CATALUÑA           ; 08 ; Barcelona ; 252 ; BARBERÀ DEL VALLÈS ; PS DOCTOR MORAGAS 0220 ; 08210 ; Operativas ; 
BP ; BANCOS ; 0182 ; BANCO BILBAO VIZCAYA ARGENTARIA, SA (0182) ; ES ; ESPAÑA ; 09 ; CATALUÑA           ; 08 ; Barcelona ; 252 ; BARBERÀ DEL VALLÈS ; AV TIBIDABO 0048 ; 08210 ; Operativas ; 
BP ; BANCOS ; 0182 ; BANCO BILBAO VIZCAYA ARGENTARIA, SA (0182) ; ES ; ESPAÑA ; 09 ; CATALUÑA           ; 08 ; Barcelona ; 259 ; SANTA MARIA DE PALAUTORDERA ; ZZ DOCTOR ROBERT 0019 ; 08460 ; Operativas ; 
BP ; BANCOS ; 0182 ; BANCO BILBAO VIZCAYA ARGENTARIA, SA (0182) ; ES ; ESPAÑA ; 09 ; CATALUÑA           ; 08 ; Barcelona ; 260 ; SANTA PERPÈTUA DE MOGODA ; CL RAMBLA 34-36 ; 08130 ; Operativas ; 
BP ; BANCOS ; 0182 ; BANCO BILBAO VIZCAYA ARGENTARIA, SA (0182) ; ES ; ESPAÑA ; 09 ; CATALUÑA           ; 08 ; Barcelona ; 262 ; SANT VICENÇ DE CASTELLET ; PZ CLAVE 2 ; 08295 ; Operativas ; 
BP ; BANCOS ; 0182 ; BANCO BILBAO VIZCAYA ARGENTARIA, SA (0182) ; ES ; ESPAÑA ; 09 ; CATALUÑA           ; 08 ; Barcelona ; 263 ; SANT VICENÇ DELS HORTS ; CL MOSSEN JACINT VERDAGUER 30-32 ; 08620 ; Operativas ; 
BP ; BANCOS ; 0182 ; BANCO BILBAO VIZCAYA ARGENTARIA, SA (0182) ; ES ; ESPAÑA ; 09 ; CATALUÑA           ; 08 ; Barcelona ; 266 ; CERDANYOLA DEL VALLÈS ; PS DE CORDELLAS 6-8 ; 08290 ; Operativas ; 
BP ; BANCOS ; 0182 ; BANCO BILBAO VIZCAYA ARGENTARIA, SA (0182) ; ES ; ESPAÑA ; 09 ; CATALUÑA           ; 08 ; Barcelona ; 266 ; CERDANYOLA DEL VALLÈS ; ZZ PIRINEUS 0001 ; 08290 ; Operativas ; 
BP ; BANCOS ; 0182 ; BANCO BILBAO VIZCAYA ARGENTARIA, SA (0182) ; ES ; ESPAÑA ; 09 ; CATALUÑA           ; 08 ; Barcelona ; 266 ; CERDANYOLA DEL VALLÈS ; AV PRIMAVERA 11-15 ; 08290 ; Operativas ; 
BP ; BANCOS ; 0182 ; BANCO BILBAO VIZCAYA ARGENTARIA, SA (0182) ; ES ; ESPAÑA ; 09 ; CATALUÑA           ; 08 ; Barcelona ; 267 ; SENTMENAT ; PZ 1 D'OCTUBRE 0001 ; 08181 ; Operativas ; 
BP ; BANCOS ; 0182 ; BANCO BILBAO VIZCAYA ARGENTARIA, SA (0182) ; ES ; ESPAÑA ; 09 ; CATALUÑA           ; 08 ; Barcelona ; 270 ; SITGES ; CL PARELLADAS 40 ; 08870 ; Operativas ; 
BP ; BANCOS ; 0182 ; BANCO BILBAO VIZCAYA ARGENTARIA, SA (0182) ; ES ; ESPAÑA ; 09 ; CATALUÑA           ; 08 ; Barcelona ; 274 ; SURIA ; CL SALVADOR VANCELL 9 ; 08260 ; Operativas ; 
BP ; BANCOS ; 0182 ; BANCO BILBAO VIZCAYA ARGENTARIA, SA (0182) ; ES ; ESPAÑA ; 09 ; CATALUÑA           ; 08 ; Barcelona ; 278 ; TARADELL ; PS DOMENEC SERT 0055 ; 08552 ; Operativas ; 
BP ; BANCOS ; 0182 ; BANCO BILBAO VIZCAYA ARGENTARIA, SA (0182) ; ES ; ESPAÑA ; 09 ; CATALUÑA           ; 08 ; Barcelona ; 279 ; TERRASSA ; CL MN. ANGEL RODAMILANS S/N ; 08222 ; Operativas ; 
BP ; BANCOS ; 0182 ; BANCO BILBAO VIZCAYA ARGENTARIA, SA (0182) ; ES ; ESPAÑA ; 09 ; CATALUÑA           ; 08 ; Barcelona ; 279 ; TERRASSA ; CL PORTAL DE SAN ROQUE 29-31 ; 08221 ; Operativas ; 
BP ; BANCOS ; 0182 ; BANCO BILBAO VIZCAYA ARGENTARIA, SA (0182) ; ES ; ESPAÑA ; 09 ; CATALUÑA           ; 08 ; Barcelona ; 279 ; TERRASSA ; RB FRANCESC MACIA 0181 ; 08226 ; Operativas ; 
BP ; BANCOS ; 0182 ; BANCO BILBAO VIZCAYA ARGENTARIA, SA (0182) ; ES ; ESPAÑA ; 09 ; CATALUÑA           ; 08 ; Barcelona ; 279 ; TERRASSA ; AV ANGEL SALLENT 0076 ; 08224 ; Operativas ; 
BP ; BANCOS ; 0182 ; BANCO BILBAO VIZCAYA ARGENTARIA, SA (0182) ; ES ; ESPAÑA ; 09 ; CATALUÑA           ; 08 ; Barcelona ; 279 ; TERRASSA ; ZZ TIBIDABO 0009 ; 08227 ; Operativas ; 
BP ; BANCOS ; 0182 ; BANCO BILBAO VIZCAYA ARGENTARIA, SA (0182) ; ES ; ESPAÑA ; 09 ; CATALUÑA           ; 08 ; Barcelona ; 279 ; TERRASSA ; ZZ FRANCIA 0008 ; 08228 ; Operativas ; 
BP ; BANCOS ; 0182 ; BANCO BILBAO VIZCAYA ARGENTARIA, SA (0182) ; ES ; ESPAÑA ; 09 ; CATALUÑA           ; 08 ; Barcelona ; 279 ; TERRASSA ; ZZ ANTONI MAURA 1 ; 08225 ; Operativas ; 
BP ; BANCOS ; 0182 ; BANCO BILBAO VIZCAYA ARGENTARIA, SA (0182) ; ES ; ESPAÑA ; 09 ; CATALUÑA           ; 08 ; Barcelona ; 279 ; TERRASSA ; CR CASTELLAR 0426 ; 08227 ; Operativas ; 
BP ; BANCOS ; 0182 ; BANCO BILBAO VIZCAYA ARGENTARIA, SA (0182) ; ES ; ESPAÑA ; 09 ; CATALUÑA           ; 08 ; Barcelona ; 279 ; TERRASSA ; CR MONTCADA 0420 ; 08223 ; Operativas ; 
BP ; BANCOS ; 0182 ; BANCO BILBAO VIZCAYA ARGENTARIA, SA (0182) ; ES ; ESPAÑA ; 09 ; CATALUÑA           ; 08 ; Barcelona ; 279 ; TERRASSA ; PZ DEL TRIOMF 0000 ; 08225 ; Operativas ; 
BP ; BANCOS ; 0182 ; BANCO BILBAO VIZCAYA ARGENTARIA, SA (0182) ; ES ; ESPAÑA ; 09 ; CATALUÑA           ; 08 ; Barcelona ; 281 ; TEIÀ ; PS DE LA RIERA 124 ; 08329 ; Operativas ; 
BP ; BANCOS ; 0182 ; BANCO BILBAO VIZCAYA ARGENTARIA, SA (0182) ; ES ; ESPAÑA ; 09 ; CATALUÑA           ; 08 ; Barcelona ; 282 ; TIANA ; CL ISAAC ALBENIZ 28-30 ; 08391 ; Operativas ; 
BP ; BANCOS ; 0182 ; BANCO BILBAO VIZCAYA ARGENTARIA, SA (0182) ; ES ; ESPAÑA ; 09 ; CATALUÑA           ; 08 ; Barcelona ; 283 ; TONA ; ZZ BARCELONA 0030 ; 08551 ; Operativas ; 
BP ; BANCOS ; 0182 ; BANCO BILBAO VIZCAYA ARGENTARIA, SA (0182) ; ES ; ESPAÑA ; 09 ; CATALUÑA           ; 08 ; Barcelona ; 284 ; TORDERA ; CL CAMI RAL 33 ; 08490 ; Operativas ; 
BP ; BANCOS ; 0182 ; BANCO BILBAO VIZCAYA ARGENTARIA, SA (0182) ; ES ; ESPAÑA ; 09 ; CATALUÑA           ; 08 ; Barcelona ; 285 ; TORELLO ; ZZ PONT 0040 ; 08570 ; Operativas ; 
BP ; BANCOS ; 0182 ; BANCO BILBAO VIZCAYA ARGENTARIA, SA (0182) ; ES ; ESPAÑA ; 09 ; CATALUÑA           ; 08 ; Barcelona ; 295 ; VALLIRANA ; CL MAJOR 287 ; 08759 ; Operativas ; 
BP ; BANCOS ; 0182 ; BANCO BILBAO VIZCAYA ARGENTARIA, SA (0182) ; ES ; ESPAÑA ; 09 ; CATALUÑA           ; 08 ; Barcelona ; 298 ; VIC ; RB HOSPITAL 0011 ; 08500 ; Operativas ; 
BP ; BANCOS ; 0182 ; BANCO BILBAO VIZCAYA ARGENTARIA, SA (0182) ; ES ; ESPAÑA ; 09 ; CATALUÑA           ; 08 ; Barcelona ; 298 ; VIC ; PS DE LA GENERALITAT 0024 ; 08500 ; Operativas ; 
BP ; BANCOS ; 0182 ; BANCO BILBAO VIZCAYA ARGENTARIA, SA (0182) ; ES ; ESPAÑA ; 09 ; CATALUÑA           ; 08 ; Barcelona ; 300 ; VILADECAVALLS ; ZZ ANTONI SOLER I HOSPITAL 0002 ; 08232 ; Operativas ; 
BP ; BANCOS ; 0182 ; BANCO BILBAO VIZCAYA ARGENTARIA, SA (0182) ; ES ; ESPAÑA ; 09 ; CATALUÑA           ; 08 ; Barcelona ; 301 ; VILADECANS ; AV DE FRANCESC MACIA 5-7 ; 08840 ; Operativas ; 
BP ; BANCOS ; 0182 ; BANCO BILBAO VIZCAYA ARGENTARIA, SA (0182) ; ES ; ESPAÑA ; 09 ; CATALUÑA           ; 08 ; Barcelona ; 301 ; VILADECANS ; CL ANGEL ARANYO 46BIS ; 08840 ; Operativas ; 
BP ; BANCOS ; 0182 ; BANCO BILBAO VIZCAYA ARGENTARIA, SA (0182) ; ES ; ESPAÑA ; 09 ; CATALUÑA           ; 08 ; Barcelona ; 302 ; VILANOVA DEL CAMI ; AV VERGE DE MONTSERRAT 17-19 ; 08788 ; Operativas ; 
BP ; BANCOS ; 0182 ; BANCO BILBAO VIZCAYA ARGENTARIA, SA (0182) ; ES ; ESPAÑA ; 09 ; CATALUÑA           ; 08 ; Barcelona ; 305 ; VILAFRANCA DEL PENEDÈS ; RB DE NUESTRA SEÑORA 51 ; 08720 ; Operativas ; 
BP ; BANCOS ; 0182 ; BANCO BILBAO VIZCAYA ARGENTARIA, SA (0182) ; ES ; ESPAÑA ; 09 ; CATALUÑA           ; 08 ; Barcelona ; 305 ; VILAFRANCA DEL PENEDÈS ; RB DE LA GIRADA 11-13 ; 08720 ; Operativas ; 
BP ; BANCOS ; 0182 ; BANCO BILBAO VIZCAYA ARGENTARIA, SA (0182) ; ES ; ESPAÑA ; 09 ; CATALUÑA           ; 08 ; Barcelona ; 307 ; VILANOVA I LA GELTRU ; RB PRINCIPAL 21 ; 08800 ; Operativas ; 
BP ; BANCOS ; 0182 ; BANCO BILBAO VIZCAYA ARGENTARIA, SA (0182) ; ES ; ESPAÑA ; 09 ; CATALUÑA           ; 08 ; Barcelona ; 307 ; VILANOVA I LA GELTRU ; CL FRANCES MACIA 128 ; 08800 ; Operativas ; 
BP ; BANCOS ; 0182 ; BANCO BILBAO VIZCAYA ARGENTARIA, SA (0182) ; ES ; ESPAÑA ; 09 ; CATALUÑA           ; 08 ; Barcelona ; 902 ; VILANOVA DEL VALLÈS ; PS DEL CENTENARI 15 ; 08410 ; Operativas ; 
BP ; BANCOS ; 0182 ; BANCO BILBAO VIZCAYA ARGENTARIA, SA (0182) ; ES ; ESPAÑA ; 09 ; CATALUÑA           ; 17 ; Girona ; 006 ; ALP ; PS INES FABRA 24 ; 17538 ; Operativas ; 
BP ; BANCOS ; 0182 ; BANCO BILBAO VIZCAYA ARGENTARIA, SA (0182) ; ES ; ESPAÑA ; 09 ; CATALUÑA           ; 17 ; Girona ; 008 ; ANGLÈS ; CL INDUSTRIA 17 ; 17160 ; Operativas ; 
BP ; BANCOS ; 0182 ; BANCO BILBAO VIZCAYA ARGENTARIA, SA (0182) ; ES ; ESPAÑA ; 09 ; CATALUÑA           ; 17 ; Girona ; 009 ; ARBUCIES ; CL CAMPRODON 30 ; 17401 ; Operativas ; 
BP ; BANCOS ; 0182 ; BANCO BILBAO VIZCAYA ARGENTARIA, SA (0182) ; ES ; ESPAÑA ; 09 ; CATALUÑA           ; 17 ; Girona ; 015 ; BANYOLES ; CL PAISOS CATALANS 4 ; 17820 ; Operativas ; 
BP ; BANCOS ; 0182 ; BANCO BILBAO VIZCAYA ARGENTARIA, SA (0182) ; ES ; ESPAÑA ; 09 ; CATALUÑA           ; 17 ; Girona ; 019 ; BESALU ; AV DE PRES. LL. COMPANYS 2-4 ; 17850 ; Operativas ; 
BP ; BANCOS ; 0182 ; BANCO BILBAO VIZCAYA ARGENTARIA, SA (0182) ; ES ; ESPAÑA ; 09 ; CATALUÑA           ; 17 ; Girona ; 022 ; BISBAL D'EMPORDÀ (LA) ; CL 6 D'OCTUBRE DE 1869 2 ; 17100 ; Operativas ; 
BP ; BANCOS ; 0182 ; BANCO BILBAO VIZCAYA ARGENTARIA, SA (0182) ; ES ; ESPAÑA ; 09 ; CATALUÑA           ; 17 ; Girona ; 023 ; BLANES ; CL JOAQUINRUYRA 73 ; 17300 ; Operativas ; 
BP ; BANCOS ; 0182 ; BANCO BILBAO VIZCAYA ARGENTARIA, SA (0182) ; ES ; ESPAÑA ; 09 ; CATALUÑA           ; 17 ; Girona ; 032 ; CADAQUES ; AV DE CARITAT SERINYANA 4 ; 17488 ; Operativas ; 
BP ; BANCOS ; 0182 ; BANCO BILBAO VIZCAYA ARGENTARIA, SA (0182) ; ES ; ESPAÑA ; 09 ; CATALUÑA           ; 17 ; Girona ; 044 ; CASSÀ DE LA SELVA ; CL MARINA 44 ; 17244 ; Operativas ; 
BP ; BANCOS ; 0182 ; BANCO BILBAO VIZCAYA ARGENTARIA, SA (0182) ; ES ; ESPAÑA ; 09 ; CATALUÑA           ; 17 ; Girona ; 047 ; CASTELLO D'EMPURIES ; CL SANTMORI 4-5 ; 17487 ; Operativas ; 
BP ; BANCOS ; 0182 ; BANCO BILBAO VIZCAYA ARGENTARIA, SA (0182) ; ES ; ESPAÑA ; 09 ; CATALUÑA           ; 17 ; Girona ; 048 ; CASTELL-PLATJA D'ARO ; AV CAVALL BERNAT 29 ; 17250 ; Operativas ; 
BP ; BANCOS ; 0182 ; BANCO BILBAO VIZCAYA ARGENTARIA, SA (0182) ; ES ; ESPAÑA ; 09 ; CATALUÑA           ; 17 ; Girona ; 062 ; ESCALA (L') ; CL AVEMARIA 28 ; 17130 ; Operativas ; 
BP ; BANCOS ; 0182 ; BANCO BILBAO VIZCAYA ARGENTARIA, SA (0182) ; ES ; ESPAÑA ; 09 ; CATALUÑA           ; 17 ; Girona ; 066 ; FIGUERES ; PZ DE LA PALMERA 6 ; 17600 ; Operativas ; 
BP ; BANCOS ; 0182 ; BANCO BILBAO VIZCAYA ARGENTARIA, SA (0182) ; ES ; ESPAÑA ; 09 ; CATALUÑA           ; 17 ; Girona ; 079 ; GIRONA ; PZ DEL MARQUES DE CAMPS 6 ; 17001 ; Operativas ; 
BP ; BANCOS ; 0182 ; BANCO BILBAO VIZCAYA ARGENTARIA, SA (0182) ; ES ; ESPAÑA ; 09 ; CATALUÑA           ; 17 ; Girona ; 079 ; GIRONA ; CL JOAN MARAGALL 36 ; 17002 ; Operativas ; 
BP ; BANCOS ; 0182 ; BANCO BILBAO VIZCAYA ARGENTARIA, SA (0182) ; ES ; ESPAÑA ; 09 ; CATALUÑA           ; 17 ; Girona ; 079 ; GIRONA ; ZZ CAMPCARDS 0033 ; 17006 ; Operativas ; 
BP ; BANCOS ; 0182 ; BANCO BILBAO VIZCAYA ARGENTARIA, SA (0182) ; ES ; ESPAÑA ; 09 ; CATALUÑA           ; 17 ; Girona ; 086 ; JONQUERA (LA) ; CL MAJOR 88 ; 17700 ; Operativas ; 
BP ; BANCOS ; 0182 ; BANCO BILBAO VIZCAYA ARGENTARIA, SA (0182) ; ES ; ESPAÑA ; 09 ; CATALUÑA           ; 17 ; Girona ; 095 ; LLORET DE MAR ; CL PSDE AGUSTIFONT 11 ; 17310 ; Operativas ; 
BP ; BANCOS ; 0182 ; BANCO BILBAO VIZCAYA ARGENTARIA, SA (0182) ; ES ; ESPAÑA ; 09 ; CATALUÑA           ; 17 ; Girona ; 114 ; OLOT ; AV DE GIRONA 59 ; 17800 ; Operativas ; 
BP ; BANCOS ; 0182 ; BANCO BILBAO VIZCAYA ARGENTARIA, SA (0182) ; ES ; ESPAÑA ; 09 ; CATALUÑA           ; 17 ; Girona ; 114 ; OLOT ; CL BISBE LORENZANA 9 ; 17800 ; Operativas ; 
BP ; BANCOS ; 0182 ; BANCO BILBAO VIZCAYA ARGENTARIA, SA (0182) ; ES ; ESPAÑA ; 09 ; CATALUÑA           ; 17 ; Girona ; 117 ; PALAFRUGELL ; CL CAVALLERS 14 ; 17200 ; Operativas ; 
BP ; BANCOS ; 0182 ; BANCO BILBAO VIZCAYA ARGENTARIA, SA (0182) ; ES ; ESPAÑA ; 09 ; CATALUÑA           ; 17 ; Girona ; 118 ; PALAMOS ; AV DE 11 DE SETEMBRE 49 ; 17230 ; Operativas ; 
BP ; BANCOS ; 0182 ; BANCO BILBAO VIZCAYA ARGENTARIA, SA (0182) ; ES ; ESPAÑA ; 09 ; CATALUÑA           ; 17 ; Girona ; 141 ; PUIGCERDÀ ; PZ DE L'AJUNTAMENT CANTONADA ALFONSO I S/N ; 17520 ; Operativas ; 
BP ; BANCOS ; 0182 ; BANCO BILBAO VIZCAYA ARGENTARIA, SA (0182) ; ES ; ESPAÑA ; 09 ; CATALUÑA           ; 17 ; Girona ; 145 ; RIBES DE FRESER ; CL MAJOR 36 ; 17534 ; Operativas ; 
BP ; BANCOS ; 0182 ; BANCO BILBAO VIZCAYA ARGENTARIA, SA (0182) ; ES ; ESPAÑA ; 09 ; CATALUÑA           ; 17 ; Girona ; 147 ; RIPOLL ; CL MACIA BONAPLATA 2 ; 17500 ; Operativas ; 
BP ; BANCOS ; 0182 ; BANCO BILBAO VIZCAYA ARGENTARIA, SA (0182) ; ES ; ESPAÑA ; 09 ; CATALUÑA           ; 17 ; Girona ; 152 ; ROSES ; AV RHODE 181 ; 17480 ; Operativas ; 
BP ; BANCOS ; 0182 ; BANCO BILBAO VIZCAYA ARGENTARIA, SA (0182) ; ES ; ESPAÑA ; 09 ; CATALUÑA           ; 17 ; Girona ; 155 ; SALT ; CL MAJOR 163 ; 17190 ; Operativas ; 
BP ; BANCOS ; 0182 ; BANCO BILBAO VIZCAYA ARGENTARIA, SA (0182) ; ES ; ESPAÑA ; 09 ; CATALUÑA           ; 17 ; Girona ; 160 ; SANT FELIU DE GUIXOLS ; PS DEL MAR 32 ; 17220 ; Operativas ; 
BP ; BANCOS ; 0182 ; BANCO BILBAO VIZCAYA ARGENTARIA, SA (0182) ; ES ; ESPAÑA ; 09 ; CATALUÑA           ; 17 ; Girona ; 180 ; SANTA COLOMA DE FARNERS ; ZZ ANSELM CLAVE 2 ; 17430 ; Operativas ; 
BP ; BANCOS ; 0182 ; BANCO BILBAO VIZCAYA ARGENTARIA, SA (0182) ; ES ; ESPAÑA ; 09 ; CATALUÑA           ; 17 ; Girona ; 186 ; SARRIÀ DE TER ; CL MAJOR 88-90 ; 17840 ; Operativas ; 
BP ; BANCOS ; 0182 ; BANCO BILBAO VIZCAYA ARGENTARIA, SA (0182) ; ES ; ESPAÑA ; 09 ; CATALUÑA           ; 17 ; Girona ; 199 ; TORROELLA DE MONTGRI ; CL PRIMITIU ARTIGAS 5 ; 17257 ; Operativas ; 
BP ; BANCOS ; 0182 ; BANCO BILBAO VIZCAYA ARGENTARIA, SA (0182) ; ES ; ESPAÑA ; 09 ; CATALUÑA           ; 17 ; Girona ; 207 ; VALL D'EN BAS (LA) ; CL OLOT 17-19 ; 17176 ; Operativas ; 
BP ; BANCOS ; 0182 ; BANCO BILBAO VIZCAYA ARGENTARIA, SA (0182) ; ES ; ESPAÑA ; 09 ; CATALUÑA           ; 25 ; Lleida ; 003 ; AGRAMUNT ; AV AGUSTI ROS 2 ; 25310 ; Operativas ; 
BP ; BANCOS ; 0182 ; BANCO BILBAO VIZCAYA ARGENTARIA, SA (0182) ; ES ; ESPAÑA ; 09 ; CATALUÑA           ; 25 ; Lleida ; 007 ; ALBATÀRRECH ; CL DOCTOR ROBERT 104 ; 25171 ; Operativas ; 
BP ; BANCOS ; 0182 ; BANCO BILBAO VIZCAYA ARGENTARIA, SA (0182) ; ES ; ESPAÑA ; 09 ; CATALUÑA           ; 25 ; Lleida ; 011 ; ALCARRÀS ; CL MAJOR 114 ; 25180 ; Operativas ; 
BP ; BANCOS ; 0182 ; BANCO BILBAO VIZCAYA ARGENTARIA, SA (0182) ; ES ; ESPAÑA ; 09 ; CATALUÑA           ; 25 ; Lleida ; 019 ; ALMACELLES ; CL MAJOR 37 ; 25100 ; Operativas ; 
BP ; BANCOS ; 0182 ; BANCO BILBAO VIZCAYA ARGENTARIA, SA (0182) ; ES ; ESPAÑA ; 09 ; CATALUÑA           ; 25 ; Lleida ; 034 ; ARTESA DE SEGRE ; CR DE AGRAMUNT 10 ; 25730 ; Operativas ; 
BP ; BANCOS ; 0182 ; BANCO BILBAO VIZCAYA ARGENTARIA, SA (0182) ; ES ; ESPAÑA ; 09 ; CATALUÑA           ; 25 ; Lleida ; 038 ; AITONA ; CL 27 DE GENER 48 ; 25182 ; Operativas ; 
BP ; BANCOS ; 0182 ; BANCO BILBAO VIZCAYA ARGENTARIA, SA (0182) ; ES ; ESPAÑA ; 09 ; CATALUÑA           ; 25 ; Lleida ; 040 ; BALAGUER ; PS DE L'ESTACIO 16 ; 25600 ; Operativas ; 
BP ; BANCOS ; 0182 ; BANCO BILBAO VIZCAYA ARGENTARIA, SA (0182) ; ES ; ESPAÑA ; 09 ; CATALUÑA           ; 25 ; Lleida ; 050 ; BELLPUIG ; PZ DE RAMON BERTRAN 12 ; 25250 ; Operativas ; 
BP ; BANCOS ; 0182 ; BANCO BILBAO VIZCAYA ARGENTARIA, SA (0182) ; ES ; ESPAÑA ; 09 ; CATALUÑA           ; 25 ; Lleida ; 058 ; BORGES BLANQUES (LES) ; CL CARME 24 ; 25400 ; Operativas ; 
BP ; BANCOS ; 0182 ; BANCO BILBAO VIZCAYA ARGENTARIA, SA (0182) ; ES ; ESPAÑA ; 09 ; CATALUÑA           ; 25 ; Lleida ; 072 ; CERVERA ; CL GUINEDILDA 4 ; 25200 ; Operativas ; 
BP ; BANCOS ; 0182 ; BANCO BILBAO VIZCAYA ARGENTARIA, SA (0182) ; ES ; ESPAÑA ; 09 ; CATALUÑA           ; 25 ; Lleida ; 110 ; GUISSONA ; CL LA BISBAL 7 ; 25210 ; Operativas ; 
BP ; BANCOS ; 0182 ; BANCO BILBAO VIZCAYA ARGENTARIA, SA (0182) ; ES ; ESPAÑA ; 09 ; CATALUÑA           ; 25 ; Lleida ; 115 ; ISONA I CONCA DELLÀ ; PZ DEL PORTAL 9 ; 25650 ; Operativas ; 
BP ; BANCOS ; 0182 ; BANCO BILBAO VIZCAYA ARGENTARIA, SA (0182) ; ES ; ESPAÑA ; 09 ; CATALUÑA           ; 25 ; Lleida ; 119 ; JUNEDA ; CL DE LA FONT 40 ; 25430 ; Operativas ; 
BP ; BANCOS ; 0182 ; BANCO BILBAO VIZCAYA ARGENTARIA, SA (0182) ; ES ; ESPAÑA ; 09 ; CATALUÑA           ; 25 ; Lleida ; 120 ; LLEIDA ; ZZ HOSTAL DE LA BORDETA 0018 ; 25001 ; Operativas ; 
BP ; BANCOS ; 0182 ; BANCO BILBAO VIZCAYA ARGENTARIA, SA (0182) ; ES ; ESPAÑA ; 09 ; CATALUÑA           ; 25 ; Lleida ; 120 ; LLEIDA ; ZZ PENEDES 0067 ; 25005 ; Operativas ; 
BP ; BANCOS ; 0182 ; BANCO BILBAO VIZCAYA ARGENTARIA, SA (0182) ; ES ; ESPAÑA ; 09 ; CATALUÑA           ; 25 ; Lleida ; 120 ; LLEIDA ; CM DE CORBINS 31 ; 25005 ; Operativas ; 
BP ; BANCOS ; 0182 ; BANCO BILBAO VIZCAYA ARGENTARIA, SA (0182) ; ES ; ESPAÑA ; 09 ; CATALUÑA           ; 25 ; Lleida ; 120 ; LLEIDA ; CL LLIBERTAT 17-19 ; 25005 ; Operativas ; 
BP ; BANCOS ; 0182 ; BANCO BILBAO VIZCAYA ARGENTARIA, SA (0182) ; ES ; ESPAÑA ; 09 ; CATALUÑA           ; 25 ; Lleida ; 120 ; LLEIDA ; AV DE VALENCIA 20-22 ; 25001 ; Operativas ; 
BP ; BANCOS ; 0182 ; BANCO BILBAO VIZCAYA ARGENTARIA, SA (0182) ; ES ; ESPAÑA ; 09 ; CATALUÑA           ; 25 ; Lleida ; 120 ; LLEIDA ; RB DE FERRAN 30 ; 25007 ; Operativas ; 
BP ; BANCOS ; 0182 ; BANCO BILBAO VIZCAYA ARGENTARIA, SA (0182) ; ES ; ESPAÑA ; 09 ; CATALUÑA           ; 25 ; Lleida ; 120 ; LLEIDA ; CL LLUIS COMPANYS 25 ; 25003 ; Operativas ; 
BP ; BANCOS ; 0182 ; BANCO BILBAO VIZCAYA ARGENTARIA, SA (0182) ; ES ; ESPAÑA ; 09 ; CATALUÑA           ; 25 ; Lleida ; 120 ; LLEIDA ; AV BALMES 32-34 ; 25006 ; Operativas ; 
BP ; BANCOS ; 0182 ; BANCO BILBAO VIZCAYA ARGENTARIA, SA (0182) ; ES ; ESPAÑA ; 09 ; CATALUÑA           ; 25 ; Lleida ; 122 ; LINYOLA ; CL PRAT DE LA RIBA 1 ; 25240 ; Operativas ; 
BP ; BANCOS ; 0182 ; BANCO BILBAO VIZCAYA ARGENTARIA, SA (0182) ; ES ; ESPAÑA ; 09 ; CATALUÑA           ; 25 ; Lleida ; 137 ; MOLLERUSSA ; PZ DE AJUNTAMENT 4 ; 25230 ; Operativas ; 
BP ; BANCOS ; 0182 ; BANCO BILBAO VIZCAYA ARGENTARIA, SA (0182) ; ES ; ESPAÑA ; 09 ; CATALUÑA           ; 25 ; Lleida ; 149 ; OLIANA ; AV DE L'ALT URGELL 23 ; 25790 ; Operativas ; 
BP ; BANCOS ; 0182 ; BANCO BILBAO VIZCAYA ARGENTARIA, SA (0182) ; ES ; ESPAÑA ; 09 ; CATALUÑA           ; 25 ; Lleida ; 155 ; ORGANYÀ ; CL MAJOR 14 ; 25794 ; Operativas ; 
BP ; BANCOS ; 0182 ; BANCO BILBAO VIZCAYA ARGENTARIA, SA (0182) ; ES ; ESPAÑA ; 09 ; CATALUÑA           ; 25 ; Lleida ; 171 ; POBLA DE SEGUR (LA) ; CL SANT MIQUEL DEL PUI 9 ; 25500 ; Operativas ; 
BP ; BANCOS ; 0182 ; BANCO BILBAO VIZCAYA ARGENTARIA, SA (0182) ; ES ; ESPAÑA ; 09 ; CATALUÑA           ; 25 ; Lleida ; 172 ; PONTS ; CL SANT CRISTOFOL 4 ; 25740 ; Operativas ; 
BP ; BANCOS ; 0182 ; BANCO BILBAO VIZCAYA ARGENTARIA, SA (0182) ; ES ; ESPAÑA ; 09 ; CATALUÑA           ; 25 ; Lleida ; 203 ; SEU D'URGELL (LA) ; CL SANT OT 2 ; 25700 ; Operativas ; 
BP ; BANCOS ; 0182 ; BANCO BILBAO VIZCAYA ARGENTARIA, SA (0182) ; ES ; ESPAÑA ; 09 ; CATALUÑA           ; 25 ; Lleida ; 207 ; SOLSONA ; CL CASTELL 21 ; 25280 ; Operativas ; 
BP ; BANCOS ; 0182 ; BANCO BILBAO VIZCAYA ARGENTARIA, SA (0182) ; ES ; ESPAÑA ; 09 ; CATALUÑA           ; 25 ; Lleida ; 217 ; TÀRREGA ; PZ DEL CARME 7 ; 25300 ; Operativas ; 
BP ; BANCOS ; 0182 ; BANCO BILBAO VIZCAYA ARGENTARIA, SA (0182) ; ES ; ESPAÑA ; 09 ; CATALUÑA           ; 25 ; Lleida ; 228 ; TORREFARRERA ; CL SANT SEBASTIA 1-3 ; 25123 ; Operativas ; 
BP ; BANCOS ; 0182 ; BANCO BILBAO VIZCAYA ARGENTARIA, SA (0182) ; ES ; ESPAÑA ; 09 ; CATALUÑA           ; 25 ; Lleida ; 234 ; TREMP ; AV DE ESPAÑA 24 ; 25620 ; Operativas ; 
BP ; BANCOS ; 0182 ; BANCO BILBAO VIZCAYA ARGENTARIA, SA (0182) ; ES ; ESPAÑA ; 09 ; CATALUÑA           ; 25 ; Lleida ; 243 ; VIELHA E MIJARAN ; AV CASTIERO 7 ; 25530 ; Operativas ; 
BP ; BANCOS ; 0182 ; BANCO BILBAO VIZCAYA ARGENTARIA, SA (0182) ; ES ; ESPAÑA ; 09 ; CATALUÑA           ; 43 ; Tarragona ; 005 ; ALCOVER ; ZZ ESGLESIA VELLA 3 ; 43460 ; Operativas ; 
BP ; BANCOS ; 0182 ; BANCO BILBAO VIZCAYA ARGENTARIA, SA (0182) ; ES ; ESPAÑA ; 09 ; CATALUÑA           ; 43 ; Tarragona ; 012 ; ALTAFULLA ; ZZ CANTO DE LA VILA 1 ; 43893 ; Operativas ; 
BP ; BANCOS ; 0182 ; BANCO BILBAO VIZCAYA ARGENTARIA, SA (0182) ; ES ; ESPAÑA ; 09 ; CATALUÑA           ; 43 ; Tarragona ; 013 ; AMETLLA DE MAR (L') ; CL D'ANDREU LLAMBRICH 42 ; 43860 ; Operativas ; 
BP ; BANCOS ; 0182 ; BANCO BILBAO VIZCAYA ARGENTARIA, SA (0182) ; ES ; ESPAÑA ; 09 ; CATALUÑA           ; 43 ; Tarragona ; 014 ; AMPOSTA ; AV DE L'ALCALDE PALAU 55 ; 43870 ; Operativas ; 
BP ; BANCOS ; 0182 ; BANCO BILBAO VIZCAYA ARGENTARIA, SA (0182) ; ES ; ESPAÑA ; 09 ; CATALUÑA           ; 43 ; Tarragona ; 019 ; ASCO ; ZZ CREU NOVA 15 ; 43791 ; Operativas ; 
BP ; BANCOS ; 0182 ; BANCO BILBAO VIZCAYA ARGENTARIA, SA (0182) ; ES ; ESPAÑA ; 09 ; CATALUÑA           ; 43 ; Tarragona ; 037 ; CALAFELL ; CL SANT PERE 20 ; 43820 ; Operativas ; 
BP ; BANCOS ; 0182 ; BANCO BILBAO VIZCAYA ARGENTARIA, SA (0182) ; ES ; ESPAÑA ; 09 ; CATALUÑA           ; 43 ; Tarragona ; 038 ; CAMBRILS ; CL PERE III 10 ; 43850 ; Operativas ; 
BP ; BANCOS ; 0182 ; BANCO BILBAO VIZCAYA ARGENTARIA, SA (0182) ; ES ; ESPAÑA ; 09 ; CATALUÑA           ; 43 ; Tarragona ; 038 ; CAMBRILS ; CL DOCTOR RASSANES 4-6 ; 43850 ; Operativas ; 
BP ; BANCOS ; 0182 ; BANCO BILBAO VIZCAYA ARGENTARIA, SA (0182) ; ES ; ESPAÑA ; 09 ; CATALUÑA           ; 43 ; Tarragona ; 047 ; CONSTANTI ; AV DE 11 DE SETEMBRE 3 ; 43120 ; Operativas ; 
BP ; BANCOS ; 0182 ; BANCO BILBAO VIZCAYA ARGENTARIA, SA (0182) ; ES ; ESPAÑA ; 09 ; CATALUÑA           ; 43 ; Tarragona ; 051 ; CUNIT ; AV BARCELONA 50-54 ; 43881 ; Operativas ; 
BP ; BANCOS ; 0182 ; BANCO BILBAO VIZCAYA ARGENTARIA, SA (0182) ; ES ; ESPAÑA ; 09 ; CATALUÑA           ; 43 ; Tarragona ; 060 ; FLIX ; PZ ESGLÉSIA 4 ; 43750 ; Operativas ; 
BP ; BANCOS ; 0182 ; BANCO BILBAO VIZCAYA ARGENTARIA, SA (0182) ; ES ; ESPAÑA ; 09 ; CATALUÑA           ; 43 ; Tarragona ; 064 ; GANDESA ; AV DE CATALUNYA 1 ; 43780 ; Operativas ; 
BP ; BANCOS ; 0182 ; BANCO BILBAO VIZCAYA ARGENTARIA, SA (0182) ; ES ; ESPAÑA ; 09 ; CATALUÑA           ; 43 ; Tarragona ; 086 ; MONTBLANC ; PZ MAJOR 11 ; 43400 ; Operativas ; 
BP ; BANCOS ; 0182 ; BANCO BILBAO VIZCAYA ARGENTARIA, SA (0182) ; ES ; ESPAÑA ; 09 ; CATALUÑA           ; 43 ; Tarragona ; 092 ; MONTROIG DEL CAMP ; AV DE CATALUNYA 7 ; 43300 ; Operativas ; 
BP ; BANCOS ; 0182 ; BANCO BILBAO VIZCAYA ARGENTARIA, SA (0182) ; ES ; ESPAÑA ; 09 ; CATALUÑA           ; 43 ; Tarragona ; 092 ; MONTROIG DEL CAMP ; PZ DE TARRAGONA 3 ; 43892 ; Operativas ; 
BP ; BANCOS ; 0182 ; BANCO BILBAO VIZCAYA ARGENTARIA, SA (0182) ; ES ; ESPAÑA ; 09 ; CATALUÑA           ; 43 ; Tarragona ; 093 ; MORA D'EBRE ; CL DOCTOR PERIS 17 ; 43740 ; Operativas ; 
BP ; BANCOS ; 0182 ; BANCO BILBAO VIZCAYA ARGENTARIA, SA (0182) ; ES ; ESPAÑA ; 09 ; CATALUÑA           ; 43 ; Tarragona ; 095 ; MORELL (EL) ; RB JOAN MARAGALL 13 ; 43760 ; Operativas ; 
BP ; BANCOS ; 0182 ; BANCO BILBAO VIZCAYA ARGENTARIA, SA (0182) ; ES ; ESPAÑA ; 09 ; CATALUÑA           ; 43 ; Tarragona ; 108 ; PLA DE SANTA MARIA (EL) ; ZZ RERIA 41 ; 43810 ; Operativas ; 
BP ; BANCOS ; 0182 ; BANCO BILBAO VIZCAYA ARGENTARIA, SA (0182) ; ES ; ESPAÑA ; 09 ; CATALUÑA           ; 43 ; Tarragona ; 123 ; REUS ; AV DE PERE EL CERIMONIOS 13 ; 43204 ; Operativas ; 
BP ; BANCOS ; 0182 ; BANCO BILBAO VIZCAYA ARGENTARIA, SA (0182) ; ES ; ESPAÑA ; 09 ; CATALUÑA           ; 43 ; Tarragona ; 123 ; REUS ; PS DE PRIM 35 ; 43205 ; Operativas ; 
BP ; BANCOS ; 0182 ; BANCO BILBAO VIZCAYA ARGENTARIA, SA (0182) ; ES ; ESPAÑA ; 09 ; CATALUÑA           ; 43 ; Tarragona ; 123 ; REUS ; PZ DE PRIM 10 ; 43201 ; Operativas ; 
BP ; BANCOS ; 0182 ; BANCO BILBAO VIZCAYA ARGENTARIA, SA (0182) ; ES ; ESPAÑA ; 09 ; CATALUÑA           ; 43 ; Tarragona ; 123 ; REUS ; CL PARE GIL 9 ; 43202 ; Operativas ; 
BP ; BANCOS ; 0182 ; BANCO BILBAO VIZCAYA ARGENTARIA, SA (0182) ; ES ; ESPAÑA ; 09 ; CATALUÑA           ; 43 ; Tarragona ; 125 ; RIBA-ROJA D'EBRE ; PZ D'ESGLESIA 3 ; 43790 ; Operativas ; 
BP ; BANCOS ; 0182 ; BANCO BILBAO VIZCAYA ARGENTARIA, SA (0182) ; ES ; ESPAÑA ; 09 ; CATALUÑA           ; 43 ; Tarragona ; 129 ; RIUDOMS ; PZ PETITA 8 ; 43330 ; Operativas ; 
BP ; BANCOS ; 0182 ; BANCO BILBAO VIZCAYA ARGENTARIA, SA (0182) ; ES ; ESPAÑA ; 09 ; CATALUÑA           ; 43 ; Tarragona ; 131 ; RODA DE BERÀ ; CL TARRAGONES 1 ; 43883 ; Operativas ; 
BP ; BANCOS ; 0182 ; BANCO BILBAO VIZCAYA ARGENTARIA, SA (0182) ; ES ; ESPAÑA ; 09 ; CATALUÑA           ; 43 ; Tarragona ; 133 ; ROQUETES ; AV DIPUTACIO 0000 ; 43520 ; Operativas ; 
BP ; BANCOS ; 0182 ; BANCO BILBAO VIZCAYA ARGENTARIA, SA (0182) ; ES ; ESPAÑA ; 09 ; CATALUÑA           ; 43 ; Tarragona ; 136 ; SANT CARLES DE LA RÀPITA ; CL CONSTANCIA 3 ; 43540 ; Operativas ; 
BP ; BANCOS ; 0182 ; BANCO BILBAO VIZCAYA ARGENTARIA, SA (0182) ; ES ; ESPAÑA ; 09 ; CATALUÑA           ; 43 ; Tarragona ; 148 ; TARRAGONA ; RB NOVA 109 ; 43001 ; Operativas ; 
BP ; BANCOS ; 0182 ; BANCO BILBAO VIZCAYA ARGENTARIA, SA (0182) ; ES ; ESPAÑA ; 09 ; CATALUÑA           ; 43 ; Tarragona ; 148 ; TARRAGONA ; CL PEREMARTELL 7 ; 43001 ; Operativas ; 
BP ; BANCOS ; 0182 ; BANCO BILBAO VIZCAYA ARGENTARIA, SA (0182) ; ES ; ESPAÑA ; 09 ; CATALUÑA           ; 43 ; Tarragona ; 148 ; TARRAGONA ; CL MASRICART 8 ; 43110 ; Operativas ; 
BP ; BANCOS ; 0182 ; BANCO BILBAO VIZCAYA ARGENTARIA, SA (0182) ; ES ; ESPAÑA ; 09 ; CATALUÑA           ; 43 ; Tarragona ; 148 ; TARRAGONA ; CL LERIDA 20-22 ; 43001 ; Operativas ; 
BP ; BANCOS ; 0182 ; BANCO BILBAO VIZCAYA ARGENTARIA, SA (0182) ; ES ; ESPAÑA ; 09 ; CATALUÑA           ; 43 ; Tarragona ; 148 ; TARRAGONA ; CL ILLES BALEARS 7 ; 43006 ; Operativas ; 
BP ; BANCOS ; 0182 ; BANCO BILBAO VIZCAYA ARGENTARIA, SA (0182) ; ES ; ESPAÑA ; 09 ; CATALUÑA           ; 43 ; Tarragona ; 148 ; TARRAGONA ; CL 21 25 ; 43100 ; Operativas ; 
BP ; BANCOS ; 0182 ; BANCO BILBAO VIZCAYA ARGENTARIA, SA (0182) ; ES ; ESPAÑA ; 09 ; CATALUÑA           ; 43 ; Tarragona ; 148 ; TARRAGONA ; CL RIU GLORIETA 24 ; 43006 ; Operativas ; 
BP ; BANCOS ; 0182 ; BANCO BILBAO VIZCAYA ARGENTARIA, SA (0182) ; ES ; ESPAÑA ; 09 ; CATALUÑA           ; 43 ; Tarragona ; 148 ; TARRAGONA ; ZZ EDTARRAGONESLOCAL 1 ; 43007 ; Operativas ; 
BP ; BANCOS ; 0182 ; BANCO BILBAO VIZCAYA ARGENTARIA, SA (0182) ; ES ; ESPAÑA ; 09 ; CATALUÑA           ; 43 ; Tarragona ; 148 ; TARRAGONA ; AV DE CATALUNYA 23 ; 43002 ; Operativas ; 
BP ; BANCOS ; 0182 ; BANCO BILBAO VIZCAYA ARGENTARIA, SA (0182) ; ES ; ESPAÑA ; 09 ; CATALUÑA           ; 43 ; Tarragona ; 148 ; TARRAGONA ; RB NOVA 58-60 ; 43004 ; Operativas ; 
BP ; BANCOS ; 0182 ; BANCO BILBAO VIZCAYA ARGENTARIA, SA (0182) ; ES ; ESPAÑA ; 09 ; CATALUÑA           ; 43 ; Tarragona ; 153 ; TORREDEMBARRA ; CL ANTONIO ROIG 41 ; 43830 ; Operativas ; 
BP ; BANCOS ; 0182 ; BANCO BILBAO VIZCAYA ARGENTARIA, SA (0182) ; ES ; ESPAÑA ; 09 ; CATALUÑA           ; 43 ; Tarragona ; 155 ; TORTOSA ; PZ ALFONSO XII 11 ; 43500 ; Operativas ; 
BP ; BANCOS ; 0182 ; BANCO BILBAO VIZCAYA ARGENTARIA, SA (0182) ; ES ; ESPAÑA ; 09 ; CATALUÑA           ; 43 ; Tarragona ; 155 ; TORTOSA ; AV DE COLON 8 ; 43500 ; Operativas ; 
BP ; BANCOS ; 0182 ; BANCO BILBAO VIZCAYA ARGENTARIA, SA (0182) ; ES ; ESPAÑA ; 09 ; CATALUÑA           ; 43 ; Tarragona ; 161 ; VALLS ; PZ EL PATI 10 ; 43800 ; Operativas ; 
BP ; BANCOS ; 0182 ; BANCO BILBAO VIZCAYA ARGENTARIA, SA (0182) ; ES ; ESPAÑA ; 09 ; CATALUÑA           ; 43 ; Tarragona ; 162 ; VANDELLÒS I L'HOSPITALET DE L'INFANT ; CL VIA AUGUSTA 23 ; 43890 ; Operativas ; 
BP ; BANCOS ; 0182 ; BANCO BILBAO VIZCAYA ARGENTARIA, SA (0182) ; ES ; ESPAÑA ; 09 ; CATALUÑA           ; 43 ; Tarragona ; 163 ; VENDRELL (EL) ; CL DEL DOCTOR ROBERT 18 ; 43700 ; Operativas ; 
BP ; BANCOS ; 0182 ; BANCO BILBAO VIZCAYA ARGENTARIA, SA (0182) ; ES ; ESPAÑA ; 09 ; CATALUÑA           ; 43 ; Tarragona ; 171 ; VILA-SECA ; AV RAMON D'OLZINA S/N ; 43480 ; Operativas ; 
BP ; BANCOS ; 0182 ; BANCO BILBAO VIZCAYA ARGENTARIA, SA (0182) ; ES ; ESPAÑA ; 09 ; CATALUÑA           ; 43 ; Tarragona ; 901 ; DELTEBRE ; CL  GOLES DE L'EBRE 211 ; 43580 ; Operativas ; 
BP ; BANCOS ; 0182 ; BANCO BILBAO VIZCAYA ARGENTARIA, SA (0182) ; ES ; ESPAÑA ; 09 ; CATALUÑA           ; 43 ; Tarragona ; 905 ; SALOU ; CL VIA ROMA 23 ; 43840 ; Operativas ; 
BP ; BANCOS ; 0186 ; BANCO MEDIOLANUM, S.A. (0186) ; ES ; ESPAÑA ; 09 ; CATALUÑA           ; 08 ; Barcelona ; 019 ; BARCELONA ; AV  DIAGONAL, 668-670 08034 ; 08034 ; Operativas ; 
BP ; BANCOS ; 0188 ; BANCO ALCALA, S.A. (0188) ; ES ; ESPAÑA ; 09 ; CATALUÑA           ; 08 ; Barcelona ; 019 ; BARCELONA ; AV DIAGONAL 532 ; 08006 ; Operativas ; 
BP ; BANCOS ; 0188 ; BANCO ALCALA, S.A. (0188) ; ES ; ESPAÑA ; 09 ; CATALUÑA           ; 25 ; Lleida ; 203 ; SEU D'URGELL (LA) ; PS JOAN BRUDIEU 13 ; 25700 ; Operativas ; 
BP ; BANCOS ; 0200 ; ANDBANK ESPAÑA BANCA PRIVADA, S.A. (0200) ; ES ; ESPAÑA ; 09 ; CATALUÑA           ; 08 ; Barcelona ; 019 ; BARCELONA ; AV DIAGONAL 00640 ; 08017 ; Operativas ; 
BP ; BANCOS ; 0200 ; ANDBANK ESPAÑA BANCA PRIVADA, S.A. (0200) ; ES ; ESPAÑA ; 09 ; CATALUÑA           ; 08 ; Barcelona ; 019 ; BARCELONA ; AV DIAGONAL 464 ; 08006 ; Operativas ; 
BP ; BANCOS ; 0200 ; ANDBANK ESPAÑA BANCA PRIVADA, S.A. (0200) ; ES ; ESPAÑA ; 09 ; CATALUÑA           ; 17 ; Girona ; 079 ; GIRONA ; CL GRAN VIA JAUME I 76 ; 17001 ; Operativas ; 
BP ; BANCOS ; 0200 ; ANDBANK ESPAÑA BANCA PRIVADA, S.A. (0200) ; ES ; ESPAÑA ; 09 ; CATALUÑA           ; 25 ; Lleida ; 120 ; LLEIDA ; PZ SANT JOAN 2-6 ; 25007 ; Operativas ; 
BP ; BANCOS ; 0200 ; ANDBANK ESPAÑA BANCA PRIVADA, S.A. (0200) ; ES ; ESPAÑA ; 09 ; CATALUÑA           ; 43 ; Tarragona ; 148 ; TARRAGONA ; RB NOVA 37 ; 43003 ; Operativas ; 
BP ; BANCOS ; 0234 ; CBNK BANCO DE COLECTIVOS, S.A. (0234) ; ES ; ESPAÑA ; 09 ; CATALUÑA           ; 08 ; Barcelona ; 019 ; BARCELONA ; CL VIA AUGUSTA 153 ; 08021 ; Operativas ; 
BP ; BANCOS ; 0235 ; BANCO PICHINCHA ESPAÑA, S.A. (0235) ; ES ; ESPAÑA ; 09 ; CATALUÑA           ; 08 ; Barcelona ; 019 ; BARCELONA ; CL PAU CLARIS 96 ; 08010 ; Operativas ; 
BP ; BANCOS ; 0235 ; BANCO PICHINCHA ESPAÑA, S.A. (0235) ; ES ; ESPAÑA ; 09 ; CATALUÑA           ; 08 ; Barcelona ; 019 ; BARCELONA ; RB CATALUNYA 135 ; 08008 ; Operativas ; 
BP ; BANCOS ; 0235 ; BANCO PICHINCHA ESPAÑA, S.A. (0235) ; ES ; ESPAÑA ; 09 ; CATALUÑA           ; 08 ; Barcelona ; 101 ; HOSPITALET DE LLOBREGAT(L') ; AV MASNOU 68 ; 08905 ; Operativas ; 
BP ; BANCOS ; 1490 ; SINGULAR BANK, S.A. (1490) ; ES ; ESPAÑA ; 09 ; CATALUÑA           ; 08 ; Barcelona ; 019 ; BARCELONA ; AV DIAGONAL 409 ; 08008 ; Operativas ; 
BP ; BANCOS ; 2080 ; ABANCA CORPORACION BANCARIA, S.A. (2080) ; ES ; ESPAÑA ; 09 ; CATALUÑA           ; 08 ; Barcelona ; 019 ; BARCELONA ; CL COMTE D'URGELL, 249-251 S/N ; 08036 ; Operativas ; 
BP ; BANCOS ; 2080 ; ABANCA CORPORACION BANCARIA, S.A. (2080) ; ES ; ESPAÑA ; 09 ; CATALUÑA           ; 08 ; Barcelona ; 019 ; BARCELONA ; AV DIAGONAL 437 ; 08036 ; Operativas ; 
BP ; BANCOS ; 2080 ; ABANCA CORPORACION BANCARIA, S.A. (2080) ; ES ; ESPAÑA ; 09 ; CATALUÑA           ; 08 ; Barcelona ; 019 ; BARCELONA ; CL CARRETERA DE SANTS 52 ; 08014 ; Operativas ; 
BP ; BANCOS ; 2080 ; ABANCA CORPORACION BANCARIA, S.A. (2080) ; ES ; ESPAÑA ; 09 ; CATALUÑA           ; 08 ; Barcelona ; 019 ; BARCELONA ; AV GRAN VIA DE LES CORTS CATALANES 613 ; 08007 ; Operativas ; 
BP ; BANCOS ; 2080 ; ABANCA CORPORACION BANCARIA, S.A. (2080) ; ES ; ESPAÑA ; 09 ; CATALUÑA           ; 08 ; Barcelona ; 019 ; BARCELONA ; CL CORSEGA 466 ; 08025 ; Operativas ; 
BP ; BANCOS ; 2080 ; ABANCA CORPORACION BANCARIA, S.A. (2080) ; ES ; ESPAÑA ; 09 ; CATALUÑA           ; 08 ; Barcelona ; 019 ; BARCELONA ; CL PROVIDENCIA 76 S/N ; 08024 ; Operativas ; 
BP ; BANCOS ; 2080 ; ABANCA CORPORACION BANCARIA, S.A. (2080) ; ES ; ESPAÑA ; 09 ; CATALUÑA           ; 08 ; Barcelona ; 019 ; BARCELONA ; ZZ VIA AUGUSTA 00133 ; 08021 ; Operativas ; 
BP ; BANCOS ; 2080 ; ABANCA CORPORACION BANCARIA, S.A. (2080) ; ES ; ESPAÑA ; 09 ; CATALUÑA           ; 08 ; Barcelona ; 019 ; BARCELONA ; AV GRAN VIA LES CORTS CATALANES 509 ; 08015 ; Operativas ; 
BP ; BANCOS ; 2080 ; ABANCA CORPORACION BANCARIA, S.A. (2080) ; ES ; ESPAÑA ; 09 ; CATALUÑA           ; 08 ; Barcelona ; 096 ; GRANOLLERS ; CL GERONA 27 ; 08400 ; Operativas ; 
BP ; BANCOS ; 2080 ; ABANCA CORPORACION BANCARIA, S.A. (2080) ; ES ; ESPAÑA ; 09 ; CATALUÑA           ; 08 ; Barcelona ; 101 ; HOSPITALET DE LLOBREGAT(L') ; CL COMERÇ 2 ; 08902 ; Operativas ; 
BP ; BANCOS ; 2080 ; ABANCA CORPORACION BANCARIA, S.A. (2080) ; ES ; ESPAÑA ; 09 ; CATALUÑA           ; 08 ; Barcelona ; 279 ; TERRASSA ; CL ANTONI TORRELLA 34 ; 08224 ; Operativas ; 
BP ; BANCOS ; 2080 ; ABANCA CORPORACION BANCARIA, S.A. (2080) ; ES ; ESPAÑA ; 09 ; CATALUÑA           ; 17 ; Girona ; 066 ; FIGUERES ; CL NOU 6 ; 17600 ; Operativas ; 
BP ; BANCOS ; 2080 ; ABANCA CORPORACION BANCARIA, S.A. (2080) ; ES ; ESPAÑA ; 09 ; CATALUÑA           ; 25 ; Lleida ; 120 ; LLEIDA ; PZ RICARD VINYES, 4. S/N ; 25006 ; Operativas ; 
BP ; BANCOS ; 2080 ; ABANCA CORPORACION BANCARIA, S.A. (2080) ; ES ; ESPAÑA ; 09 ; CATALUÑA           ; 43 ; Tarragona ; 148 ; TARRAGONA ; AV RAMON I CAJAL 28 ; 43001 ; Operativas ; 
BP ; BANCOS ; 2085 ; IBERCAJA BANCO, S.A. (2085) ; ES ; ESPAÑA ; 09 ; CATALUÑA           ; 08 ; Barcelona ; 015 ; BADALONA ; CL GERMA JULI 8 ; 08911 ; Operativas ; 
BP ; BANCOS ; 2085 ; IBERCAJA BANCO, S.A. (2085) ; ES ; ESPAÑA ; 09 ; CATALUÑA           ; 08 ; Barcelona ; 019 ; BARCELONA ; CL SANT JOAN DE MALTA 124 ; 08018 ; Operativas ; 
BP ; BANCOS ; 2085 ; IBERCAJA BANCO, S.A. (2085) ; ES ; ESPAÑA ; 09 ; CATALUÑA           ; 08 ; Barcelona ; 019 ; BARCELONA ; CL VALENCIA 531 ; 08013 ; Operativas ; 
BP ; BANCOS ; 2085 ; IBERCAJA BANCO, S.A. (2085) ; ES ; ESPAÑA ; 09 ; CATALUÑA           ; 08 ; Barcelona ; 019 ; BARCELONA ; RB GUIPUSCOA 93 ; 08020 ; Operativas ; 
BP ; BANCOS ; 2085 ; IBERCAJA BANCO, S.A. (2085) ; ES ; ESPAÑA ; 09 ; CATALUÑA           ; 08 ; Barcelona ; 019 ; BARCELONA ; TR DE DALT 11-13 ; 08024 ; Operativas ; 
BP ; BANCOS ; 2085 ; IBERCAJA BANCO, S.A. (2085) ; ES ; ESPAÑA ; 09 ; CATALUÑA           ; 08 ; Barcelona ; 019 ; BARCELONA ; CL Maestre Nicolau 5-7 ; 08021 ; Operativas ; 
BP ; BANCOS ; 2085 ; IBERCAJA BANCO, S.A. (2085) ; ES ; ESPAÑA ; 09 ; CATALUÑA           ; 08 ; Barcelona ; 019 ; BARCELONA ; PS FABRA I PUIG 158 ; 08016 ; Operativas ; 
BP ; BANCOS ; 2085 ; IBERCAJA BANCO, S.A. (2085) ; ES ; ESPAÑA ; 09 ; CATALUÑA           ; 08 ; Barcelona ; 019 ; BARCELONA ; CL MALLORCA 112 ; 08008 ; Operativas ; 
BP ; BANCOS ; 2085 ; IBERCAJA BANCO, S.A. (2085) ; ES ; ESPAÑA ; 09 ; CATALUÑA           ; 08 ; Barcelona ; 019 ; BARCELONA ; CL CASP 32 ; 08010 ; Operativas ; 
BP ; BANCOS ; 2085 ; IBERCAJA BANCO, S.A. (2085) ; ES ; ESPAÑA ; 09 ; CATALUÑA           ; 08 ; Barcelona ; 019 ; BARCELONA ; CL SANTS 258 ; 08028 ; Operativas ; 
BP ; BANCOS ; 2085 ; IBERCAJA BANCO, S.A. (2085) ; ES ; ESPAÑA ; 09 ; CATALUÑA           ; 08 ; Barcelona ; 019 ; BARCELONA ; AV DIAGONAL 612 ; 08021 ; Operativas ; 
BP ; BANCOS ; 2085 ; IBERCAJA BANCO, S.A. (2085) ; ES ; ESPAÑA ; 09 ; CATALUÑA           ; 08 ; Barcelona ; 056 ; CASTELLDEFELS ; AV CONSTITUCION 158 ; 08860 ; Operativas ; 
BP ; BANCOS ; 2085 ; IBERCAJA BANCO, S.A. (2085) ; ES ; ESPAÑA ; 09 ; CATALUÑA           ; 08 ; Barcelona ; 073 ; CORNELLÀ DE LLOBREGAT ; CL RAMBLA ANSELMO CLAVE 44 ; 08940 ; Operativas ; 
BP ; BANCOS ; 2085 ; IBERCAJA BANCO, S.A. (2085) ; ES ; ESPAÑA ; 09 ; CATALUÑA           ; 08 ; Barcelona ; 077 ; ESPLUGUES DE LLOBREGAT ; AV ISIDRO MARTI 32 ; 08950 ; Operativas ; 
BP ; BANCOS ; 2085 ; IBERCAJA BANCO, S.A. (2085) ; ES ; ESPAÑA ; 09 ; CATALUÑA           ; 08 ; Barcelona ; 089 ; GAVÀ ; CL RAMBLA VAYREDA 69-71 ; 08850 ; Operativas ; 
BP ; BANCOS ; 2085 ; IBERCAJA BANCO, S.A. (2085) ; ES ; ESPAÑA ; 09 ; CATALUÑA           ; 08 ; Barcelona ; 096 ; GRANOLLERS ; RB JOSEP TARRADELLAS 2 ; 08402 ; Operativas ; 
BP ; BANCOS ; 2085 ; IBERCAJA BANCO, S.A. (2085) ; ES ; ESPAÑA ; 09 ; CATALUÑA           ; 08 ; Barcelona ; 101 ; HOSPITALET DE LLOBREGAT(L') ; RB JUST OLIVERAS 60 ; 08901 ; Operativas ; 
BP ; BANCOS ; 2085 ; IBERCAJA BANCO, S.A. (2085) ; ES ; ESPAÑA ; 09 ; CATALUÑA           ; 08 ; Barcelona ; 102 ; IGUALADA ; AV BALMES 75 ; 08700 ; Operativas ; 
BP ; BANCOS ; 2085 ; IBERCAJA BANCO, S.A. (2085) ; ES ; ESPAÑA ; 09 ; CATALUÑA           ; 08 ; Barcelona ; 113 ; MANRESA ; PS PERE III 79-81 ; 08242 ; Operativas ; 
BP ; BANCOS ; 2085 ; IBERCAJA BANCO, S.A. (2085) ; ES ; ESPAÑA ; 09 ; CATALUÑA           ; 08 ; Barcelona ; 121 ; MATARO ; CL MONTSERRAT 60 ; 08302 ; Operativas ; 
BP ; BANCOS ; 2085 ; IBERCAJA BANCO, S.A. (2085) ; ES ; ESPAÑA ; 09 ; CATALUÑA           ; 08 ; Barcelona ; 123 ; MOLINS DE REI ; CL DELS PARCERS 5 ; 08750 ; Operativas ; 
BP ; BANCOS ; 2085 ; IBERCAJA BANCO, S.A. (2085) ; ES ; ESPAÑA ; 09 ; CATALUÑA           ; 08 ; Barcelona ; 124 ; MOLLET DEL VALLÈS ; AV LLIBERTAT 27-29 ; 08100 ; Operativas ; 
BP ; BANCOS ; 2085 ; IBERCAJA BANCO, S.A. (2085) ; ES ; ESPAÑA ; 09 ; CATALUÑA           ; 08 ; Barcelona ; 184 ; RUBI ; CL NARCIS MONTURIOL 2 ; 08191 ; Operativas ; 
BP ; BANCOS ; 2085 ; IBERCAJA BANCO, S.A. (2085) ; ES ; ESPAÑA ; 09 ; CATALUÑA           ; 08 ; Barcelona ; 187 ; SABADELL ; CL SAN LORENZO 99 ; 08202 ; Operativas ; 
BP ; BANCOS ; 2085 ; IBERCAJA BANCO, S.A. (2085) ; ES ; ESPAÑA ; 09 ; CATALUÑA           ; 08 ; Barcelona ; 187 ; SABADELL ; CL TRES CREUS 77 ; 08202 ; Operativas ; 
BP ; BANCOS ; 2085 ; IBERCAJA BANCO, S.A. (2085) ; ES ; ESPAÑA ; 09 ; CATALUÑA           ; 08 ; Barcelona ; 200 ; SANT BOI DE LLOBREGAT ; PZ CATALUNYA 31 ; 08830 ; Operativas ; 
BP ; BANCOS ; 2085 ; IBERCAJA BANCO, S.A. (2085) ; ES ; ESPAÑA ; 09 ; CATALUÑA           ; 08 ; Barcelona ; 205 ; SANT CUGAT DEL VALLÈS ; CL FRANCESC MORAGAS 9 ; 08172 ; Operativas ; 
BP ; BANCOS ; 2085 ; IBERCAJA BANCO, S.A. (2085) ; ES ; ESPAÑA ; 09 ; CATALUÑA           ; 08 ; Barcelona ; 245 ; SANTA COLOMA DE GRAMENET ; CL RAMBLA SANT SEBASTIA 90 ; 08922 ; Operativas ; 
BP ; BANCOS ; 2085 ; IBERCAJA BANCO, S.A. (2085) ; ES ; ESPAÑA ; 09 ; CATALUÑA           ; 08 ; Barcelona ; 266 ; CERDANYOLA DEL VALLÈS ; AV CATALUNYA 51 ; 08290 ; Operativas ; 
BP ; BANCOS ; 2085 ; IBERCAJA BANCO, S.A. (2085) ; ES ; ESPAÑA ; 09 ; CATALUÑA           ; 08 ; Barcelona ; 279 ; TERRASSA ; CL DEL VALLS 65 ; 08221 ; Operativas ; 
BP ; BANCOS ; 2085 ; IBERCAJA BANCO, S.A. (2085) ; ES ; ESPAÑA ; 09 ; CATALUÑA           ; 08 ; Barcelona ; 298 ; VIC ; CL BISBE MORGADES 52 ; 08500 ; Operativas ; 
BP ; BANCOS ; 2085 ; IBERCAJA BANCO, S.A. (2085) ; ES ; ESPAÑA ; 09 ; CATALUÑA           ; 08 ; Barcelona ; 301 ; VILADECANS ; AV MOLI 25 ; 08840 ; Operativas ; 
BP ; BANCOS ; 2085 ; IBERCAJA BANCO, S.A. (2085) ; ES ; ESPAÑA ; 09 ; CATALUÑA           ; 08 ; Barcelona ; 307 ; VILANOVA I LA GELTRU ; RB JOSEP ANTONI VIDAL 2 ; 08800 ; Operativas ; 
BP ; BANCOS ; 2085 ; IBERCAJA BANCO, S.A. (2085) ; ES ; ESPAÑA ; 09 ; CATALUÑA           ; 17 ; Girona ; 079 ; GIRONA ; CL EMILI GRAHIT 6-8 ; 17002 ; Operativas ; 
BP ; BANCOS ; 2085 ; IBERCAJA BANCO, S.A. (2085) ; ES ; ESPAÑA ; 09 ; CATALUÑA           ; 25 ; Lleida ; 007 ; ALBATÀRRECH ; CL DOCTOR ROBERT 48 ; 25171 ; Operativas ; 
BP ; BANCOS ; 2085 ; IBERCAJA BANCO, S.A. (2085) ; ES ; ESPAÑA ; 09 ; CATALUÑA           ; 25 ; Lleida ; 009 ; ALBI (L') ; CL CATALUNYA 4 ; 25450 ; Operativas ; 
BP ; BANCOS ; 2085 ; IBERCAJA BANCO, S.A. (2085) ; ES ; ESPAÑA ; 09 ; CATALUÑA           ; 25 ; Lleida ; 011 ; ALCARRÀS ; CL MAYOR 94 ; 25180 ; Operativas ; 
BP ; BANCOS ; 2085 ; IBERCAJA BANCO, S.A. (2085) ; ES ; ESPAÑA ; 09 ; CATALUÑA           ; 25 ; Lleida ; 013 ; ALFARRÀS ; AV CATALUNYA 18 ; 25120 ; Operativas ; 
BP ; BANCOS ; 2085 ; IBERCAJA BANCO, S.A. (2085) ; ES ; ESPAÑA ; 09 ; CATALUÑA           ; 25 ; Lleida ; 019 ; ALMACELLES ; CL MAJOR 62 ; 25100 ; Operativas ; 
BP ; BANCOS ; 2085 ; IBERCAJA BANCO, S.A. (2085) ; ES ; ESPAÑA ; 09 ; CATALUÑA           ; 25 ; Lleida ; 021 ; ALMENAR ; AV LLEIDA 92 ; 25126 ; Operativas ; 
BP ; BANCOS ; 2085 ; IBERCAJA BANCO, S.A. (2085) ; ES ; ESPAÑA ; 09 ; CATALUÑA           ; 25 ; Lleida ; 023 ; ALPICAT ; CL LLEIDA 44 ; 25110 ; Operativas ; 
BP ; BANCOS ; 2085 ; IBERCAJA BANCO, S.A. (2085) ; ES ; ESPAÑA ; 09 ; CATALUÑA           ; 25 ; Lleida ; 034 ; ARTESA DE SEGRE ; CL BALMES 9 ; 25730 ; Operativas ; 
BP ; BANCOS ; 2085 ; IBERCAJA BANCO, S.A. (2085) ; ES ; ESPAÑA ; 09 ; CATALUÑA           ; 25 ; Lleida ; 038 ; AITONA ; AV 27 GENER 50 ; 25182 ; Operativas ; 
BP ; BANCOS ; 2085 ; IBERCAJA BANCO, S.A. (2085) ; ES ; ESPAÑA ; 09 ; CATALUÑA           ; 25 ; Lleida ; 040 ; BALAGUER ; AV PERE III 39 ; 25600 ; Operativas ; 
BP ; BANCOS ; 2085 ; IBERCAJA BANCO, S.A. (2085) ; ES ; ESPAÑA ; 09 ; CATALUÑA           ; 25 ; Lleida ; 050 ; BELLPUIG ; CL RAMON FOLCH 28 ; 25250 ; Operativas ; 
BP ; BANCOS ; 2085 ; IBERCAJA BANCO, S.A. (2085) ; ES ; ESPAÑA ; 09 ; CATALUÑA           ; 25 ; Lleida ; 058 ; BORGES BLANQUES (LES) ; CL ENSENYANCA 24 ; 25400 ; Operativas ; 
BP ; BANCOS ; 2085 ; IBERCAJA BANCO, S.A. (2085) ; ES ; ESPAÑA ; 09 ; CATALUÑA           ; 25 ; Lleida ; 072 ; CERVERA ; AV CATALUNYA 12 ; 25200 ; Operativas ; 
BP ; BANCOS ; 2085 ; IBERCAJA BANCO, S.A. (2085) ; ES ; ESPAÑA ; 09 ; CATALUÑA           ; 25 ; Lleida ; 120 ; LLEIDA ; RB FERRAN 38 ; 25007 ; Operativas ; 
BP ; BANCOS ; 2085 ; IBERCAJA BANCO, S.A. (2085) ; ES ; ESPAÑA ; 09 ; CATALUÑA           ; 25 ; Lleida ; 120 ; LLEIDA ; CL DOCTORA CASTELLS 1 ; 25001 ; Operativas ; 
BP ; BANCOS ; 2085 ; IBERCAJA BANCO, S.A. (2085) ; ES ; ESPAÑA ; 09 ; CATALUÑA           ; 25 ; Lleida ; 120 ; LLEIDA ; AV PRAT DE LA RIBA 10 ; 25004 ; Operativas ; 
BP ; BANCOS ; 2085 ; IBERCAJA BANCO, S.A. (2085) ; ES ; ESPAÑA ; 09 ; CATALUÑA           ; 25 ; Lleida ; 125 ; LLARDECANS ; CL LORETO 2 ; 25186 ; Operativas ; 
BP ; BANCOS ; 2085 ; IBERCAJA BANCO, S.A. (2085) ; ES ; ESPAÑA ; 09 ; CATALUÑA           ; 25 ; Lleida ; 137 ; MOLLERUSSA ; PZ AJUNTAMENT 2 ; 25230 ; Operativas ; 
BP ; BANCOS ; 2085 ; IBERCAJA BANCO, S.A. (2085) ; ES ; ESPAÑA ; 09 ; CATALUÑA           ; 25 ; Lleida ; 172 ; PONTS ; CR SEU D'URGELL 25 ; 25740 ; Operativas ; 
BP ; BANCOS ; 2085 ; IBERCAJA BANCO, S.A. (2085) ; ES ; ESPAÑA ; 09 ; CATALUÑA           ; 25 ; Lleida ; 189 ; ROSSELLO ; PZ MAJOR 2 ; 25124 ; Operativas ; 
BP ; BANCOS ; 2085 ; IBERCAJA BANCO, S.A. (2085) ; ES ; ESPAÑA ; 09 ; CATALUÑA           ; 25 ; Lleida ; 203 ; SEU D'URGELL (LA) ; CL JOSEP ZULUETA 5 ; 25700 ; Operativas ; 
BP ; BANCOS ; 2085 ; IBERCAJA BANCO, S.A. (2085) ; ES ; ESPAÑA ; 09 ; CATALUÑA           ; 25 ; Lleida ; 207 ; SOLSONA ; PZ DEL CAMP 9 ; 25280 ; Operativas ; 
BP ; BANCOS ; 2085 ; IBERCAJA BANCO, S.A. (2085) ; ES ; ESPAÑA ; 09 ; CATALUÑA           ; 25 ; Lleida ; 210 ; SOSES ; CL SINDICATO 77 ; 25181 ; Operativas ; 
BP ; BANCOS ; 2085 ; IBERCAJA BANCO, S.A. (2085) ; ES ; ESPAÑA ; 09 ; CATALUÑA           ; 25 ; Lleida ; 217 ; TÀRREGA ; PZ CARME 18 ; 25300 ; Operativas ; 
BP ; BANCOS ; 2085 ; IBERCAJA BANCO, S.A. (2085) ; ES ; ESPAÑA ; 09 ; CATALUÑA           ; 25 ; Lleida ; 223 ; TORÀ ; PZ LA CREU SN ; 25750 ; Operativas ; 
BP ; BANCOS ; 2085 ; IBERCAJA BANCO, S.A. (2085) ; ES ; ESPAÑA ; 09 ; CATALUÑA           ; 25 ; Lleida ; 228 ; TORREFARRERA ; CL MAJOR 39 ; 25123 ; Operativas ; 
BP ; BANCOS ; 2085 ; IBERCAJA BANCO, S.A. (2085) ; ES ; ESPAÑA ; 09 ; CATALUÑA           ; 25 ; Lleida ; 230 ; TORREGROSSA ; CL LLEIDA 9 ; 25141 ; Operativas ; 
BP ; BANCOS ; 2085 ; IBERCAJA BANCO, S.A. (2085) ; ES ; ESPAÑA ; 09 ; CATALUÑA           ; 25 ; Lleida ; 234 ; TREMP ; PS DEL VALL 7 ; 25620 ; Operativas ; 
BP ; BANCOS ; 2085 ; IBERCAJA BANCO, S.A. (2085) ; ES ; ESPAÑA ; 09 ; CATALUÑA           ; 25 ; Lleida ; 255 ; VINAIXA ; CR LLEIDA 20 ; 25440 ; Operativas ; 
BP ; BANCOS ; 2085 ; IBERCAJA BANCO, S.A. (2085) ; ES ; ESPAÑA ; 09 ; CATALUÑA           ; 25 ; Lleida ; 912 ; GIMENELLS I EL PLA DE LA FONT ; PZ ESPANYA 3 ; 25112 ; Operativas ; 
BP ; BANCOS ; 2085 ; IBERCAJA BANCO, S.A. (2085) ; ES ; ESPAÑA ; 09 ; CATALUÑA           ; 43 ; Tarragona ; 014 ; AMPOSTA ; AV RAPITA 45 ; 43870 ; Operativas ; 
BP ; BANCOS ; 2085 ; IBERCAJA BANCO, S.A. (2085) ; ES ; ESPAÑA ; 09 ; CATALUÑA           ; 43 ; Tarragona ; 038 ; CAMBRILS ; CL SINDICAT 2 ; 43850 ; Operativas ; 
BP ; BANCOS ; 2085 ; IBERCAJA BANCO, S.A. (2085) ; ES ; ESPAÑA ; 09 ; CATALUÑA           ; 43 ; Tarragona ; 123 ; REUS ; AV PRAT DE LA RIBA 41 ; 43201 ; Operativas ; 
BP ; BANCOS ; 2085 ; IBERCAJA BANCO, S.A. (2085) ; ES ; ESPAÑA ; 09 ; CATALUÑA           ; 43 ; Tarragona ; 148 ; TARRAGONA ; CL RAMBLA NOVA 36 ; 43004 ; Operativas ; 
BP ; BANCOS ; 2085 ; IBERCAJA BANCO, S.A. (2085) ; ES ; ESPAÑA ; 09 ; CATALUÑA           ; 43 ; Tarragona ; 148 ; TARRAGONA ; CL SANT BENILDO 2 LOCAL C 2 ; 43006 ; Operativas ; 
BP ; BANCOS ; 2085 ; IBERCAJA BANCO, S.A. (2085) ; ES ; ESPAÑA ; 09 ; CATALUÑA           ; 43 ; Tarragona ; 905 ; SALOU ; CL VIA AUGUSTA 10 ; 43840 ; Operativas ; 
BP ; BANCOS ; 2095 ; KUTXABANK, S.A. (2095) ; ES ; ESPAÑA ; 09 ; CATALUÑA           ; 08 ; Barcelona ; 015 ; BADALONA ; ZZ DE LA PIETAT, 21  ; 08911 ; Operativas ; 
BP ; BANCOS ; 2095 ; KUTXABANK, S.A. (2095) ; ES ; ESPAÑA ; 09 ; CATALUÑA           ; 08 ; Barcelona ; 019 ; BARCELONA ; ZZ BALMES, 280  ; 08006 ; Operativas ; 
BP ; BANCOS ; 2095 ; KUTXABANK, S.A. (2095) ; ES ; ESPAÑA ; 09 ; CATALUÑA           ; 08 ; Barcelona ; 019 ; BARCELONA ; PS PASEO DE GRACIA 00118 ; 08008 ; Operativas ; 
BP ; BANCOS ; 2095 ; KUTXABANK, S.A. (2095) ; ES ; ESPAÑA ; 09 ; CATALUÑA           ; 08 ; Barcelona ; 019 ; BARCELONA ; RB DE CATALUA, 36 S/N ; 08007 ; Operativas ; 
BP ; BANCOS ; 2095 ; KUTXABANK, S.A. (2095) ; ES ; ESPAÑA ; 09 ; CATALUÑA           ; 08 ; Barcelona ; 019 ; BARCELONA ; ZZ CORCEGA, 593  ; 08008 ; Operativas ; 
BP ; BANCOS ; 2095 ; KUTXABANK, S.A. (2095) ; ES ; ESPAÑA ; 09 ; CATALUÑA           ; 08 ; Barcelona ; 019 ; BARCELONA ; ZZ MIR GERIBERT, 1 S/N ; 08014 ; Operativas ; 
BP ; BANCOS ; 2095 ; KUTXABANK, S.A. (2095) ; ES ; ESPAÑA ; 09 ; CATALUÑA           ; 08 ; Barcelona ; 019 ; BARCELONA ; CL GRAN DE SANT ANDREU, 178 BAJO 178 ; 08030 ; Operativas ; 
BP ; BANCOS ; 2095 ; KUTXABANK, S.A. (2095) ; ES ; ESPAÑA ; 09 ; CATALUÑA           ; 08 ; Barcelona ; 019 ; BARCELONA ; ZZ MALLORCA, 131  ; 08036 ; Operativas ; 
BP ; BANCOS ; 2095 ; KUTXABANK, S.A. (2095) ; ES ; ESPAÑA ; 09 ; CATALUÑA           ; 08 ; Barcelona ; 019 ; BARCELONA ; ZZ RAMON TURRO, 204  ; 08005 ; Operativas ; 
BP ; BANCOS ; 2095 ; KUTXABANK, S.A. (2095) ; ES ; ESPAÑA ; 09 ; CATALUÑA           ; 08 ; Barcelona ; 019 ; BARCELONA ; ZZ TRAVESSERA DE LES CORTS, 295-297  ; 08029 ; Operativas ; 
BP ; BANCOS ; 2095 ; KUTXABANK, S.A. (2095) ; ES ; ESPAÑA ; 09 ; CATALUÑA           ; 08 ; Barcelona ; 056 ; CASTELLDEFELS ; ZZ ARCADI BALAGUER, 39  ; 08860 ; Operativas ; 
BP ; BANCOS ; 2095 ; KUTXABANK, S.A. (2095) ; ES ; ESPAÑA ; 09 ; CATALUÑA           ; 08 ; Barcelona ; 073 ; CORNELLÀ DE LLOBREGAT ; ZZ MOSSEN JACINTO VERDAGUER, 72-74 S/N ; 08940 ; Operativas ; 
BP ; BANCOS ; 2095 ; KUTXABANK, S.A. (2095) ; ES ; ESPAÑA ; 09 ; CATALUÑA           ; 08 ; Barcelona ; 096 ; GRANOLLERS ; ZZ GIRONA, 23 S/N ; 08400 ; Operativas ; 
BP ; BANCOS ; 2095 ; KUTXABANK, S.A. (2095) ; ES ; ESPAÑA ; 09 ; CATALUÑA           ; 08 ; Barcelona ; 101 ; HOSPITALET DE LLOBREGAT(L') ; ZZ P. DEL RECTOR MOSSEN HOMAR, 18-20 S/N ; 08901 ; Operativas ; 
BP ; BANCOS ; 2095 ; KUTXABANK, S.A. (2095) ; ES ; ESPAÑA ; 09 ; CATALUÑA           ; 08 ; Barcelona ; 121 ; MATARO ; ZZ CAMI RAL, 397 S/N ; 08301 ; Operativas ; 
BP ; BANCOS ; 2095 ; KUTXABANK, S.A. (2095) ; ES ; ESPAÑA ; 09 ; CATALUÑA           ; 08 ; Barcelona ; 169 ; PRAT DE LLOBREGAT (EL) ; ZZ VIRGEN DE MONTSERRAT, 113  ; 08820 ; Operativas ; 
BP ; BANCOS ; 2095 ; KUTXABANK, S.A. (2095) ; ES ; ESPAÑA ; 09 ; CATALUÑA           ; 08 ; Barcelona ; 187 ; SABADELL ; ZZ ALFONSO XIII, 36 S/N ; 08202 ; Operativas ; 
BP ; BANCOS ; 2095 ; KUTXABANK, S.A. (2095) ; ES ; ESPAÑA ; 09 ; CATALUÑA           ; 08 ; Barcelona ; 200 ; SANT BOI DE LLOBREGAT ; ZZ JACINTO VERDAGUER, 105-107 S/N ; 08830 ; Operativas ; 
BP ; BANCOS ; 2095 ; KUTXABANK, S.A. (2095) ; ES ; ESPAÑA ; 09 ; CATALUÑA           ; 08 ; Barcelona ; 205 ; SANT CUGAT DEL VALLÈS ; ZZ FRANCESC MORAGUES, 7-9 S/N ; 08172 ; Operativas ; 
BP ; BANCOS ; 2095 ; KUTXABANK, S.A. (2095) ; ES ; ESPAÑA ; 09 ; CATALUÑA           ; 08 ; Barcelona ; 279 ; TERRASSA ; RB EGARA, 127 S/N ; 08224 ; Operativas ; 
BP ; BANCOS ; 2095 ; KUTXABANK, S.A. (2095) ; ES ; ESPAÑA ; 09 ; CATALUÑA           ; 08 ; Barcelona ; 301 ; VILADECANS ; RB MODOLELL, 13  ; 08840 ; Operativas ; 
BP ; BANCOS ; 2095 ; KUTXABANK, S.A. (2095) ; ES ; ESPAÑA ; 09 ; CATALUÑA           ; 08 ; Barcelona ; 307 ; VILANOVA I LA GELTRU ; RB PRINCIPAL, 126  ; 08800 ; Operativas ; 
BP ; BANCOS ; 2095 ; KUTXABANK, S.A. (2095) ; ES ; ESPAÑA ; 09 ; CATALUÑA           ; 17 ; Girona ; 079 ; GIRONA ; ZZ JAIME I, 41-45  ; 17001 ; Operativas ; 
BP ; BANCOS ; 2095 ; KUTXABANK, S.A. (2095) ; ES ; ESPAÑA ; 09 ; CATALUÑA           ; 25 ; Lleida ; 120 ; LLEIDA ; RB FERRAN, 10  ; 25007 ; Operativas ; 
BP ; BANCOS ; 2095 ; KUTXABANK, S.A. (2095) ; ES ; ESPAÑA ; 09 ; CATALUÑA           ; 43 ; Tarragona ; 148 ; TARRAGONA ; RB NOVA, 114 S/N ; 43004 ; Operativas ; 
BP ; BANCOS ; 2100 ; CAIXABANK, S.A. (2100) ; ES ; ESPAÑA ; 09 ; CATALUÑA           ; 08 ; Barcelona ; 001 ; ABRERA ; ZZ PASSEIG DE L'ESGLESIA 00001 ; 08630 ; Operativas ; 
BP ; BANCOS ; 2100 ; CAIXABANK, S.A. (2100) ; ES ; ESPAÑA ; 09 ; CATALUÑA           ; 08 ; Barcelona ; 003 ; ALELLA ; RB ÀNGEL GUIMERÀ 22 ; 08328 ; Operativas ; 
BP ; BANCOS ; 2100 ; CAIXABANK, S.A. (2100) ; ES ; ESPAÑA ; 09 ; CATALUÑA           ; 08 ; Barcelona ; 005 ; AMETLLA DEL VALLÈS (L') ; CL TORREGASSA 2 ; 08480 ; Operativas ; 
BP ; BANCOS ; 2100 ; CAIXABANK, S.A. (2100) ; ES ; ESPAÑA ; 09 ; CATALUÑA           ; 08 ; Barcelona ; 006 ; ARENYS DE MAR ; RB BISBE POL 54 ; 08350 ; Operativas ; 
BP ; BANCOS ; 2100 ; CAIXABANK, S.A. (2100) ; ES ; ESPAÑA ; 09 ; CATALUÑA           ; 08 ; Barcelona ; 007 ; ARENYS DE MUNT ; CL RIERA SANT MARTI 18 ; 08358 ; Operativas ; 
BP ; BANCOS ; 2100 ; CAIXABANK, S.A. (2100) ; ES ; ESPAÑA ; 09 ; CATALUÑA           ; 08 ; Barcelona ; 009 ; ARGENTONA ; PZ GRAN 5 ; 08310 ; Operativas ; 
BP ; BANCOS ; 2100 ; CAIXABANK, S.A. (2100) ; ES ; ESPAÑA ; 09 ; CATALUÑA           ; 08 ; Barcelona ; 010 ; ARTES ; CL ROCAFORT 20 ; 08271 ; Operativas ; 
BP ; BANCOS ; 2100 ; CAIXABANK, S.A. (2100) ; ES ; ESPAÑA ; 09 ; CATALUÑA           ; 08 ; Barcelona ; 011 ; AVIÀ ; CL PAU CASALS 48 ; 08610 ; Operativas ; 
BP ; BANCOS ; 2100 ; CAIXABANK, S.A. (2100) ; ES ; ESPAÑA ; 09 ; CATALUÑA           ; 08 ; Barcelona ; 012 ; AVINYO ; PZ MAJOR 13 ; 08279 ; Operativas ; 
BP ; BANCOS ; 2100 ; CAIXABANK, S.A. (2100) ; ES ; ESPAÑA ; 09 ; CATALUÑA           ; 08 ; Barcelona ; 013 ; AVINYONET DEL PENEDÈS ; CL DOCTOR PARELLADA 8 ; 08793 ; Operativas ; 
BP ; BANCOS ; 2100 ; CAIXABANK, S.A. (2100) ; ES ; ESPAÑA ; 09 ; CATALUÑA           ; 08 ; Barcelona ; 014 ; AIGUAFREDA ; CL MAJOR 18 ; 08591 ; Operativas ; 
BP ; BANCOS ; 2100 ; CAIXABANK, S.A. (2100) ; ES ; ESPAÑA ; 09 ; CATALUÑA           ; 08 ; Barcelona ; 015 ; BADALONA ; PS DE LA SALUT 70 ; 08914 ; Operativas ; 
BP ; BANCOS ; 2100 ; CAIXABANK, S.A. (2100) ; ES ; ESPAÑA ; 09 ; CATALUÑA           ; 08 ; Barcelona ; 015 ; BADALONA ; RB SANT JOAN 101 ; 08917 ; Operativas ; 
BP ; BANCOS ; 2100 ; CAIXABANK, S.A. (2100) ; ES ; ESPAÑA ; 09 ; CATALUÑA           ; 08 ; Barcelona ; 015 ; BADALONA ; CL FRANCESC LAYRET 86 ; 08911 ; Operativas ; 
BP ; BANCOS ; 2100 ; CAIXABANK, S.A. (2100) ; ES ; ESPAÑA ; 09 ; CATALUÑA           ; 08 ; Barcelona ; 015 ; BADALONA ; PZ TRAFALGAR -EDIFICI LLEFIA- S/N ; 08913 ; Operativas ; 
BP ; BANCOS ; 2100 ; CAIXABANK, S.A. (2100) ; ES ; ESPAÑA ; 09 ; CATALUÑA           ; 08 ; Barcelona ; 015 ; BADALONA ; CL pomar de baix 159 ; 08911 ; Operativas ; 
BP ; BANCOS ; 2100 ; CAIXABANK, S.A. (2100) ; ES ; ESPAÑA ; 09 ; CATALUÑA           ; 08 ; Barcelona ; 015 ; BADALONA ; CL DELS ARBRES 37 ; 08912 ; Operativas ; 
BP ; BANCOS ; 2100 ; CAIXABANK, S.A. (2100) ; ES ; ESPAÑA ; 09 ; CATALUÑA           ; 08 ; Barcelona ; 015 ; BADALONA ; CL FRANCESC LAYRET 50 ; 08911 ; Operativas ; 
BP ; BANCOS ; 2100 ; CAIXABANK, S.A. (2100) ; ES ; ESPAÑA ; 09 ; CATALUÑA           ; 08 ; Barcelona ; 015 ; BADALONA ; CL FRANCESC LAYRET 121 ; 08911 ; Operativas ; 
BP ; BANCOS ; 2100 ; CAIXABANK, S.A. (2100) ; ES ; ESPAÑA ; 09 ; CATALUÑA           ; 08 ; Barcelona ; 015 ; BADALONA ; AV ALFONS XIII 22 ; 08912 ; Operativas ; 
BP ; BANCOS ; 2100 ; CAIXABANK, S.A. (2100) ; ES ; ESPAÑA ; 09 ; CATALUÑA           ; 08 ; Barcelona ; 015 ; BADALONA ; CL APENINS 29 ; 08917 ; Operativas ; 
BP ; BANCOS ; 2100 ; CAIXABANK, S.A. (2100) ; ES ; ESPAÑA ; 09 ; CATALUÑA           ; 08 ; Barcelona ; 015 ; BADALONA ; CL SANT FREDERIC 29 ; 08913 ; Operativas ; 
BP ; BANCOS ; 2100 ; CAIXABANK, S.A. (2100) ; ES ; ESPAÑA ; 09 ; CATALUÑA           ; 08 ; Barcelona ; 015 ; BADALONA ; AV BUFALA 32 ; 08915 ; Operativas ; 
BP ; BANCOS ; 2100 ; CAIXABANK, S.A. (2100) ; ES ; ESPAÑA ; 09 ; CATALUÑA           ; 08 ; Barcelona ; 015 ; BADALONA ; CR JOHANN SEBASTIAN BACH 1-3 ; 08914 ; Operativas ; 
BP ; BANCOS ; 2100 ; CAIXABANK, S.A. (2100) ; ES ; ESPAÑA ; 09 ; CATALUÑA           ; 08 ; Barcelona ; 015 ; BADALONA ; AV  DE PRAT DE LA RIBA 00013 ; 08915 ; Operativas ; 
BP ; BANCOS ; 2100 ; CAIXABANK, S.A. (2100) ; ES ; ESPAÑA ; 09 ; CATALUÑA           ; 08 ; Barcelona ; 016 ; BAGÀ ; PZ RAVAL 4 ; 08695 ; Operativas ; 
BP ; BANCOS ; 2100 ; CAIXABANK, S.A. (2100) ; ES ; ESPAÑA ; 09 ; CATALUÑA           ; 08 ; Barcelona ; 017 ; BALENYÀ ; CL MAJOR 8 ; 08550 ; Operativas ; 
BP ; BANCOS ; 2100 ; CAIXABANK, S.A. (2100) ; ES ; ESPAÑA ; 09 ; CATALUÑA           ; 08 ; Barcelona ; 018 ; BALSARENY ; PZ ONZE DE SETEMBRE 2 ; 08660 ; Operativas ; 
BP ; BANCOS ; 2100 ; CAIXABANK, S.A. (2100) ; ES ; ESPAÑA ; 09 ; CATALUÑA           ; 08 ; Barcelona ; 019 ; BARCELONA ; ZZ C. JOAN GRIS 00026 ; 08014 ; Operativas ; 
BP ; BANCOS ; 2100 ; CAIXABANK, S.A. (2100) ; ES ; ESPAÑA ; 09 ; CATALUÑA           ; 08 ; Barcelona ; 019 ; BARCELONA ; CL VALENCIA 398 ; 08013 ; Operativas ; 
BP ; BANCOS ; 2100 ; CAIXABANK, S.A. (2100) ; ES ; ESPAÑA ; 09 ; CATALUÑA           ; 08 ; Barcelona ; 019 ; BARCELONA ; ZZ C. SAO PAULO 00006 ; 08030 ; Operativas ; 
BP ; BANCOS ; 2100 ; CAIXABANK, S.A. (2100) ; ES ; ESPAÑA ; 09 ; CATALUÑA           ; 08 ; Barcelona ; 019 ; BARCELONA ; CL JOSEP PLA 36 ; 08019 ; Operativas ; 
BP ; BANCOS ; 2100 ; CAIXABANK, S.A. (2100) ; ES ; ESPAÑA ; 09 ; CATALUÑA           ; 08 ; Barcelona ; 019 ; BARCELONA ; CL BALMES 89 ; 08008 ; Operativas ; 
BP ; BANCOS ; 2100 ; CAIXABANK, S.A. (2100) ; ES ; ESPAÑA ; 09 ; CATALUÑA           ; 08 ; Barcelona ; 019 ; BARCELONA ; ZZ TRAVESSERA DE LES CORTS 263 ; 08014 ; Operativas ; 
BP ; BANCOS ; 2100 ; CAIXABANK, S.A. (2100) ; ES ; ESPAÑA ; 09 ; CATALUÑA           ; 08 ; Barcelona ; 019 ; BARCELONA ; CL ANTONIO MACHADO 4 ; 08042 ; Operativas ; 
BP ; BANCOS ; 2100 ; CAIXABANK, S.A. (2100) ; ES ; ESPAÑA ; 09 ; CATALUÑA           ; 08 ; Barcelona ; 019 ; BARCELONA ; CL industria 137 ; 08025 ; Operativas ; 
BP ; BANCOS ; 2100 ; CAIXABANK, S.A. (2100) ; ES ; ESPAÑA ; 09 ; CATALUÑA           ; 08 ; Barcelona ; 019 ; BARCELONA ; CL FERRAN 35 ; 08002 ; Operativas ; 
BP ; BANCOS ; 2100 ; CAIXABANK, S.A. (2100) ; ES ; ESPAÑA ; 09 ; CATALUÑA           ; 08 ; Barcelona ; 019 ; BARCELONA ; CL DIPUTACIÓ 417 ; 08013 ; Operativas ; 
BP ; BANCOS ; 2100 ; CAIXABANK, S.A. (2100) ; ES ; ESPAÑA ; 09 ; CATALUÑA           ; 08 ; Barcelona ; 019 ; BARCELONA ; CL PI I MARGALL 94 ; 08025 ; Operativas ; 
BP ; BANCOS ; 2100 ; CAIXABANK, S.A. (2100) ; ES ; ESPAÑA ; 09 ; CATALUÑA           ; 08 ; Barcelona ; 019 ; BARCELONA ; ZZ PASSEIG VALLDAURA 180 ; 08042 ; Operativas ; 
BP ; BANCOS ; 2100 ; CAIXABANK, S.A. (2100) ; ES ; ESPAÑA ; 09 ; CATALUÑA           ; 08 ; Barcelona ; 019 ; BARCELONA ; PZ DOCTOR LETAMENDI 13 ; 08007 ; Operativas ; 
BP ; BANCOS ; 2100 ; CAIXABANK, S.A. (2100) ; ES ; ESPAÑA ; 09 ; CATALUÑA           ; 08 ; Barcelona ; 019 ; BARCELONA ; PS JOAN DE BORBO 16-18 ; 08003 ; Operativas ; 
BP ; BANCOS ; 2100 ; CAIXABANK, S.A. (2100) ; ES ; ESPAÑA ; 09 ; CATALUÑA           ; 08 ; Barcelona ; 019 ; BARCELONA ; CL PROVENÇA 142 ; 08036 ; Operativas ; 
BP ; BANCOS ; 2100 ; CAIXABANK, S.A. (2100) ; ES ; ESPAÑA ; 09 ; CATALUÑA           ; 08 ; Barcelona ; 019 ; BARCELONA ; CL BRUC 29 ; 08010 ; Operativas ; 
BP ; BANCOS ; 2100 ; CAIXABANK, S.A. (2100) ; ES ; ESPAÑA ; 09 ; CATALUÑA           ; 08 ; Barcelona ; 019 ; BARCELONA ; PS SANT JOAN 147 ; 08037 ; Operativas ; 
BP ; BANCOS ; 2100 ; CAIXABANK, S.A. (2100) ; ES ; ESPAÑA ; 09 ; CATALUÑA           ; 08 ; Barcelona ; 019 ; BARCELONA ; RD SANT ANTONI 3 ; 08011 ; Operativas ; 
BP ; BANCOS ; 2100 ; CAIXABANK, S.A. (2100) ; ES ; ESPAÑA ; 09 ; CATALUÑA           ; 08 ; Barcelona ; 019 ; BARCELONA ; ZZ MERCABARNA C. TRANSVERSAL 8 00013 ; 08040 ; Operativas ; 
BP ; BANCOS ; 2100 ; CAIXABANK, S.A. (2100) ; ES ; ESPAÑA ; 09 ; CATALUÑA           ; 08 ; Barcelona ; 019 ; BARCELONA ; RD SANT ANTONI 58 ; 08001 ; Operativas ; 
BP ; BANCOS ; 2100 ; CAIXABANK, S.A. (2100) ; ES ; ESPAÑA ; 09 ; CATALUÑA           ; 08 ; Barcelona ; 019 ; BARCELONA ; AV VELAZQUEZ 11 ; 08023 ; Operativas ; 
BP ; BANCOS ; 2100 ; CAIXABANK, S.A. (2100) ; ES ; ESPAÑA ; 09 ; CATALUÑA           ; 08 ; Barcelona ; 019 ; BARCELONA ; CL ALCÁNTARA 10 ; 08042 ; Operativas ; 
BP ; BANCOS ; 2100 ; CAIXABANK, S.A. (2100) ; ES ; ESPAÑA ; 09 ; CATALUÑA           ; 08 ; Barcelona ; 019 ; BARCELONA ; PS SANT JOAN 50 ; 08010 ; Operativas ; 
BP ; BANCOS ; 2100 ; CAIXABANK, S.A. (2100) ; ES ; ESPAÑA ; 09 ; CATALUÑA           ; 08 ; Barcelona ; 019 ; BARCELONA ; RB DEL POBLENOU 60 ; 08005 ; Operativas ; 
BP ; BANCOS ; 2100 ; CAIXABANK, S.A. (2100) ; ES ; ESPAÑA ; 09 ; CATALUÑA           ; 08 ; Barcelona ; 019 ; BARCELONA ; AV CLOT 27 ; 08018 ; Operativas ; 
BP ; BANCOS ; 2100 ; CAIXABANK, S.A. (2100) ; ES ; ESPAÑA ; 09 ; CATALUÑA           ; 08 ; Barcelona ; 019 ; BARCELONA ; CL SANTS 247 ; 08028 ; Operativas ; 
BP ; BANCOS ; 2100 ; CAIXABANK, S.A. (2100) ; ES ; ESPAÑA ; 09 ; CATALUÑA           ; 08 ; Barcelona ; 019 ; BARCELONA ; CL HORTA 65 ; 08032 ; Operativas ; 
BP ; BANCOS ; 2100 ; CAIXABANK, S.A. (2100) ; ES ; ESPAÑA ; 09 ; CATALUÑA           ; 08 ; Barcelona ; 019 ; BARCELONA ; CL ARAGO 281 ; 08009 ; Operativas ; 
BP ; BANCOS ; 2100 ; CAIXABANK, S.A. (2100) ; ES ; ESPAÑA ; 09 ; CATALUÑA           ; 08 ; Barcelona ; 019 ; BARCELONA ; RB GUIPÚSCOA 81 ; 08020 ; Operativas ; 
BP ; BANCOS ; 2100 ; CAIXABANK, S.A. (2100) ; ES ; ESPAÑA ; 09 ; CATALUÑA           ; 08 ; Barcelona ; 019 ; BARCELONA ; CL ROSELLO 453 ; 08025 ; Operativas ; 
BP ; BANCOS ; 2100 ; CAIXABANK, S.A. (2100) ; ES ; ESPAÑA ; 09 ; CATALUÑA           ; 08 ; Barcelona ; 019 ; BARCELONA ; CM PRINCESA 44 ; 08003 ; Operativas ; 
BP ; BANCOS ; 2100 ; CAIXABANK, S.A. (2100) ; ES ; ESPAÑA ; 09 ; CATALUÑA           ; 08 ; Barcelona ; 019 ; BARCELONA ; CL RABASSA 21 ; 08024 ; Operativas ; 
BP ; BANCOS ; 2100 ; CAIXABANK, S.A. (2100) ; ES ; ESPAÑA ; 09 ; CATALUÑA           ; 08 ; Barcelona ; 019 ; BARCELONA ; ZZ PASSEIG DE SANT JOAN 00102 ; 08037 ; Operativas ; 
BP ; BANCOS ; 2100 ; CAIXABANK, S.A. (2100) ; ES ; ESPAÑA ; 09 ; CATALUÑA           ; 08 ; Barcelona ; 019 ; BARCELONA ; CL LONDRES 102 ; 08036 ; Operativas ; 
BP ; BANCOS ; 2100 ; CAIXABANK, S.A. (2100) ; ES ; ESPAÑA ; 09 ; CATALUÑA           ; 08 ; Barcelona ; 019 ; BARCELONA ; CL sardenya 561 ; 08024 ; Operativas ; 
BP ; BANCOS ; 2100 ; CAIXABANK, S.A. (2100) ; ES ; ESPAÑA ; 09 ; CATALUÑA           ; 08 ; Barcelona ; 019 ; BARCELONA ; CL PABLO IGLESIAS 70 ; 08016 ; Operativas ; 
BP ; BANCOS ; 2100 ; CAIXABANK, S.A. (2100) ; ES ; ESPAÑA ; 09 ; CATALUÑA           ; 08 ; Barcelona ; 019 ; BARCELONA ; AV DE MADRID 92 ; 08028 ; Operativas ; 
BP ; BANCOS ; 2100 ; CAIXABANK, S.A. (2100) ; ES ; ESPAÑA ; 09 ; CATALUÑA           ; 08 ; Barcelona ; 019 ; BARCELONA ; ZZ PASSEIG MANUEL GIRONA 00052 ; 08034 ; Operativas ; 
BP ; BANCOS ; 2100 ; CAIXABANK, S.A. (2100) ; ES ; ESPAÑA ; 09 ; CATALUÑA           ; 08 ; Barcelona ; 019 ; BARCELONA ; ZZ PASSEIG VALLDAURA 218 ; 08042 ; Operativas ; 
BP ; BANCOS ; 2100 ; CAIXABANK, S.A. (2100) ; ES ; ESPAÑA ; 09 ; CATALUÑA           ; 08 ; Barcelona ; 019 ; BARCELONA ; CL SANT ADRIÀ 125 ; 08030 ; Operativas ; 
BP ; BANCOS ; 2100 ; CAIXABANK, S.A. (2100) ; ES ; ESPAÑA ; 09 ; CATALUÑA           ; 08 ; Barcelona ; 019 ; BARCELONA ; CL VENTURA RODRIGUEZ 2 ; 08035 ; Operativas ; 
BP ; BANCOS ; 2100 ; CAIXABANK, S.A. (2100) ; ES ; ESPAÑA ; 09 ; CATALUÑA           ; 08 ; Barcelona ; 019 ; BARCELONA ; CL MILANESSAT 10 ; 08017 ; Operativas ; 
BP ; BANCOS ; 2100 ; CAIXABANK, S.A. (2100) ; ES ; ESPAÑA ; 09 ; CATALUÑA           ; 08 ; Barcelona ; 019 ; BARCELONA ; CL CONCEPCIÓ ARENAL 267 ; 08030 ; Operativas ; 
BP ; BANCOS ; 2100 ; CAIXABANK, S.A. (2100) ; ES ; ESPAÑA ; 09 ; CATALUÑA           ; 08 ; Barcelona ; 019 ; BARCELONA ; CL LLOBREGOS 120 ; 08032 ; Operativas ; 
BP ; BANCOS ; 2100 ; CAIXABANK, S.A. (2100) ; ES ; ESPAÑA ; 09 ; CATALUÑA           ; 08 ; Barcelona ; 019 ; BARCELONA ; CL RAMBLA PRIM 192 ; 08020 ; Operativas ; 
BP ; BANCOS ; 2100 ; CAIXABANK, S.A. (2100) ; ES ; ESPAÑA ; 09 ; CATALUÑA           ; 08 ; Barcelona ; 019 ; BARCELONA ; PS FABRA I PUIG 324 ; 08031 ; Operativas ; 
BP ; BANCOS ; 2100 ; CAIXABANK, S.A. (2100) ; ES ; ESPAÑA ; 09 ; CATALUÑA           ; 08 ; Barcelona ; 019 ; BARCELONA ; CL GÈNOVA 2 ; 08041 ; Operativas ; 
BP ; BANCOS ; 2100 ; CAIXABANK, S.A. (2100) ; ES ; ESPAÑA ; 09 ; CATALUÑA           ; 08 ; Barcelona ; 019 ; BARCELONA ; CL ARIBAU 237 ; 08021 ; Operativas ; 
BP ; BANCOS ; 2100 ; CAIXABANK, S.A. (2100) ; ES ; ESPAÑA ; 09 ; CATALUÑA           ; 08 ; Barcelona ; 019 ; BARCELONA ; CL ROCAFORT 233 ; 08029 ; Operativas ; 
BP ; BANCOS ; 2100 ; CAIXABANK, S.A. (2100) ; ES ; ESPAÑA ; 09 ; CATALUÑA           ; 08 ; Barcelona ; 019 ; BARCELONA ; AV PARAL.LEL 87 ; 08004 ; Operativas ; 
BP ; BANCOS ; 2100 ; CAIXABANK, S.A. (2100) ; ES ; ESPAÑA ; 09 ; CATALUÑA           ; 08 ; Barcelona ; 019 ; BARCELONA ; PZ MONS 2 ; 08023 ; Operativas ; 
BP ; BANCOS ; 2100 ; CAIXABANK, S.A. (2100) ; ES ; ESPAÑA ; 09 ; CATALUÑA           ; 08 ; Barcelona ; 019 ; BARCELONA ; CL BERLÍN 34 ; 08029 ; Operativas ; 
BP ; BANCOS ; 2100 ; CAIXABANK, S.A. (2100) ; ES ; ESPAÑA ; 09 ; CATALUÑA           ; 08 ; Barcelona ; 019 ; BARCELONA ; CL VALÈNCIA 545 ; 08026 ; Operativas ; 
BP ; BANCOS ; 2100 ; CAIXABANK, S.A. (2100) ; ES ; ESPAÑA ; 09 ; CATALUÑA           ; 08 ; Barcelona ; 019 ; BARCELONA ; CL VIA AUGUSTA 236 ; 08021 ; Operativas ; 
BP ; BANCOS ; 2100 ; CAIXABANK, S.A. (2100) ; ES ; ESPAÑA ; 09 ; CATALUÑA           ; 08 ; Barcelona ; 019 ; BARCELONA ; PZ DE VALLVIDRERA 2 ; 08017 ; Operativas ; 
BP ; BANCOS ; 2100 ; CAIXABANK, S.A. (2100) ; ES ; ESPAÑA ; 09 ; CATALUÑA           ; 08 ; Barcelona ; 019 ; BARCELONA ; CL VIA JULIA 00084 ; 08016 ; Operativas ; 
BP ; BANCOS ; 2100 ; CAIXABANK, S.A. (2100) ; ES ; ESPAÑA ; 09 ; CATALUÑA           ; 08 ; Barcelona ; 019 ; BARCELONA ; CL CALABRIA 175 ; 08015 ; Operativas ; 
BP ; BANCOS ; 2100 ; CAIXABANK, S.A. (2100) ; ES ; ESPAÑA ; 09 ; CATALUÑA           ; 08 ; Barcelona ; 019 ; BARCELONA ; PZ MOSSÈN CLAPES 20 ; 08030 ; Operativas ; 
BP ; BANCOS ; 2100 ; CAIXABANK, S.A. (2100) ; ES ; ESPAÑA ; 09 ; CATALUÑA           ; 08 ; Barcelona ; 019 ; BARCELONA ; PZ JOAQUIM FOLGUERA 3 ; 08022 ; Operativas ; 
BP ; BANCOS ; 2100 ; CAIXABANK, S.A. (2100) ; ES ; ESPAÑA ; 09 ; CATALUÑA           ; 08 ; Barcelona ; 019 ; BARCELONA ; CL DOS DE MAIG 278 ; 08025 ; Operativas ; 
BP ; BANCOS ; 2100 ; CAIXABANK, S.A. (2100) ; ES ; ESPAÑA ; 09 ; CATALUÑA           ; 08 ; Barcelona ; 019 ; BARCELONA ; CL PORTAFERRISSA 25 ; 08002 ; Operativas ; 
BP ; BANCOS ; 2100 ; CAIXABANK, S.A. (2100) ; ES ; ESPAÑA ; 09 ; CATALUÑA           ; 08 ; Barcelona ; 019 ; BARCELONA ; AV PARAL LEL 133 ; 08004 ; Operativas ; 
BP ; BANCOS ; 2100 ; CAIXABANK, S.A. (2100) ; ES ; ESPAÑA ; 09 ; CATALUÑA           ; 08 ; Barcelona ; 019 ; BARCELONA ; CL CANIGÓ 82 ; 08031 ; Operativas ; 
BP ; BANCOS ; 2100 ; CAIXABANK, S.A. (2100) ; ES ; ESPAÑA ; 09 ; CATALUÑA           ; 08 ; Barcelona ; 019 ; BARCELONA ; RD GENERAL MITRE 145 ; 08022 ; Operativas ; 
BP ; BANCOS ; 2100 ; CAIXABANK, S.A. (2100) ; ES ; ESPAÑA ; 09 ; CATALUÑA           ; 08 ; Barcelona ; 019 ; BARCELONA ; CL NAVAS DE TOLOSA 385 ; 08041 ; Operativas ; 
BP ; BANCOS ; 2100 ; CAIXABANK, S.A. (2100) ; ES ; ESPAÑA ; 09 ; CATALUÑA           ; 08 ; Barcelona ; 019 ; BARCELONA ; CL BALMES 182 ; 08006 ; Operativas ; 
BP ; BANCOS ; 2100 ; CAIXABANK, S.A. (2100) ; ES ; ESPAÑA ; 09 ; CATALUÑA           ; 08 ; Barcelona ; 019 ; BARCELONA ; CL MALLORCA 451 ; 08013 ; Operativas ; 
BP ; BANCOS ; 2100 ; CAIXABANK, S.A. (2100) ; ES ; ESPAÑA ; 09 ; CATALUÑA           ; 08 ; Barcelona ; 019 ; BARCELONA ; CL RAMON ALBO 2 ; 08027 ; Operativas ; 
BP ; BANCOS ; 2100 ; CAIXABANK, S.A. (2100) ; ES ; ESPAÑA ; 09 ; CATALUÑA           ; 08 ; Barcelona ; 019 ; BARCELONA ; CL ESPRONCEDA 285 ; 08018 ; Operativas ; 
BP ; BANCOS ; 2100 ; CAIXABANK, S.A. (2100) ; ES ; ESPAÑA ; 09 ; CATALUÑA           ; 08 ; Barcelona ; 019 ; BARCELONA ; CL GRAN DE SANT ANDREU 201 ; 08030 ; Operativas ; 
BP ; BANCOS ; 2100 ; CAIXABANK, S.A. (2100) ; ES ; ESPAÑA ; 09 ; CATALUÑA           ; 08 ; Barcelona ; 019 ; BARCELONA ; CL SANTALÓ 69 ; 08021 ; Operativas ; 
BP ; BANCOS ; 2100 ; CAIXABANK, S.A. (2100) ; ES ; ESPAÑA ; 09 ; CATALUÑA           ; 08 ; Barcelona ; 019 ; BARCELONA ; CL CREU COBERTA 83 ; 08014 ; Operativas ; 
BP ; BANCOS ; 2100 ; CAIXABANK, S.A. (2100) ; ES ; ESPAÑA ; 09 ; CATALUÑA           ; 08 ; Barcelona ; 019 ; BARCELONA ; RD GENERAL MITRE 51 ; 08017 ; Operativas ; 
BP ; BANCOS ; 2100 ; CAIXABANK, S.A. (2100) ; ES ; ESPAÑA ; 09 ; CATALUÑA           ; 08 ; Barcelona ; 019 ; BARCELONA ; CL Bruc 103 ; 08009 ; Operativas ; 
BP ; BANCOS ; 2100 ; CAIXABANK, S.A. (2100) ; ES ; ESPAÑA ; 09 ; CATALUÑA           ; 08 ; Barcelona ; 019 ; BARCELONA ; CL de la marina 91 ; 08018 ; Operativas ; 
BP ; BANCOS ; 2100 ; CAIXABANK, S.A. (2100) ; ES ; ESPAÑA ; 09 ; CATALUÑA           ; 08 ; Barcelona ; 019 ; BARCELONA ; AV Ganduxer 15 ; 08021 ; Operativas ; 
BP ; BANCOS ; 2100 ; CAIXABANK, S.A. (2100) ; ES ; ESPAÑA ; 09 ; CATALUÑA           ; 08 ; Barcelona ; 019 ; BARCELONA ; CL Llull 233 ; 08005 ; Operativas ; 
BP ; BANCOS ; 2100 ; CAIXABANK, S.A. (2100) ; ES ; ESPAÑA ; 09 ; CATALUÑA           ; 08 ; Barcelona ; 019 ; BARCELONA ; CL Foc 30-36 ; 08038 ; Operativas ; 
BP ; BANCOS ; 2100 ; CAIXABANK, S.A. (2100) ; ES ; ESPAÑA ; 09 ; CATALUÑA           ; 08 ; Barcelona ; 019 ; BARCELONA ; CL Napols 342 ; 08025 ; Operativas ; 
BP ; BANCOS ; 2100 ; CAIXABANK, S.A. (2100) ; ES ; ESPAÑA ; 09 ; CATALUÑA           ; 08 ; Barcelona ; 019 ; BARCELONA ; CL OLESA 45 ; 08027 ; Operativas ; 
BP ; BANCOS ; 2100 ; CAIXABANK, S.A. (2100) ; ES ; ESPAÑA ; 09 ; CATALUÑA           ; 08 ; Barcelona ; 019 ; BARCELONA ; AV DE MADRID 217 ; 08014 ; Operativas ; 
BP ; BANCOS ; 2100 ; CAIXABANK, S.A. (2100) ; ES ; ESPAÑA ; 09 ; CATALUÑA           ; 08 ; Barcelona ; 019 ; BARCELONA ; CL MUNTANER 577 ; 08022 ; Operativas ; 
BP ; BANCOS ; 2100 ; CAIXABANK, S.A. (2100) ; ES ; ESPAÑA ; 09 ; CATALUÑA           ; 08 ; Barcelona ; 019 ; BARCELONA ; AV DIAGONAL 621 ; 08028 ; Operativas ; 
BP ; BANCOS ; 2100 ; CAIXABANK, S.A. (2100) ; ES ; ESPAÑA ; 09 ; CATALUÑA           ; 08 ; Barcelona ; 019 ; BARCELONA ; AV diagonal 389 ; 08008 ; Operativas ; 
BP ; BANCOS ; 2100 ; CAIXABANK, S.A. (2100) ; ES ; ESPAÑA ; 09 ; CATALUÑA           ; 08 ; Barcelona ; 019 ; BARCELONA ; CL GRAN DE GRACIA 18 ; 08012 ; Operativas ; 
BP ; BANCOS ; 2100 ; CAIXABANK, S.A. (2100) ; ES ; ESPAÑA ; 09 ; CATALUÑA           ; 08 ; Barcelona ; 019 ; BARCELONA ; PZ FRANCESC MACIA 10 ; 08036 ; Operativas ; 
BP ; BANCOS ; 2100 ; CAIXABANK, S.A. (2100) ; ES ; ESPAÑA ; 09 ; CATALUÑA           ; 08 ; Barcelona ; 019 ; BARCELONA ; PS SANT GERVASI 12 ; 08022 ; Operativas ; 
BP ; BANCOS ; 2100 ; CAIXABANK, S.A. (2100) ; ES ; ESPAÑA ; 09 ; CATALUÑA           ; 08 ; Barcelona ; 019 ; BARCELONA ; AV DIAGONAL 519 ; 08029 ; Operativas ; 
BP ; BANCOS ; 2100 ; CAIXABANK, S.A. (2100) ; ES ; ESPAÑA ; 09 ; CATALUÑA           ; 08 ; Barcelona ; 019 ; BARCELONA ; CL VIA LAIETANA 56 ; 08003 ; Operativas ; 
BP ; BANCOS ; 2100 ; CAIXABANK, S.A. (2100) ; ES ; ESPAÑA ; 09 ; CATALUÑA           ; 08 ; Barcelona ; 019 ; BARCELONA ; AV DIAGONAL 390 ; 08037 ; Operativas ; 
BP ; BANCOS ; 2100 ; CAIXABANK, S.A. (2100) ; ES ; ESPAÑA ; 09 ; CATALUÑA           ; 08 ; Barcelona ; 019 ; BARCELONA ; CL GANDUXER 44 ; 08021 ; Operativas ; 
BP ; BANCOS ; 2100 ; CAIXABANK, S.A. (2100) ; ES ; ESPAÑA ; 09 ; CATALUÑA           ; 08 ; Barcelona ; 019 ; BARCELONA ; CL ARIBAU 185 ; 08006 ; Operativas ; 
BP ; BANCOS ; 2100 ; CAIXABANK, S.A. (2100) ; ES ; ESPAÑA ; 09 ; CATALUÑA           ; 08 ; Barcelona ; 019 ; BARCELONA ; CL VIA LAIETANA 20 ; 08003 ; Operativas ; 
BP ; BANCOS ; 2100 ; CAIXABANK, S.A. (2100) ; ES ; ESPAÑA ; 09 ; CATALUÑA           ; 08 ; Barcelona ; 019 ; BARCELONA ; AV DIAGONAL 568 ; 08021 ; Operativas ; 
BP ; BANCOS ; 2100 ; CAIXABANK, S.A. (2100) ; ES ; ESPAÑA ; 09 ; CATALUÑA           ; 08 ; Barcelona ; 019 ; BARCELONA ; CL Tuset 38 ; 08006 ; Operativas ; 
BP ; BANCOS ; 2100 ; CAIXABANK, S.A. (2100) ; ES ; ESPAÑA ; 09 ; CATALUÑA           ; 08 ; Barcelona ; 019 ; BARCELONA ; CL TAMARIT 155 ; 08015 ; Operativas ; 
BP ; BANCOS ; 2100 ; CAIXABANK, S.A. (2100) ; ES ; ESPAÑA ; 09 ; CATALUÑA           ; 08 ; Barcelona ; 019 ; BARCELONA ; CL CARME 44 ; 08001 ; Operativas ; 
BP ; BANCOS ; 2100 ; CAIXABANK, S.A. (2100) ; ES ; ESPAÑA ; 09 ; CATALUÑA           ; 08 ; Barcelona ; 019 ; BARCELONA ; RD SANT PERE 52 ; 08010 ; Operativas ; 
BP ; BANCOS ; 2100 ; CAIXABANK, S.A. (2100) ; ES ; ESPAÑA ; 09 ; CATALUÑA           ; 08 ; Barcelona ; 019 ; BARCELONA ; CL SANTS 48-50 ; 08014 ; Operativas ; 
BP ; BANCOS ; 2100 ; CAIXABANK, S.A. (2100) ; ES ; ESPAÑA ; 09 ; CATALUÑA           ; 08 ; Barcelona ; 019 ; BARCELONA ; AV PARAL·LEL 00122 ; 08015 ; Operativas ; 
BP ; BANCOS ; 2100 ; CAIXABANK, S.A. (2100) ; ES ; ESPAÑA ; 09 ; CATALUÑA           ; 08 ; Barcelona ; 019 ; BARCELONA ; CL GRAN DE SANT ANDREU 76-78 ; 08030 ; Operativas ; 
BP ; BANCOS ; 2100 ; CAIXABANK, S.A. (2100) ; ES ; ESPAÑA ; 09 ; CATALUÑA           ; 08 ; Barcelona ; 019 ; BARCELONA ; CL SANT ANTONI MARIA CLARET 330 ; 08041 ; Operativas ; 
BP ; BANCOS ; 2100 ; CAIXABANK, S.A. (2100) ; ES ; ESPAÑA ; 09 ; CATALUÑA           ; 08 ; Barcelona ; 019 ; BARCELONA ; CL MALLORCA 382 ; 08013 ; Operativas ; 
BP ; BANCOS ; 2100 ; CAIXABANK, S.A. (2100) ; ES ; ESPAÑA ; 09 ; CATALUÑA           ; 08 ; Barcelona ; 019 ; BARCELONA ; PZ DE SARRIÀ 8 ; 08017 ; Operativas ; 
BP ; BANCOS ; 2100 ; CAIXABANK, S.A. (2100) ; ES ; ESPAÑA ; 09 ; CATALUÑA           ; 08 ; Barcelona ; 019 ; BARCELONA ; PZ VIRREI AMAT 13-14 ; 08016 ; Operativas ; 
BP ; BANCOS ; 2100 ; CAIXABANK, S.A. (2100) ; ES ; ESPAÑA ; 09 ; CATALUÑA           ; 08 ; Barcelona ; 019 ; BARCELONA ; CL TAJO 65 ; 08032 ; Operativas ; 
BP ; BANCOS ; 2100 ; CAIXABANK, S.A. (2100) ; ES ; ESPAÑA ; 09 ; CATALUÑA           ; 08 ; Barcelona ; 019 ; BARCELONA ; AV  RASOS DE PEGUERA 00006 ; 08033 ; Operativas ; 
BP ; BANCOS ; 2100 ; CAIXABANK, S.A. (2100) ; ES ; ESPAÑA ; 09 ; CATALUÑA           ; 08 ; Barcelona ; 019 ; BARCELONA ; AV  DE SARRIA 00150 ; 08017 ; Operativas ; 
BP ; BANCOS ; 2100 ; CAIXABANK, S.A. (2100) ; ES ; ESPAÑA ; 09 ; CATALUÑA           ; 08 ; Barcelona ; 019 ; BARCELONA ; CL ANDRADE 236 ; 08020 ; Operativas ; 
BP ; BANCOS ; 2100 ; CAIXABANK, S.A. (2100) ; ES ; ESPAÑA ; 09 ; CATALUÑA           ; 08 ; Barcelona ; 019 ; BARCELONA ; CL PLA DELS FORNELLS 30 ; 08042 ; Operativas ; 
BP ; BANCOS ; 2100 ; CAIXABANK, S.A. (2100) ; ES ; ESPAÑA ; 09 ; CATALUÑA           ; 08 ; Barcelona ; 019 ; BARCELONA ; AV ROMA 32-40 ; 08015 ; Operativas ; 
BP ; BANCOS ; 2100 ; CAIXABANK, S.A. (2100) ; ES ; ESPAÑA ; 09 ; CATALUÑA           ; 08 ; Barcelona ; 019 ; BARCELONA ; AV REPUBLICA ARGENTINA 247 ; 08023 ; Operativas ; 
BP ; BANCOS ; 2100 ; CAIXABANK, S.A. (2100) ; ES ; ESPAÑA ; 09 ; CATALUÑA           ; 08 ; Barcelona ; 019 ; BARCELONA ; ZZ GRAN VIA DE LES CORTS CATALANES 00289 ; 08004 ; Operativas ; 
BP ; BANCOS ; 2100 ; CAIXABANK, S.A. (2100) ; ES ; ESPAÑA ; 09 ; CATALUÑA           ; 08 ; Barcelona ; 019 ; BARCELONA ; CL JUDEA 9 ; 08035 ; Operativas ; 
BP ; BANCOS ; 2100 ; CAIXABANK, S.A. (2100) ; ES ; ESPAÑA ; 09 ; CATALUÑA           ; 08 ; Barcelona ; 019 ; BARCELONA ; CL PIFERRER 164 ; 08016 ; Operativas ; 
BP ; BANCOS ; 2100 ; CAIXABANK, S.A. (2100) ; ES ; ESPAÑA ; 09 ; CATALUÑA           ; 08 ; Barcelona ; 019 ; BARCELONA ; CL BADAL 90 ; 08014 ; Operativas ; 
BP ; BANCOS ; 2100 ; CAIXABANK, S.A. (2100) ; ES ; ESPAÑA ; 09 ; CATALUÑA           ; 08 ; Barcelona ; 019 ; BARCELONA ; AV  MERIDIANA 00326 ; 08027 ; Operativas ; 
BP ; BANCOS ; 2100 ; CAIXABANK, S.A. (2100) ; ES ; ESPAÑA ; 09 ; CATALUÑA           ; 08 ; Barcelona ; 019 ; BARCELONA ; CL DANTE ALIGHIERI 90 ; 08032 ; Operativas ; 
BP ; BANCOS ; 2100 ; CAIXABANK, S.A. (2100) ; ES ; ESPAÑA ; 09 ; CATALUÑA           ; 08 ; Barcelona ; 019 ; BARCELONA ; CL SICILIA 95 ; 08013 ; Operativas ; 
BP ; BANCOS ; 2100 ; CAIXABANK, S.A. (2100) ; ES ; ESPAÑA ; 09 ; CATALUÑA           ; 08 ; Barcelona ; 019 ; BARCELONA ; CL RIVADENEYRA 6 ; 08002 ; Operativas ; 
BP ; BANCOS ; 2100 ; CAIXABANK, S.A. (2100) ; ES ; ESPAÑA ; 09 ; CATALUÑA           ; 08 ; Barcelona ; 019 ; BARCELONA ; CL CARDENAL TEDESCHINI 55 ; 08027 ; Operativas ; 
BP ; BANCOS ; 2100 ; CAIXABANK, S.A. (2100) ; ES ; ESPAÑA ; 09 ; CATALUÑA           ; 08 ; Barcelona ; 019 ; BARCELONA ; ZZ PASSEIG ZONA FRANCA 00144 ; 08038 ; Operativas ; 
BP ; BANCOS ; 2100 ; CAIXABANK, S.A. (2100) ; ES ; ESPAÑA ; 09 ; CATALUÑA           ; 08 ; Barcelona ; 019 ; BARCELONA ; CL MUNTANER 149 ; 08036 ; Operativas ; 
BP ; BANCOS ; 2100 ; CAIXABANK, S.A. (2100) ; ES ; ESPAÑA ; 09 ; CATALUÑA           ; 08 ; Barcelona ; 019 ; BARCELONA ; AV gran via corts catalanes 444 ; 08015 ; Operativas ; 
BP ; BANCOS ; 2100 ; CAIXABANK, S.A. (2100) ; ES ; ESPAÑA ; 09 ; CATALUÑA           ; 08 ; Barcelona ; 019 ; BARCELONA ; CL Foradada 52-54 ; 08033 ; Operativas ; 
BP ; BANCOS ; 2100 ; CAIXABANK, S.A. (2100) ; ES ; ESPAÑA ; 09 ; CATALUÑA           ; 08 ; Barcelona ; 019 ; BARCELONA ; CL ARAGON 174 ; 08011 ; Operativas ; 
BP ; BANCOS ; 2100 ; CAIXABANK, S.A. (2100) ; ES ; ESPAÑA ; 09 ; CATALUÑA           ; 08 ; Barcelona ; 019 ; BARCELONA ; CL BILBAO 75 ; 08005 ; Operativas ; 
BP ; BANCOS ; 2100 ; CAIXABANK, S.A. (2100) ; ES ; ESPAÑA ; 09 ; CATALUÑA           ; 08 ; Barcelona ; 019 ; BARCELONA ; CL Guillem Tell 28-30 ; 08006 ; Operativas ; 
BP ; BANCOS ; 2100 ; CAIXABANK, S.A. (2100) ; ES ; ESPAÑA ; 09 ; CATALUÑA           ; 08 ; Barcelona ; 019 ; BARCELONA ; AV MERIDIANA 194 ; 08026 ; Operativas ; 
BP ; BANCOS ; 2100 ; CAIXABANK, S.A. (2100) ; ES ; ESPAÑA ; 09 ; CATALUÑA           ; 08 ; Barcelona ; 019 ; BARCELONA ; CL GRAN VIA DE LES CORTS CATALANES 601 ; 08007 ; Operativas ; 
BP ; BANCOS ; 2100 ; CAIXABANK, S.A. (2100) ; ES ; ESPAÑA ; 09 ; CATALUÑA           ; 08 ; Barcelona ; 019 ; BARCELONA ; CL GRAN DE GRACIA 140 ; 08012 ; Operativas ; 
BP ; BANCOS ; 2100 ; CAIXABANK, S.A. (2100) ; ES ; ESPAÑA ; 09 ; CATALUÑA           ; 08 ; Barcelona ; 019 ; BARCELONA ; CL GRAN VIA DE LES CORTS CATALANES 01003 ; 08020 ; Operativas ; 
BP ; BANCOS ; 2100 ; CAIXABANK, S.A. (2100) ; ES ; ESPAÑA ; 09 ; CATALUÑA           ; 08 ; Barcelona ; 019 ; BARCELONA ; CL MANDRI 27 ; 08022 ; Operativas ; 
BP ; BANCOS ; 2100 ; CAIXABANK, S.A. (2100) ; ES ; ESPAÑA ; 09 ; CATALUÑA           ; 08 ; Barcelona ; 019 ; BARCELONA ; CL MUNTANER 405 ; 08021 ; Operativas ; 
BP ; BANCOS ; 2100 ; CAIXABANK, S.A. (2100) ; ES ; ESPAÑA ; 09 ; CATALUÑA           ; 08 ; Barcelona ; 019 ; BARCELONA ; PZ URQUINAONA 9 ; 08010 ; Operativas ; 
BP ; BANCOS ; 2100 ; CAIXABANK, S.A. (2100) ; ES ; ESPAÑA ; 09 ; CATALUÑA           ; 08 ; Barcelona ; 019 ; BARCELONA ; CL Rambla Catalunya 35 ; 08007 ; Operativas ; 
BP ; BANCOS ; 2100 ; CAIXABANK, S.A. (2100) ; ES ; ESPAÑA ; 09 ; CATALUÑA           ; 08 ; Barcelona ; 019 ; BARCELONA ; CL PROVENÇA 419 ; 08025 ; Operativas ; 
BP ; BANCOS ; 2100 ; CAIXABANK, S.A. (2100) ; ES ; ESPAÑA ; 09 ; CATALUÑA           ; 08 ; Barcelona ; 019 ; BARCELONA ; PZ CATALUNYA 7 ; 08002 ; Operativas ; 
BP ; BANCOS ; 2100 ; CAIXABANK, S.A. (2100) ; ES ; ESPAÑA ; 09 ; CATALUÑA           ; 08 ; Barcelona ; 019 ; BARCELONA ; CL LA RAMBLA 91 ; 08002 ; Operativas ; 
BP ; BANCOS ; 2100 ; CAIXABANK, S.A. (2100) ; ES ; ESPAÑA ; 09 ; CATALUÑA           ; 08 ; Barcelona ; 019 ; BARCELONA ; CL SANTS 65 ; 08014 ; Operativas ; 
BP ; BANCOS ; 2100 ; CAIXABANK, S.A. (2100) ; ES ; ESPAÑA ; 09 ; CATALUÑA           ; 08 ; Barcelona ; 019 ; BARCELONA ; RB POBLE NOU 135 ; 08018 ; Operativas ; 
BP ; BANCOS ; 2100 ; CAIXABANK, S.A. (2100) ; ES ; ESPAÑA ; 09 ; CATALUÑA           ; 08 ; Barcelona ; 019 ; BARCELONA ; CL GRAN VIA DE LES CORTS CATALANES 490 ; 08015 ; Operativas ; 
BP ; BANCOS ; 2100 ; CAIXABANK, S.A. (2100) ; ES ; ESPAÑA ; 09 ; CATALUÑA           ; 08 ; Barcelona ; 019 ; BARCELONA ; CL TRAVESERA DE DALT 65 ; 08024 ; Operativas ; 
BP ; BANCOS ; 2100 ; CAIXABANK, S.A. (2100) ; ES ; ESPAÑA ; 09 ; CATALUÑA           ; 08 ; Barcelona ; 019 ; BARCELONA ; CL LES CORTS 1 ; 08028 ; Operativas ; 
BP ; BANCOS ; 2100 ; CAIXABANK, S.A. (2100) ; ES ; ESPAÑA ; 09 ; CATALUÑA           ; 08 ; Barcelona ; 019 ; BARCELONA ; CL MUNTANER 262 ; 08021 ; Operativas ; 
BP ; BANCOS ; 2100 ; CAIXABANK, S.A. (2100) ; ES ; ESPAÑA ; 09 ; CATALUÑA           ; 08 ; Barcelona ; 019 ; BARCELONA ; CL ROSELLO 454 ; 08025 ; Operativas ; 
BP ; BANCOS ; 2100 ; CAIXABANK, S.A. (2100) ; ES ; ESPAÑA ; 09 ; CATALUÑA           ; 08 ; Barcelona ; 019 ; BARCELONA ; RB GUIPUSCOA 83 ; 08020 ; Operativas ; 
BP ; BANCOS ; 2100 ; CAIXABANK, S.A. (2100) ; ES ; ESPAÑA ; 09 ; CATALUÑA           ; 08 ; Barcelona ; 019 ; BARCELONA ; CL SANTUARI 13 ; 08032 ; Operativas ; 
BP ; BANCOS ; 2100 ; CAIXABANK, S.A. (2100) ; ES ; ESPAÑA ; 09 ; CATALUÑA           ; 08 ; Barcelona ; 019 ; BARCELONA ; PZ GAL.LA PLACIDIA 17 ; 08006 ; Operativas ; 
BP ; BANCOS ; 2100 ; CAIXABANK, S.A. (2100) ; ES ; ESPAÑA ; 09 ; CATALUÑA           ; 08 ; Barcelona ; 019 ; BARCELONA ; CL entença 251 ; 08029 ; Operativas ; 
BP ; BANCOS ; 2100 ; CAIXABANK, S.A. (2100) ; ES ; ESPAÑA ; 09 ; CATALUÑA           ; 08 ; Barcelona ; 019 ; BARCELONA ; CL PUIGCERDA 271 ; 08020 ; Operativas ; 
BP ; BANCOS ; 2100 ; CAIXABANK, S.A. (2100) ; ES ; ESPAÑA ; 09 ; CATALUÑA           ; 08 ; Barcelona ; 019 ; BARCELONA ; CL ARAGÓ 314 ; 08009 ; Operativas ; 
BP ; BANCOS ; 2100 ; CAIXABANK, S.A. (2100) ; ES ; ESPAÑA ; 09 ; CATALUÑA           ; 08 ; Barcelona ; 019 ; BARCELONA ; CL SARDENYA 353 ; 08025 ; Operativas ; 
BP ; BANCOS ; 2100 ; CAIXABANK, S.A. (2100) ; ES ; ESPAÑA ; 09 ; CATALUÑA           ; 08 ; Barcelona ; 019 ; BARCELONA ; AV RAMBLA DE PLOBENOU 60-62 ; 08005 ; Operativas ; 
BP ; BANCOS ; 2100 ; CAIXABANK, S.A. (2100) ; ES ; ESPAÑA ; 09 ; CATALUÑA           ; 08 ; Barcelona ; 019 ; BARCELONA ; CL PEDRO I PONS 6-8 ; 08034 ; Operativas ; 
BP ; BANCOS ; 2100 ; CAIXABANK, S.A. (2100) ; ES ; ESPAÑA ; 09 ; CATALUÑA           ; 08 ; Barcelona ; 019 ; BARCELONA ; AV  ARISTIDES MAILLOL  ; 08028 ; Operativas ; 
BP ; BANCOS ; 2100 ; CAIXABANK, S.A. (2100) ; ES ; ESPAÑA ; 09 ; CATALUÑA           ; 08 ; Barcelona ; 019 ; BARCELONA ; PZ DE LESSEPS 6 ; 08023 ; Operativas ; 
BP ; BANCOS ; 2100 ; CAIXABANK, S.A. (2100) ; ES ; ESPAÑA ; 09 ; CATALUÑA           ; 08 ; Barcelona ; 019 ; BARCELONA ; PZ DE SANT GREGORI TAUMATURG 6 ; 08021 ; Operativas ; 
BP ; BANCOS ; 2100 ; CAIXABANK, S.A. (2100) ; ES ; ESPAÑA ; 09 ; CATALUÑA           ; 08 ; Barcelona ; 019 ; BARCELONA ; AV MERIDIANA 180 ; 08026 ; Operativas ; 
BP ; BANCOS ; 2100 ; CAIXABANK, S.A. (2100) ; ES ; ESPAÑA ; 09 ; CATALUÑA           ; 08 ; Barcelona ; 019 ; BARCELONA ; AV D'ICARIA 148 ; 08005 ; Operativas ; 
BP ; BANCOS ; 2100 ; CAIXABANK, S.A. (2100) ; ES ; ESPAÑA ; 09 ; CATALUÑA           ; 08 ; Barcelona ; 019 ; BARCELONA ; AV DIAGONAL 618 ; 08021 ; Operativas ; 
BP ; BANCOS ; 2100 ; CAIXABANK, S.A. (2100) ; ES ; ESPAÑA ; 09 ; CATALUÑA           ; 08 ; Barcelona ; 019 ; BARCELONA ; PZ MOLINA 1 ; 08006 ; Operativas ; 
BP ; BANCOS ; 2100 ; CAIXABANK, S.A. (2100) ; ES ; ESPAÑA ; 09 ; CATALUÑA           ; 08 ; Barcelona ; 019 ; BARCELONA ; AV DE MADRID 171 ; 08028 ; Operativas ; 
BP ; BANCOS ; 2100 ; CAIXABANK, S.A. (2100) ; ES ; ESPAÑA ; 09 ; CATALUÑA           ; 08 ; Barcelona ; 019 ; BARCELONA ; AV DIAGONAL 650 ; 08017 ; Operativas ; 
BP ; BANCOS ; 2100 ; CAIXABANK, S.A. (2100) ; ES ; ESPAÑA ; 09 ; CATALUÑA           ; 08 ; Barcelona ; 019 ; BARCELONA ; PS zona Franca 242 ; 08038 ; Operativas ; 
BP ; BANCOS ; 2100 ; CAIXABANK, S.A. (2100) ; ES ; ESPAÑA ; 09 ; CATALUÑA           ; 08 ; Barcelona ; 019 ; BARCELONA ; PS DE MARAGALL 328 ; 08031 ; Operativas ; 
BP ; BANCOS ; 2100 ; CAIXABANK, S.A. (2100) ; ES ; ESPAÑA ; 09 ; CATALUÑA           ; 08 ; Barcelona ; 020 ; BEGUES ; ZZ PASSEIG DE L'ESGLESIA 00009 ; 08859 ; Operativas ; 
BP ; BANCOS ; 2100 ; CAIXABANK, S.A. (2100) ; ES ; ESPAÑA ; 09 ; CATALUÑA           ; 08 ; Barcelona ; 022 ; BERGA ; ZZ PASSEIG DE LA PAU 00007 ; 08600 ; Operativas ; 
BP ; BANCOS ; 2100 ; CAIXABANK, S.A. (2100) ; ES ; ESPAÑA ; 09 ; CATALUÑA           ; 08 ; Barcelona ; 023 ; BIGUES I RIELLS ; ZZ C. PRAT DE LA RIBA 00151 ; 08415 ; Operativas ; 
BP ; BANCOS ; 2100 ; CAIXABANK, S.A. (2100) ; ES ; ESPAÑA ; 09 ; CATALUÑA           ; 08 ; Barcelona ; 029 ; CABRERA DE MAR ; AV  PARE JAUME CATALA 00009 ; 08349 ; Operativas ; 
BP ; BANCOS ; 2100 ; CAIXABANK, S.A. (2100) ; ES ; ESPAÑA ; 09 ; CATALUÑA           ; 08 ; Barcelona ; 030 ; CABRILS ; ZZ TORRENT ROIG 00019 ; 08348 ; Operativas ; 
BP ; BANCOS ; 2100 ; CAIXABANK, S.A. (2100) ; ES ; ESPAÑA ; 09 ; CATALUÑA           ; 08 ; Barcelona ; 031 ; CALAF ; ZZ PASSEIG DE SANTA CALAMANDA 00002 ; 08280 ; Operativas ; 
BP ; BANCOS ; 2100 ; CAIXABANK, S.A. (2100) ; ES ; ESPAÑA ; 09 ; CATALUÑA           ; 08 ; Barcelona ; 032 ; CALDES D'ESTRAC ; CL RIERA 3 ; 08393 ; Operativas ; 
BP ; BANCOS ; 2100 ; CAIXABANK, S.A. (2100) ; ES ; ESPAÑA ; 09 ; CATALUÑA           ; 08 ; Barcelona ; 033 ; CALDES DE MONTBUI ; AV PI I MARGALL 2 ; 08140 ; Operativas ; 
BP ; BANCOS ; 2100 ; CAIXABANK, S.A. (2100) ; ES ; ESPAÑA ; 09 ; CATALUÑA           ; 08 ; Barcelona ; 035 ; CALELLA ; CL Esglèsia 87 ; 08370 ; Operativas ; 
BP ; BANCOS ; 2100 ; CAIXABANK, S.A. (2100) ; ES ; ESPAÑA ; 09 ; CATALUÑA           ; 08 ; Barcelona ; 037 ; CALLDETENES ; ZZ C. GRAN 00002 ; 08506 ; Operativas ; 
BP ; BANCOS ; 2100 ; CAIXABANK, S.A. (2100) ; ES ; ESPAÑA ; 09 ; CATALUÑA           ; 08 ; Barcelona ; 038 ; CALLUS ; AV  ANSELM CLAVE 00035 ; 08262 ; Operativas ; 
BP ; BANCOS ; 2100 ; CAIXABANK, S.A. (2100) ; ES ; ESPAÑA ; 09 ; CATALUÑA           ; 08 ; Barcelona ; 040 ; CANET DE MAR ; CL AMPLE 00004 ; 08360 ; Operativas ; 
BP ; BANCOS ; 2100 ; CAIXABANK, S.A. (2100) ; ES ; ESPAÑA ; 09 ; CATALUÑA           ; 08 ; Barcelona ; 041 ; CANOVELLES ; CL RIERA 27 ; 08420 ; Operativas ; 
BP ; BANCOS ; 2100 ; CAIXABANK, S.A. (2100) ; ES ; ESPAÑA ; 09 ; CATALUÑA           ; 08 ; Barcelona ; 043 ; CANYELLES ; ZZ C. NOU 00006 ; 08811 ; Operativas ; 
BP ; BANCOS ; 2100 ; CAIXABANK, S.A. (2100) ; ES ; ESPAÑA ; 09 ; CATALUÑA           ; 08 ; Barcelona ; 044 ; CAPELLADES ; CL GARBI 41 ; 08786 ; Operativas ; 
BP ; BANCOS ; 2100 ; CAIXABANK, S.A. (2100) ; ES ; ESPAÑA ; 09 ; CATALUÑA           ; 08 ; Barcelona ; 046 ; CARDEDEU ; PZ JOAN ALSINA 12 ; 08440 ; Operativas ; 
BP ; BANCOS ; 2100 ; CAIXABANK, S.A. (2100) ; ES ; ESPAÑA ; 09 ; CATALUÑA           ; 08 ; Barcelona ; 046 ; CARDEDEU ; AV DEL REI EN JAUME 103 ; 08440 ; Operativas ; 
BP ; BANCOS ; 2100 ; CAIXABANK, S.A. (2100) ; ES ; ESPAÑA ; 09 ; CATALUÑA           ; 08 ; Barcelona ; 047 ; CARDONA ; CL MAJOR 35 ; 08261 ; Operativas ; 
BP ; BANCOS ; 2100 ; CAIXABANK, S.A. (2100) ; ES ; ESPAÑA ; 09 ; CATALUÑA           ; 08 ; Barcelona ; 049 ; CASSERRES ; PZ SANTA MARIA 8 ; 08693 ; Operativas ; 
BP ; BANCOS ; 2100 ; CAIXABANK, S.A. (2100) ; ES ; ESPAÑA ; 09 ; CATALUÑA           ; 08 ; Barcelona ; 051 ; CASTELLAR DEL VALLÈS ; CR DE SENTMENAT 14 ; 08211 ; Operativas ; 
BP ; BANCOS ; 2100 ; CAIXABANK, S.A. (2100) ; ES ; ESPAÑA ; 09 ; CATALUÑA           ; 08 ; Barcelona ; 053 ; CASTELLBELL I EL VILAR ; CL JOAQUIM BORRAS 36 ; 08296 ; Operativas ; 
BP ; BANCOS ; 2100 ; CAIXABANK, S.A. (2100) ; ES ; ESPAÑA ; 09 ; CATALUÑA           ; 08 ; Barcelona ; 054 ; CASTELLBISBAL ; CL MAJOR 36 ; 08755 ; Operativas ; 
BP ; BANCOS ; 2100 ; CAIXABANK, S.A. (2100) ; ES ; ESPAÑA ; 09 ; CATALUÑA           ; 08 ; Barcelona ; 056 ; CASTELLDEFELS ; CL doctor ferran 3 ; 08860 ; Operativas ; 
BP ; BANCOS ; 2100 ; CAIXABANK, S.A. (2100) ; ES ; ESPAÑA ; 09 ; CATALUÑA           ; 08 ; Barcelona ; 056 ; CASTELLDEFELS ; ZZ PASSEIG MARITIM 00239 ; 08860 ; Operativas ; 
BP ; BANCOS ; 2100 ; CAIXABANK, S.A. (2100) ; ES ; ESPAÑA ; 09 ; CATALUÑA           ; 08 ; Barcelona ; 056 ; CASTELLDEFELS ; AV MANEL GIRONA 32 ; 08860 ; Operativas ; 
BP ; BANCOS ; 2100 ; CAIXABANK, S.A. (2100) ; ES ; ESPAÑA ; 09 ; CATALUÑA           ; 08 ; Barcelona ; 056 ; CASTELLDEFELS ; PZ DE L'ESGLESIA 7 ; 08860 ; Operativas ; 
BP ; BANCOS ; 2100 ; CAIXABANK, S.A. (2100) ; ES ; ESPAÑA ; 09 ; CATALUÑA           ; 08 ; Barcelona ; 064 ; CASTELLTERÇOL ; PZ VELLA 5 ; 08183 ; Operativas ; 
BP ; BANCOS ; 2100 ; CAIXABANK, S.A. (2100) ; ES ; ESPAÑA ; 09 ; CATALUÑA           ; 08 ; Barcelona ; 067 ; CENTELLES ; PZ MAJOR 1 ; 08540 ; Operativas ; 
BP ; BANCOS ; 2100 ; CAIXABANK, S.A. (2100) ; ES ; ESPAÑA ; 09 ; CATALUÑA           ; 08 ; Barcelona ; 068 ; CERVELLO ; CL MAJOR 24 ; 08758 ; Operativas ; 
BP ; BANCOS ; 2100 ; CAIXABANK, S.A. (2100) ; ES ; ESPAÑA ; 09 ; CATALUÑA           ; 08 ; Barcelona ; 072 ; CORBERA DE LLOBREGAT ; AV  DE CATALUNYA 00019 ; 08757 ; Operativas ; 
BP ; BANCOS ; 2100 ; CAIXABANK, S.A. (2100) ; ES ; ESPAÑA ; 09 ; CATALUÑA           ; 08 ; Barcelona ; 073 ; CORNELLÀ DE LLOBREGAT ; CL MIRANDA 71 ; 08940 ; Operativas ; 
BP ; BANCOS ; 2100 ; CAIXABANK, S.A. (2100) ; ES ; ESPAÑA ; 09 ; CATALUÑA           ; 08 ; Barcelona ; 073 ; CORNELLÀ DE LLOBREGAT ; CL RUBIÓ I ORS 81-83 ; 08940 ; Operativas ; 
BP ; BANCOS ; 2100 ; CAIXABANK, S.A. (2100) ; ES ; ESPAÑA ; 09 ; CATALUÑA           ; 08 ; Barcelona ; 073 ; CORNELLÀ DE LLOBREGAT ; CL DOLORS ALMEDA 32 ; 08940 ; Operativas ; 
BP ; BANCOS ; 2100 ; CAIXABANK, S.A. (2100) ; ES ; ESPAÑA ; 09 ; CATALUÑA           ; 08 ; Barcelona ; 073 ; CORNELLÀ DE LLOBREGAT ; CL PL MARSANS 3 ; 08940 ; Operativas ; 
BP ; BANCOS ; 2100 ; CAIXABANK, S.A. (2100) ; ES ; ESPAÑA ; 09 ; CATALUÑA           ; 08 ; Barcelona ; 073 ; CORNELLÀ DE LLOBREGAT ; CR D'ESPLUGUES 64 ; 08940 ; Operativas ; 
BP ; BANCOS ; 2100 ; CAIXABANK, S.A. (2100) ; ES ; ESPAÑA ; 09 ; CATALUÑA           ; 08 ; Barcelona ; 073 ; CORNELLÀ DE LLOBREGAT ; RB ANSELM CLAVÉ 8 ; 08940 ; Operativas ; 
BP ; BANCOS ; 2100 ; CAIXABANK, S.A. (2100) ; ES ; ESPAÑA ; 09 ; CATALUÑA           ; 08 ; Barcelona ; 073 ; CORNELLÀ DE LLOBREGAT ; CL DOCTOR ARUS 2 ; 08940 ; Operativas ; 
BP ; BANCOS ; 2100 ; CAIXABANK, S.A. (2100) ; ES ; ESPAÑA ; 09 ; CATALUÑA           ; 08 ; Barcelona ; 074 ; CUBELLES ; AV  DE CATALUNYA 00029 ; 08880 ; Operativas ; 
BP ; BANCOS ; 2100 ; CAIXABANK, S.A. (2100) ; ES ; ESPAÑA ; 09 ; CATALUÑA           ; 08 ; Barcelona ; 075 ; DOSRIUS ; PZ DE LA REPÚBLICA 7 ; 08319 ; Operativas ; 
BP ; BANCOS ; 2100 ; CAIXABANK, S.A. (2100) ; ES ; ESPAÑA ; 09 ; CATALUÑA           ; 08 ; Barcelona ; 076 ; ESPARREGUERA ; PZ DE L'AJUNTAMENT 9 ; 08292 ; Operativas ; 
BP ; BANCOS ; 2100 ; CAIXABANK, S.A. (2100) ; ES ; ESPAÑA ; 09 ; CATALUÑA           ; 08 ; Barcelona ; 077 ; ESPLUGUES DE LLOBREGAT ; AV DEL TORRENT 36 ; 08950 ; Operativas ; 
BP ; BANCOS ; 2100 ; CAIXABANK, S.A. (2100) ; ES ; ESPAÑA ; 09 ; CATALUÑA           ; 08 ; Barcelona ; 077 ; ESPLUGUES DE LLOBREGAT ; ZZ PASSEIG DE SANT JOAN DE DEU 00002 ; 08950 ; Operativas ; 
BP ; BANCOS ; 2100 ; CAIXABANK, S.A. (2100) ; ES ; ESPAÑA ; 09 ; CATALUÑA           ; 08 ; Barcelona ; 077 ; ESPLUGUES DE LLOBREGAT ; CL ANGEL GUIMERÀ 00001 ; 08950 ; Operativas ; 
BP ; BANCOS ; 2100 ; CAIXABANK, S.A. (2100) ; ES ; ESPAÑA ; 09 ; CATALUÑA           ; 08 ; Barcelona ; 077 ; ESPLUGUES DE LLOBREGAT ; CL QUINTANA 35 ; 08950 ; Operativas ; 
BP ; BANCOS ; 2100 ; CAIXABANK, S.A. (2100) ; ES ; ESPAÑA ; 09 ; CATALUÑA           ; 08 ; Barcelona ; 086 ; FRANQUESES DEL VALLÈS(LES) ; CR DE RIBES 99 ; 08520 ; Operativas ; 
BP ; BANCOS ; 2100 ; CAIXABANK, S.A. (2100) ; ES ; ESPAÑA ; 09 ; CATALUÑA           ; 08 ; Barcelona ; 088 ; GARRIGA (LA) ; PZ L'ESGLESIA 1 ; 08530 ; Operativas ; 
BP ; BANCOS ; 2100 ; CAIXABANK, S.A. (2100) ; ES ; ESPAÑA ; 09 ; CATALUÑA           ; 08 ; Barcelona ; 089 ; GAVÀ ; PZ BALMES 5 ; 08850 ; Operativas ; 
BP ; BANCOS ; 2100 ; CAIXABANK, S.A. (2100) ; ES ; ESPAÑA ; 09 ; CATALUÑA           ; 08 ; Barcelona ; 089 ; GAVÀ ; RB CASAS 104 ; 08850 ; Operativas ; 
BP ; BANCOS ; 2100 ; CAIXABANK, S.A. (2100) ; ES ; ESPAÑA ; 09 ; CATALUÑA           ; 08 ; Barcelona ; 091 ; GELIDA ; CL COLOM 14 ; 08790 ; Operativas ; 
BP ; BANCOS ; 2100 ; CAIXABANK, S.A. (2100) ; ES ; ESPAÑA ; 09 ; CATALUÑA           ; 08 ; Barcelona ; 092 ; GIRONELLA ; AV  DE CATALUNYA 00045 ; 08680 ; Operativas ; 
BP ; BANCOS ; 2100 ; CAIXABANK, S.A. (2100) ; ES ; ESPAÑA ; 09 ; CATALUÑA           ; 08 ; Barcelona ; 096 ; GRANOLLERS ; PZ JAUME I EL CONQUERIDOR 5 ; 08400 ; Operativas ; 
BP ; BANCOS ; 2100 ; CAIXABANK, S.A. (2100) ; ES ; ESPAÑA ; 09 ; CATALUÑA           ; 08 ; Barcelona ; 096 ; GRANOLLERS ; PZ MALUQUER I SALVADOR 3 ; 08401 ; Operativas ; 
BP ; BANCOS ; 2100 ; CAIXABANK, S.A. (2100) ; ES ; ESPAÑA ; 09 ; CATALUÑA           ; 08 ; Barcelona ; 096 ; GRANOLLERS ; CL ALFOND IV 9 ; 08402 ; Operativas ; 
BP ; BANCOS ; 2100 ; CAIXABANK, S.A. (2100) ; ES ; ESPAÑA ; 09 ; CATALUÑA           ; 08 ; Barcelona ; 096 ; GRANOLLERS ; CL SANT JAUME 20 ; 08400 ; Operativas ; 
BP ; BANCOS ; 2100 ; CAIXABANK, S.A. (2100) ; ES ; ESPAÑA ; 09 ; CATALUÑA           ; 08 ; Barcelona ; 096 ; GRANOLLERS ; ZZ PASSEIG CRISTÒFOL COLOM 30 ; 08400 ; Operativas ; 
BP ; BANCOS ; 2100 ; CAIXABANK, S.A. (2100) ; ES ; ESPAÑA ; 09 ; CATALUÑA           ; 08 ; Barcelona ; 098 ; SANT SALVADOR DE GUARDIOLA ; CL CREU 22 ; 08253 ; Operativas ; 
BP ; BANCOS ; 2100 ; CAIXABANK, S.A. (2100) ; ES ; ESPAÑA ; 09 ; CATALUÑA           ; 08 ; Barcelona ; 099 ; GUARDIOLA DE BERGUEDÀ ; PZ MUNICIPAL 8 ; 08694 ; Operativas ; 
BP ; BANCOS ; 2100 ; CAIXABANK, S.A. (2100) ; ES ; ESPAÑA ; 09 ; CATALUÑA           ; 08 ; Barcelona ; 101 ; HOSPITALET DE LLOBREGAT(L') ; CL RIERA BLANCA 100 ; 08903 ; Operativas ; 
BP ; BANCOS ; 2100 ; CAIXABANK, S.A. (2100) ; ES ; ESPAÑA ; 09 ; CATALUÑA           ; 08 ; Barcelona ; 101 ; HOSPITALET DE LLOBREGAT(L') ; AV MIRAFLORES 54 ; 08905 ; Operativas ; 
BP ; BANCOS ; 2100 ; CAIXABANK, S.A. (2100) ; ES ; ESPAÑA ; 09 ; CATALUÑA           ; 08 ; Barcelona ; 101 ; HOSPITALET DE LLOBREGAT(L') ; CL PRIMAVERA 78 ; 08905 ; Operativas ; 
BP ; BANCOS ; 2100 ; CAIXABANK, S.A. (2100) ; ES ; ESPAÑA ; 09 ; CATALUÑA           ; 08 ; Barcelona ; 101 ; HOSPITALET DE LLOBREGAT(L') ; TR DE LES CORTS 15-19 ; 08903 ; Operativas ; 
BP ; BANCOS ; 2100 ; CAIXABANK, S.A. (2100) ; ES ; ESPAÑA ; 09 ; CATALUÑA           ; 08 ; Barcelona ; 101 ; HOSPITALET DE LLOBREGAT(L') ; CL MIRALTA 27 ; 08906 ; Operativas ; 
BP ; BANCOS ; 2100 ; CAIXABANK, S.A. (2100) ; ES ; ESPAÑA ; 09 ; CATALUÑA           ; 08 ; Barcelona ; 101 ; HOSPITALET DE LLOBREGAT(L') ; AV MASNOU 14 ; 08905 ; Operativas ; 
BP ; BANCOS ; 2100 ; CAIXABANK, S.A. (2100) ; ES ; ESPAÑA ; 09 ; CATALUÑA           ; 08 ; Barcelona ; 101 ; HOSPITALET DE LLOBREGAT(L') ; CL VILUMARA 6 ; 08901 ; Operativas ; 
BP ; BANCOS ; 2100 ; CAIXABANK, S.A. (2100) ; ES ; ESPAÑA ; 09 ; CATALUÑA           ; 08 ; Barcelona ; 101 ; HOSPITALET DE LLOBREGAT(L') ; AV  TORRENT GORNAL 00017 ; 08905 ; Operativas ; 
BP ; BANCOS ; 2100 ; CAIXABANK, S.A. (2100) ; ES ; ESPAÑA ; 09 ; CATALUÑA           ; 08 ; Barcelona ; 101 ; HOSPITALET DE LLOBREGAT(L') ; PZ AJUNTAMENT 34 ; 08901 ; Operativas ; 
BP ; BANCOS ; 2100 ; CAIXABANK, S.A. (2100) ; ES ; ESPAÑA ; 09 ; CATALUÑA           ; 08 ; Barcelona ; 101 ; HOSPITALET DE LLOBREGAT(L') ; CL BARÓ DE MALDA 2 ; 08901 ; Operativas ; 
BP ; BANCOS ; 2100 ; CAIXABANK, S.A. (2100) ; ES ; ESPAÑA ; 09 ; CATALUÑA           ; 08 ; Barcelona ; 101 ; HOSPITALET DE LLOBREGAT(L') ; CL PRADO 21 ; 08907 ; Operativas ; 
BP ; BANCOS ; 2100 ; CAIXABANK, S.A. (2100) ; ES ; ESPAÑA ; 09 ; CATALUÑA           ; 08 ; Barcelona ; 101 ; HOSPITALET DE LLOBREGAT(L') ; RB de la marina 264 ; 08907 ; Operativas ; 
BP ; BANCOS ; 2100 ; CAIXABANK, S.A. (2100) ; ES ; ESPAÑA ; 09 ; CATALUÑA           ; 08 ; Barcelona ; 101 ; HOSPITALET DE LLOBREGAT(L') ; ZZ APRESTADORA 82 ; 08902 ; Operativas ; 
BP ; BANCOS ; 2100 ; CAIXABANK, S.A. (2100) ; ES ; ESPAÑA ; 09 ; CATALUÑA           ; 08 ; Barcelona ; 101 ; HOSPITALET DE LLOBREGAT(L') ; PZ ESPANYOLA 4 ; 08904 ; Operativas ; 
BP ; BANCOS ; 2100 ; CAIXABANK, S.A. (2100) ; ES ; ESPAÑA ; 09 ; CATALUÑA           ; 08 ; Barcelona ; 101 ; HOSPITALET DE LLOBREGAT(L') ; CL ENRIC PRAT DE LA RIBA 137 ; 08901 ; Operativas ; 
BP ; BANCOS ; 2100 ; CAIXABANK, S.A. (2100) ; ES ; ESPAÑA ; 09 ; CATALUÑA           ; 08 ; Barcelona ; 101 ; HOSPITALET DE LLOBREGAT(L') ; CL Progrés 35 ; 08903 ; Operativas ; 
BP ; BANCOS ; 2100 ; CAIXABANK, S.A. (2100) ; ES ; ESPAÑA ; 09 ; CATALUÑA           ; 08 ; Barcelona ; 101 ; HOSPITALET DE LLOBREGAT(L') ; CL Santa Eulàlia 86 ; 08902 ; Operativas ; 
BP ; BANCOS ; 2100 ; CAIXABANK, S.A. (2100) ; ES ; ESPAÑA ; 09 ; CATALUÑA           ; 08 ; Barcelona ; 101 ; HOSPITALET DE LLOBREGAT(L') ; AV  CAN SERRA 00090 ; 08906 ; Operativas ; 
BP ; BANCOS ; 2100 ; CAIXABANK, S.A. (2100) ; ES ; ESPAÑA ; 09 ; CATALUÑA           ; 08 ; Barcelona ; 102 ; IGUALADA ; RB GENERAL VIVES 2 ; 08700 ; Operativas ; 
BP ; BANCOS ; 2100 ; CAIXABANK, S.A. (2100) ; ES ; ESPAÑA ; 09 ; CATALUÑA           ; 08 ; Barcelona ; 102 ; IGUALADA ; AV BARCELONA 00026 ; 08700 ; Operativas ; 
BP ; BANCOS ; 2100 ; CAIXABANK, S.A. (2100) ; ES ; ESPAÑA ; 09 ; CATALUÑA           ; 08 ; Barcelona ; 105 ; LLAGOSTA (LA) ; CL ESTACIÓ 5 ; 08120 ; Operativas ; 
BP ; BANCOS ; 2100 ; CAIXABANK, S.A. (2100) ; ES ; ESPAÑA ; 09 ; CATALUÑA           ; 08 ; Barcelona ; 106 ; LLINARS DEL VALLÈS ; CL NOU 32 ; 08450 ; Operativas ; 
BP ; BANCOS ; 2100 ; CAIXABANK, S.A. (2100) ; ES ; ESPAÑA ; 09 ; CATALUÑA           ; 08 ; Barcelona ; 107 ; LLIÇÀ D'AMUNT ; CL ANSELM CLAVÉ 61 ; 08186 ; Operativas ; 
BP ; BANCOS ; 2100 ; CAIXABANK, S.A. (2100) ; ES ; ESPAÑA ; 09 ; CATALUÑA           ; 08 ; Barcelona ; 108 ; LLIÇÀ DE VALL ; AV  MONTSERRAT  ; 08185 ; Operativas ; 
BP ; BANCOS ; 2100 ; CAIXABANK, S.A. (2100) ; ES ; ESPAÑA ; 09 ; CATALUÑA           ; 08 ; Barcelona ; 110 ; MALGRAT DE MAR ; CL MAR 19 ; 08380 ; Operativas ; 
BP ; BANCOS ; 2100 ; CAIXABANK, S.A. (2100) ; ES ; ESPAÑA ; 09 ; CATALUÑA           ; 08 ; Barcelona ; 112 ; MANLLEU ; PZ FRA BERNADI 17-18 ; 08560 ; Operativas ; 
BP ; BANCOS ; 2100 ; CAIXABANK, S.A. (2100) ; ES ; ESPAÑA ; 09 ; CATALUÑA           ; 08 ; Barcelona ; 113 ; MANRESA ; ZZ PASSEIG PERE III 00017 ; 08240 ; Operativas ; 
BP ; BANCOS ; 2100 ; CAIXABANK, S.A. (2100) ; ES ; ESPAÑA ; 09 ; CATALUÑA           ; 08 ; Barcelona ; 113 ; MANRESA ; AV DE LES BASES DE MANRESA 66 ; 08240 ; Operativas ; 
BP ; BANCOS ; 2100 ; CAIXABANK, S.A. (2100) ; ES ; ESPAÑA ; 09 ; CATALUÑA           ; 08 ; Barcelona ; 113 ; MANRESA ; CL SANT CRISTOFOL SN ; 08243 ; Operativas ; 
BP ; BANCOS ; 2100 ; CAIXABANK, S.A. (2100) ; ES ; ESPAÑA ; 09 ; CATALUÑA           ; 08 ; Barcelona ; 113 ; MANRESA ; PZ de la ciencia sn ; 08242 ; Operativas ; 
BP ; BANCOS ; 2100 ; CAIXABANK, S.A. (2100) ; ES ; ESPAÑA ; 09 ; CATALUÑA           ; 08 ; Barcelona ; 113 ; MANRESA ; ZZ PASSEIG DE PERE III 00096 ; 08240 ; Operativas ; 
BP ; BANCOS ; 2100 ; CAIXABANK, S.A. (2100) ; ES ; ESPAÑA ; 09 ; CATALUÑA           ; 08 ; Barcelona ; 113 ; MANRESA ; CL MURALLA DEL CARME 17 ; 08240 ; Operativas ; 
BP ; BANCOS ; 2100 ; CAIXABANK, S.A. (2100) ; ES ; ESPAÑA ; 09 ; CATALUÑA           ; 08 ; Barcelona ; 114 ; MARTORELL ; PZ DEL PORTAL D'ANOIA 6 ; 08760 ; Operativas ; 
BP ; BANCOS ; 2100 ; CAIXABANK, S.A. (2100) ; ES ; ESPAÑA ; 09 ; CATALUÑA           ; 08 ; Barcelona ; 114 ; MARTORELL ; ZZ PL. DEL VI 00007 ; 08760 ; Operativas ; 
BP ; BANCOS ; 2100 ; CAIXABANK, S.A. (2100) ; ES ; ESPAÑA ; 09 ; CATALUÑA           ; 08 ; Barcelona ; 114 ; MARTORELL ; CL pintor fortuny 7 ; 08760 ; Operativas ; 
BP ; BANCOS ; 2100 ; CAIXABANK, S.A. (2100) ; ES ; ESPAÑA ; 09 ; CATALUÑA           ; 08 ; Barcelona ; 115 ; MARTORELLES ; AV  PIERA 00043 ; 08107 ; Operativas ; 
BP ; BANCOS ; 2100 ; CAIXABANK, S.A. (2100) ; ES ; ESPAÑA ; 09 ; CATALUÑA           ; 08 ; Barcelona ; 118 ; MASNOU (EL) ; CR BARCELONA 20 ; 08320 ; Operativas ; 
BP ; BANCOS ; 2100 ; CAIXABANK, S.A. (2100) ; ES ; ESPAÑA ; 09 ; CATALUÑA           ; 08 ; Barcelona ; 118 ; MASNOU (EL) ; PZ MARCELINA MONTEYS 3 ; 08320 ; Operativas ; 
BP ; BANCOS ; 2100 ; CAIXABANK, S.A. (2100) ; ES ; ESPAÑA ; 09 ; CATALUÑA           ; 08 ; Barcelona ; 119 ; MASQUEFA ; CL MAJOR 22 ; 08783 ; Operativas ; 
BP ; BANCOS ; 2100 ; CAIXABANK, S.A. (2100) ; ES ; ESPAÑA ; 09 ; CATALUÑA           ; 08 ; Barcelona ; 120 ; MATADEPERA ; CR DE TERRASSA 23 ; 08230 ; Operativas ; 
BP ; BANCOS ; 2100 ; CAIXABANK, S.A. (2100) ; ES ; ESPAÑA ; 09 ; CATALUÑA           ; 08 ; Barcelona ; 121 ; MATARO ; ZZ CAMI RAL 00630 ; 08302 ; Operativas ; 
BP ; BANCOS ; 2100 ; CAIXABANK, S.A. (2100) ; ES ; ESPAÑA ; 09 ; CATALUÑA           ; 08 ; Barcelona ; 121 ; MATARO ; RD O'DONNELL 63 ; 08303 ; Operativas ; 
BP ; BANCOS ; 2100 ; CAIXABANK, S.A. (2100) ; ES ; ESPAÑA ; 09 ; CATALUÑA           ; 08 ; Barcelona ; 121 ; MATARO ; ZZ RIERA FIGUERA MAJOR 00009 ; 08304 ; Operativas ; 
BP ; BANCOS ; 2100 ; CAIXABANK, S.A. (2100) ; ES ; ESPAÑA ; 09 ; CATALUÑA           ; 08 ; Barcelona ; 121 ; MATARO ; RD ALFONSO X EL SAVI 136 ; 08304 ; Operativas ; 
BP ; BANCOS ; 2100 ; CAIXABANK, S.A. (2100) ; ES ; ESPAÑA ; 09 ; CATALUÑA           ; 08 ; Barcelona ; 121 ; MATARO ; PZ DE CUBA 16 ; 08302 ; Operativas ; 
BP ; BANCOS ; 2100 ; CAIXABANK, S.A. (2100) ; ES ; ESPAÑA ; 09 ; CATALUÑA           ; 08 ; Barcelona ; 121 ; MATARO ; AV DEL MARQUES DE SANT MORI 106 ; 08913 ; Operativas ; 
BP ; BANCOS ; 2100 ; CAIXABANK, S.A. (2100) ; ES ; ESPAÑA ; 09 ; CATALUÑA           ; 08 ; Barcelona ; 121 ; MATARO ; PZ SANTA ANNA 2 ; 08302 ; Operativas ; 
BP ; BANCOS ; 2100 ; CAIXABANK, S.A. (2100) ; ES ; ESPAÑA ; 09 ; CATALUÑA           ; 08 ; Barcelona ; 121 ; MATARO ; CL LA RIERA 15 ; 08302 ; Operativas ; 
BP ; BANCOS ; 2100 ; CAIXABANK, S.A. (2100) ; ES ; ESPAÑA ; 09 ; CATALUÑA           ; 08 ; Barcelona ; 121 ; MATARO ; AV PERU 2-6 ; 08304 ; Operativas ; 
BP ; BANCOS ; 2100 ; CAIXABANK, S.A. (2100) ; ES ; ESPAÑA ; 09 ; CATALUÑA           ; 08 ; Barcelona ; 121 ; MATARO ; AV PUIG I CADALFALCH 177 ; 08303 ; Operativas ; 
BP ; BANCOS ; 2100 ; CAIXABANK, S.A. (2100) ; ES ; ESPAÑA ; 09 ; CATALUÑA           ; 08 ; Barcelona ; 121 ; MATARO ; ZZ TORRENT DE LA POLVORA 00127 ; 08304 ; Operativas ; 
BP ; BANCOS ; 2100 ; CAIXABANK, S.A. (2100) ; ES ; ESPAÑA ; 09 ; CATALUÑA           ; 08 ; Barcelona ; 123 ; MOLINS DE REI ; AV BARCELONA 17 ; 08750 ; Operativas ; 
BP ; BANCOS ; 2100 ; CAIXABANK, S.A. (2100) ; ES ; ESPAÑA ; 09 ; CATALUÑA           ; 08 ; Barcelona ; 123 ; MOLINS DE REI ; AV DE VALENCIA 00001 ; 08750 ; Operativas ; 
BP ; BANCOS ; 2100 ; CAIXABANK, S.A. (2100) ; ES ; ESPAÑA ; 09 ; CATALUÑA           ; 08 ; Barcelona ; 123 ; MOLINS DE REI ; PZ CATALUNYA 20 ; 08750 ; Operativas ; 
BP ; BANCOS ; 2100 ; CAIXABANK, S.A. (2100) ; ES ; ESPAÑA ; 09 ; CATALUÑA           ; 08 ; Barcelona ; 124 ; MOLLET DEL VALLÈS ; CL GALLECS 62 ; 08100 ; Operativas ; 
BP ; BANCOS ; 2100 ; CAIXABANK, S.A. (2100) ; ES ; ESPAÑA ; 09 ; CATALUÑA           ; 08 ; Barcelona ; 124 ; MOLLET DEL VALLÈS ; AV LLIBERTAT 23-25 ; 08100 ; Operativas ; 
BP ; BANCOS ; 2100 ; CAIXABANK, S.A. (2100) ; ES ; ESPAÑA ; 09 ; CATALUÑA           ; 08 ; Barcelona ; 124 ; MOLLET DEL VALLÈS ; CL Jaume I 46 ; 08100 ; Operativas ; 
BP ; BANCOS ; 2100 ; CAIXABANK, S.A. (2100) ; ES ; ESPAÑA ; 09 ; CATALUÑA           ; 08 ; Barcelona ; 125 ; MONTCADA I REIXAC ; CL MASIA 26 ; 08110 ; Operativas ; 
BP ; BANCOS ; 2100 ; CAIXABANK, S.A. (2100) ; ES ; ESPAÑA ; 09 ; CATALUÑA           ; 08 ; Barcelona ; 125 ; MONTCADA I REIXAC ; CL MAJOR 59 ; 08110 ; Operativas ; 
BP ; BANCOS ; 2100 ; CAIXABANK, S.A. (2100) ; ES ; ESPAÑA ; 09 ; CATALUÑA           ; 08 ; Barcelona ; 125 ; MONTCADA I REIXAC ; ZZ C. CAMELIAS 00034 ; 08110 ; Operativas ; 
BP ; BANCOS ; 2100 ; CAIXABANK, S.A. (2100) ; ES ; ESPAÑA ; 09 ; CATALUÑA           ; 08 ; Barcelona ; 126 ; MONTGAT ; CL MARINA 107 ; 08390 ; Operativas ; 
BP ; BANCOS ; 2100 ; CAIXABANK, S.A. (2100) ; ES ; ESPAÑA ; 09 ; CATALUÑA           ; 08 ; Barcelona ; 127 ; MONISTROL DE MONTSERRAT ; ZZ RECINTE SERVEIS PUBLICS S/N ; 08199 ; Operativas ; 
BP ; BANCOS ; 2100 ; CAIXABANK, S.A. (2100) ; ES ; ESPAÑA ; 09 ; CATALUÑA           ; 08 ; Barcelona ; 127 ; MONISTROL DE MONTSERRAT ; PZ DEL BO-BO 6 ; 08691 ; Operativas ; 
BP ; BANCOS ; 2100 ; CAIXABANK, S.A. (2100) ; ES ; ESPAÑA ; 09 ; CATALUÑA           ; 08 ; Barcelona ; 132 ; MONTMAJOR ; CR A BERGA 12 ; 08612 ; Operativas ; 
BP ; BANCOS ; 2100 ; CAIXABANK, S.A. (2100) ; ES ; ESPAÑA ; 09 ; CATALUÑA           ; 08 ; Barcelona ; 135 ; MONTMELO ; CL MAJOR 41 ; 08160 ; Operativas ; 
BP ; BANCOS ; 2100 ; CAIXABANK, S.A. (2100) ; ES ; ESPAÑA ; 09 ; CATALUÑA           ; 08 ; Barcelona ; 136 ; MONTORNÈS DEL VALLÈS ; CL SANT ISIDRE 16 ; 08170 ; Operativas ; 
BP ; BANCOS ; 2100 ; CAIXABANK, S.A. (2100) ; ES ; ESPAÑA ; 09 ; CATALUÑA           ; 08 ; Barcelona ; 138 ; MOIÀ ; PZ MAJOR 6 ; 08180 ; Operativas ; 
BP ; BANCOS ; 2100 ; CAIXABANK, S.A. (2100) ; ES ; ESPAÑA ; 09 ; CATALUÑA           ; 08 ; Barcelona ; 140 ; NAVARCLES ; ZZ PASSEIG CERVANTES 00028 ; 08270 ; Operativas ; 
BP ; BANCOS ; 2100 ; CAIXABANK, S.A. (2100) ; ES ; ESPAÑA ; 09 ; CATALUÑA           ; 08 ; Barcelona ; 141 ; NAVÀS ; CR DE BERGA 39 ; 08670 ; Operativas ; 
BP ; BANCOS ; 2100 ; CAIXABANK, S.A. (2100) ; ES ; ESPAÑA ; 09 ; CATALUÑA           ; 08 ; Barcelona ; 143 ; ÒDENA ; AV  MANRESA 00108 ; 08711 ; Operativas ; 
BP ; BANCOS ; 2100 ; CAIXABANK, S.A. (2100) ; ES ; ESPAÑA ; 09 ; CATALUÑA           ; 08 ; Barcelona ; 145 ; OLÈRDOLA ; PZ MAJOR 8 ; 08734 ; Operativas ; 
BP ; BANCOS ; 2100 ; CAIXABANK, S.A. (2100) ; ES ; ESPAÑA ; 09 ; CATALUÑA           ; 08 ; Barcelona ; 147 ; OLESA DE MONTSERRAT ; PZ CATALUNYA 56 ; 08640 ; Operativas ; 
BP ; BANCOS ; 2100 ; CAIXABANK, S.A. (2100) ; ES ; ESPAÑA ; 09 ; CATALUÑA           ; 08 ; Barcelona ; 155 ; PALAFOLLS ; CL MAJOR 19 - FRANCESC MACIÀ 1 S/N ; 08389 ; Operativas ; 
BP ; BANCOS ; 2100 ; CAIXABANK, S.A. (2100) ; ES ; ESPAÑA ; 09 ; CATALUÑA           ; 08 ; Barcelona ; 156 ; PALAU-SOLITÀ I PLEGAMANS ; ZZ PASSEIG LA CARRERADA 00042 ; 08184 ; Operativas ; 
BP ; BANCOS ; 2100 ; CAIXABANK, S.A. (2100) ; ES ; ESPAÑA ; 09 ; CATALUÑA           ; 08 ; Barcelona ; 157 ; PALLEJÀ ; AV  PRAT DE LA RIBA 00063 ; 08780 ; Operativas ; 
BP ; BANCOS ; 2100 ; CAIXABANK, S.A. (2100) ; ES ; ESPAÑA ; 09 ; CATALUÑA           ; 08 ; Barcelona ; 158 ; PAPIOL (EL) ; CL MAJOR 2 ; 08754 ; Operativas ; 
BP ; BANCOS ; 2100 ; CAIXABANK, S.A. (2100) ; ES ; ESPAÑA ; 09 ; CATALUÑA           ; 08 ; Barcelona ; 159 ; PARETS DEL VALLÈS ; CL BARCELONA 2 ; 08150 ; Operativas ; 
BP ; BANCOS ; 2100 ; CAIXABANK, S.A. (2100) ; ES ; ESPAÑA ; 09 ; CATALUÑA           ; 08 ; Barcelona ; 159 ; PARETS DEL VALLÈS ; CL MONISTROL S/N ; 08150 ; Operativas ; 
BP ; BANCOS ; 2100 ; CAIXABANK, S.A. (2100) ; ES ; ESPAÑA ; 09 ; CATALUÑA           ; 08 ; Barcelona ; 161 ; PIERA ; CL SANT CRISTÒFOL 46 ; 08784 ; Operativas ; 
BP ; BANCOS ; 2100 ; CAIXABANK, S.A. (2100) ; ES ; ESPAÑA ; 09 ; CATALUÑA           ; 08 ; Barcelona ; 162 ; HOSTALETS DE PIEROLA (ELS) ; CL ESGLÈSIA 16 ; 08781 ; Operativas ; 
BP ; BANCOS ; 2100 ; CAIXABANK, S.A. (2100) ; ES ; ESPAÑA ; 09 ; CATALUÑA           ; 08 ; Barcelona ; 163 ; PINEDA DE MAR ; CL MAJOR 14 ; 08397 ; Operativas ; 
BP ; BANCOS ; 2100 ; CAIXABANK, S.A. (2100) ; ES ; ESPAÑA ; 09 ; CATALUÑA           ; 08 ; Barcelona ; 163 ; PINEDA DE MAR ; AV HISPANITAT 21 ; 08397 ; Operativas ; 
BP ; BANCOS ; 2100 ; CAIXABANK, S.A. (2100) ; ES ; ESPAÑA ; 09 ; CATALUÑA           ; 08 ; Barcelona ; 165 ; POBLA DE CLARAMUNT (LA) ; AV  CATALUNYA 00012 ; 08787 ; Operativas ; 
BP ; BANCOS ; 2100 ; CAIXABANK, S.A. (2100) ; ES ; ESPAÑA ; 09 ; CATALUÑA           ; 08 ; Barcelona ; 166 ; POBLA DE LILLET (LA) ; CR DE RIPOLL 1 ; 08696 ; Operativas ; 
BP ; BANCOS ; 2100 ; CAIXABANK, S.A. (2100) ; ES ; ESPAÑA ; 09 ; CATALUÑA           ; 08 ; Barcelona ; 167 ; POLINYÀ ; CR SENTMENAT 70 ; 08213 ; Operativas ; 
BP ; BANCOS ; 2100 ; CAIXABANK, S.A. (2100) ; ES ; ESPAÑA ; 09 ; CATALUÑA           ; 08 ; Barcelona ; 169 ; PRAT DE LLOBREGAT (EL) ; ZZ AEROPORT DE BARCELONA , ZONA DE LLEGADAS, TERMINAL 1 S/N ; 08820 ; Operativas ; 
BP ; BANCOS ; 2100 ; CAIXABANK, S.A. (2100) ; ES ; ESPAÑA ; 09 ; CATALUÑA           ; 08 ; Barcelona ; 169 ; PRAT DE LLOBREGAT (EL) ; AV VERGE DE MONTSERRAT 118 ; 08820 ; Operativas ; 
BP ; BANCOS ; 2100 ; CAIXABANK, S.A. (2100) ; ES ; ESPAÑA ; 09 ; CATALUÑA           ; 08 ; Barcelona ; 169 ; PRAT DE LLOBREGAT (EL) ; AV  VERGE DE MONTSERRAT 00149 ; 08820 ; Operativas ; 
BP ; BANCOS ; 2100 ; CAIXABANK, S.A. (2100) ; ES ; ESPAÑA ; 09 ; CATALUÑA           ; 08 ; Barcelona ; 169 ; PRAT DE LLOBREGAT (EL) ; AV Verge de Montserrat 116 ; 08820 ; Operativas ; 
BP ; BANCOS ; 2100 ; CAIXABANK, S.A. (2100) ; ES ; ESPAÑA ; 09 ; CATALUÑA           ; 08 ; Barcelona ; 169 ; PRAT DE LLOBREGAT (EL) ; AV VERGE DE MONTSERRAT 226 ; 08820 ; Operativas ; 
BP ; BANCOS ; 2100 ; CAIXABANK, S.A. (2100) ; ES ; ESPAÑA ; 09 ; CATALUÑA           ; 08 ; Barcelona ; 169 ; PRAT DE LLOBREGAT (EL) ; CR DE LA MARINA 30-32 ; 08820 ; Operativas ; 
BP ; BANCOS ; 2100 ; CAIXABANK, S.A. (2100) ; ES ; ESPAÑA ; 09 ; CATALUÑA           ; 08 ; Barcelona ; 169 ; PRAT DE LLOBREGAT (EL) ; ZZ AEROPORT DE BARCELONA TERMINAL 2  ; 08820 ; Operativas ; 
BP ; BANCOS ; 2100 ; CAIXABANK, S.A. (2100) ; ES ; ESPAÑA ; 09 ; CATALUÑA           ; 08 ; Barcelona ; 171 ; PRATS DE LLUÇANÈS ; PZ CAL XIQUET 2 ; 08513 ; Operativas ; 
BP ; BANCOS ; 2100 ; CAIXABANK, S.A. (2100) ; ES ; ESPAÑA ; 09 ; CATALUÑA           ; 08 ; Barcelona ; 172 ; PREMIÀ DE MAR ; ZZ GRAN VIA DE LLUÍS COMPANYS 223 ; 08330 ; Operativas ; 
BP ; BANCOS ; 2100 ; CAIXABANK, S.A. (2100) ; ES ; ESPAÑA ; 09 ; CATALUÑA           ; 08 ; Barcelona ; 172 ; PREMIÀ DE MAR ; AV GRAN VIA LLUÍS COMPANYS 136 ; 08330 ; Operativas ; 
BP ; BANCOS ; 2100 ; CAIXABANK, S.A. (2100) ; ES ; ESPAÑA ; 09 ; CATALUÑA           ; 08 ; Barcelona ; 175 ; PUIG-REIG ; PZ DE LA CREU 8 ; 08692 ; Operativas ; 
BP ; BANCOS ; 2100 ; CAIXABANK, S.A. (2100) ; ES ; ESPAÑA ; 09 ; CATALUÑA           ; 08 ; Barcelona ; 180 ; RIPOLLET ; RB SANT JORDI 22 ; 08291 ; Operativas ; 
BP ; BANCOS ; 2100 ; CAIXABANK, S.A. (2100) ; ES ; ESPAÑA ; 09 ; CATALUÑA           ; 08 ; Barcelona ; 181 ; ROCA DEL VALLÈS (LA) ; CL CATALUNYA 31 ; 08430 ; Operativas ; 
BP ; BANCOS ; 2100 ; CAIXABANK, S.A. (2100) ; ES ; ESPAÑA ; 09 ; CATALUÑA           ; 08 ; Barcelona ; 182 ; PONT DE VILOMARA I ROCAFORT(EL) ; CL MESTRE SAURA 7 ; 08254 ; Operativas ; 
BP ; BANCOS ; 2100 ; CAIXABANK, S.A. (2100) ; ES ; ESPAÑA ; 09 ; CATALUÑA           ; 08 ; Barcelona ; 183 ; RODA DE TER ; CL BACH DE RODA 41 ; 08510 ; Operativas ; 
BP ; BANCOS ; 2100 ; CAIXABANK, S.A. (2100) ; ES ; ESPAÑA ; 09 ; CATALUÑA           ; 08 ; Barcelona ; 184 ; RUBI ; CL CERVANTES 91 ; 08191 ; Operativas ; 
BP ; BANCOS ; 2100 ; CAIXABANK, S.A. (2100) ; ES ; ESPAÑA ; 09 ; CATALUÑA           ; 08 ; Barcelona ; 184 ; RUBI ; ZZ C. NUESTRA SEÑORA DE LOURDES 00053 ; 08191 ; Operativas ; 
BP ; BANCOS ; 2100 ; CAIXABANK, S.A. (2100) ; ES ; ESPAÑA ; 09 ; CATALUÑA           ; 08 ; Barcelona ; 184 ; RUBI ; PS FRANCESC MACIÀ 73 ; 08191 ; Operativas ; 
BP ; BANCOS ; 2100 ; CAIXABANK, S.A. (2100) ; ES ; ESPAÑA ; 09 ; CATALUÑA           ; 08 ; Barcelona ; 184 ; RUBI ; ZZ PL. JOSEP SAPES ESMENDIA 00006 ; 08191 ; Operativas ; 
BP ; BANCOS ; 2100 ; CAIXABANK, S.A. (2100) ; ES ; ESPAÑA ; 09 ; CATALUÑA           ; 08 ; Barcelona ; 187 ; SABADELL ; ZZ RDA. EUROPA 00524 ; 08206 ; Operativas ; 
BP ; BANCOS ; 2100 ; CAIXABANK, S.A. (2100) ; ES ; ESPAÑA ; 09 ; CATALUÑA           ; 08 ; Barcelona ; 187 ; SABADELL ; CL RAMBLA 1 ; 08202 ; Operativas ; 
BP ; BANCOS ; 2100 ; CAIXABANK, S.A. (2100) ; ES ; ESPAÑA ; 09 ; CATALUÑA           ; 08 ; Barcelona ; 187 ; SABADELL ; ZZ C. BAELLS 00002 ; 08202 ; Operativas ; 
BP ; BANCOS ; 2100 ; CAIXABANK, S.A. (2100) ; ES ; ESPAÑA ; 09 ; CATALUÑA           ; 08 ; Barcelona ; 187 ; SABADELL ; PZ DOCTOR ROBERT 4 ; 08202 ; Operativas ; 
BP ; BANCOS ; 2100 ; CAIXABANK, S.A. (2100) ; ES ; ESPAÑA ; 09 ; CATALUÑA           ; 08 ; Barcelona ; 187 ; SABADELL ; PZ DE CATALUÑA 8 ; 08201 ; Operativas ; 
BP ; BANCOS ; 2100 ; CAIXABANK, S.A. (2100) ; ES ; ESPAÑA ; 09 ; CATALUÑA           ; 08 ; Barcelona ; 187 ; SABADELL ; RB Rambla 184 ; 08201 ; Operativas ; 
BP ; BANCOS ; 2100 ; CAIXABANK, S.A. (2100) ; ES ; ESPAÑA ; 09 ; CATALUÑA           ; 08 ; Barcelona ; 187 ; SABADELL ; AV JOSEP TARRADELLAS 4 ; 08208 ; Operativas ; 
BP ; BANCOS ; 2100 ; CAIXABANK, S.A. (2100) ; ES ; ESPAÑA ; 09 ; CATALUÑA           ; 08 ; Barcelona ; 187 ; SABADELL ; AV DE BARBERÀ 397 ; 08204 ; Operativas ; 
BP ; BANCOS ; 2100 ; CAIXABANK, S.A. (2100) ; ES ; ESPAÑA ; 09 ; CATALUÑA           ; 08 ; Barcelona ; 187 ; SABADELL ; ZZ C. PEDREGAR 00006 ; 08202 ; Operativas ; 
BP ; BANCOS ; 2100 ; CAIXABANK, S.A. (2100) ; ES ; ESPAÑA ; 09 ; CATALUÑA           ; 08 ; Barcelona ; 187 ; SABADELL ; CL SAN ISIDORO 21 ; 08206 ; Operativas ; 
BP ; BANCOS ; 2100 ; CAIXABANK, S.A. (2100) ; ES ; ESPAÑA ; 09 ; CATALUÑA           ; 08 ; Barcelona ; 187 ; SABADELL ; AV DE MATADEPERA 00143 ; 08207 ; Operativas ; 
BP ; BANCOS ; 2100 ; CAIXABANK, S.A. (2100) ; ES ; ESPAÑA ; 09 ; CATALUÑA           ; 08 ; Barcelona ; 187 ; SABADELL ; CR DE TERRASSA 346 ; 08206 ; Operativas ; 
BP ; BANCOS ; 2100 ; CAIXABANK, S.A. (2100) ; ES ; ESPAÑA ; 09 ; CATALUÑA           ; 08 ; Barcelona ; 187 ; SABADELL ; PZ GRANADOS 16 ; 08201 ; Operativas ; 
BP ; BANCOS ; 2100 ; CAIXABANK, S.A. (2100) ; ES ; ESPAÑA ; 09 ; CATALUÑA           ; 08 ; Barcelona ; 191 ; SALLENT ; PZ DE LA PAU 3 ; 08650 ; Operativas ; 
BP ; BANCOS ; 2100 ; CAIXABANK, S.A. (2100) ; ES ; ESPAÑA ; 09 ; CATALUÑA           ; 08 ; Barcelona ; 192 ; SANTPEDOR ; ZZ PL. DE LA PAU 00005 ; 08251 ; Operativas ; 
BP ; BANCOS ; 2100 ; CAIXABANK, S.A. (2100) ; ES ; ESPAÑA ; 09 ; CATALUÑA           ; 08 ; Barcelona ; 193 ; SANT ISCLE DE VALLALTA ; ZZ PL. MAJOR 00003 ; 08359 ; Operativas ; 
BP ; BANCOS ; 2100 ; CAIXABANK, S.A. (2100) ; ES ; ESPAÑA ; 09 ; CATALUÑA           ; 08 ; Barcelona ; 194 ; SANT ADRIÀ DE BESÒS ; AV PI I MARGALL 24 ; 08930 ; Operativas ; 
BP ; BANCOS ; 2100 ; CAIXABANK, S.A. (2100) ; ES ; ESPAÑA ; 09 ; CATALUÑA           ; 08 ; Barcelona ; 194 ; SANT ADRIÀ DE BESÒS ; RB de la Mina 00052 ; 08930 ; Operativas ; 
BP ; BANCOS ; 2100 ; CAIXABANK, S.A. (2100) ; ES ; ESPAÑA ; 09 ; CATALUÑA           ; 08 ; Barcelona ; 194 ; SANT ADRIÀ DE BESÒS ; AV  DE LA PLATJA 00002 ; 08930 ; Operativas ; 
BP ; BANCOS ; 2100 ; CAIXABANK, S.A. (2100) ; ES ; ESPAÑA ; 09 ; CATALUÑA           ; 08 ; Barcelona ; 194 ; SANT ADRIÀ DE BESÒS ; PZ DE LA VILA 7 ; 08930 ; Operativas ; 
BP ; BANCOS ; 2100 ; CAIXABANK, S.A. (2100) ; ES ; ESPAÑA ; 09 ; CATALUÑA           ; 08 ; Barcelona ; 196 ; SANT ANDREU DE LA BARCA ; CR DE BARCELONA 12 ; 08740 ; Operativas ; 
BP ; BANCOS ; 2100 ; CAIXABANK, S.A. (2100) ; ES ; ESPAÑA ; 09 ; CATALUÑA           ; 08 ; Barcelona ; 197 ; SANT ANDREU DE LLAVANERES ; CL DE MUNT 25 ; 08392 ; Operativas ; 
BP ; BANCOS ; 2100 ; CAIXABANK, S.A. (2100) ; ES ; ESPAÑA ; 09 ; CATALUÑA           ; 08 ; Barcelona ; 198 ; SANT ANTONI DE VILAMAJOR ; AV  CATALUNYA 00010 ; 08459 ; Operativas ; 
BP ; BANCOS ; 2100 ; CAIXABANK, S.A. (2100) ; ES ; ESPAÑA ; 09 ; CATALUÑA           ; 08 ; Barcelona ; 200 ; SANT BOI DE LLOBREGAT ; CL RAMON LLULL 22 ; 08830 ; Operativas ; 
BP ; BANCOS ; 2100 ; CAIXABANK, S.A. (2100) ; ES ; ESPAÑA ; 09 ; CATALUÑA           ; 08 ; Barcelona ; 200 ; SANT BOI DE LLOBREGAT ; CL ROSELLO 80 ; 08830 ; Operativas ; 
BP ; BANCOS ; 2100 ; CAIXABANK, S.A. (2100) ; ES ; ESPAÑA ; 09 ; CATALUÑA           ; 08 ; Barcelona ; 200 ; SANT BOI DE LLOBREGAT ; PZ CATALUNYA 7 ; 08830 ; Operativas ; 
BP ; BANCOS ; 2100 ; CAIXABANK, S.A. (2100) ; ES ; ESPAÑA ; 09 ; CATALUÑA           ; 08 ; Barcelona ; 200 ; SANT BOI DE LLOBREGAT ; RD SANT RAMON 183 ; 08830 ; Operativas ; 
BP ; BANCOS ; 2100 ; CAIXABANK, S.A. (2100) ; ES ; ESPAÑA ; 09 ; CATALUÑA           ; 08 ; Barcelona ; 200 ; SANT BOI DE LLOBREGAT ; CL NORD 22 ; 08830 ; Operativas ; 
BP ; BANCOS ; 2100 ; CAIXABANK, S.A. (2100) ; ES ; ESPAÑA ; 09 ; CATALUÑA           ; 08 ; Barcelona ; 202 ; SANT CELONI ; CL MAYOR 79 ; 08470 ; Operativas ; 
BP ; BANCOS ; 2100 ; CAIXABANK, S.A. (2100) ; ES ; ESPAÑA ; 09 ; CATALUÑA           ; 08 ; Barcelona ; 203 ; SANT CEBRIÀ DE VALLALTA ; AV  MARESME 00002 ; 08396 ; Operativas ; 
BP ; BANCOS ; 2100 ; CAIXABANK, S.A. (2100) ; ES ; ESPAÑA ; 09 ; CATALUÑA           ; 08 ; Barcelona ; 204 ; SANT CLIMENT DE LLOBREGAT ; ZZ PL. FRANCESC MACIA 00005 ; 08849 ; Operativas ; 
BP ; BANCOS ; 2100 ; CAIXABANK, S.A. (2100) ; ES ; ESPAÑA ; 09 ; CATALUÑA           ; 08 ; Barcelona ; 205 ; SANT CUGAT DEL VALLÈS ; AV RIUS I TAULET 9 ; 08172 ; Operativas ; 
BP ; BANCOS ; 2100 ; CAIXABANK, S.A. (2100) ; ES ; ESPAÑA ; 09 ; CATALUÑA           ; 08 ; Barcelona ; 205 ; SANT CUGAT DEL VALLÈS ; AV FRANCESC MACIA 69 ; 08173 ; Operativas ; 
BP ; BANCOS ; 2100 ; CAIXABANK, S.A. (2100) ; ES ; ESPAÑA ; 09 ; CATALUÑA           ; 08 ; Barcelona ; 205 ; SANT CUGAT DEL VALLÈS ; PZ LLUIS MILLET S/N ; 08172 ; Operativas ; 
BP ; BANCOS ; 2100 ; CAIXABANK, S.A. (2100) ; ES ; ESPAÑA ; 09 ; CATALUÑA           ; 08 ; Barcelona ; 205 ; SANT CUGAT DEL VALLÈS ; CL RIUS I TAULET 37 ; 08172 ; Operativas ; 
BP ; BANCOS ; 2100 ; CAIXABANK, S.A. (2100) ; ES ; ESPAÑA ; 09 ; CATALUÑA           ; 08 ; Barcelona ; 205 ; SANT CUGAT DEL VALLÈS ; CL SANTIAGO RUSIÑOL 1 ; 08172 ; Operativas ; 
BP ; BANCOS ; 2100 ; CAIXABANK, S.A. (2100) ; ES ; ESPAÑA ; 09 ; CATALUÑA           ; 08 ; Barcelona ; 205 ; SANT CUGAT DEL VALLÈS ; RB MOSSÈN JACINT VERDAGUER 55 ; 08197 ; Operativas ; 
BP ; BANCOS ; 2100 ; CAIXABANK, S.A. (2100) ; ES ; ESPAÑA ; 09 ; CATALUÑA           ; 08 ; Barcelona ; 208 ; SANT ESTEVE SESROVIRES ; CL DOCTOR TARRÉS 4 ; 08635 ; Operativas ; 
BP ; BANCOS ; 2100 ; CAIXABANK, S.A. (2100) ; ES ; ESPAÑA ; 09 ; CATALUÑA           ; 08 ; Barcelona ; 209 ; SANT FOST DE CAMPSENTELLES ; AV  SANT JERONI 00006 ; 08105 ; Operativas ; 
BP ; BANCOS ; 2100 ; CAIXABANK, S.A. (2100) ; ES ; ESPAÑA ; 09 ; CATALUÑA           ; 08 ; Barcelona ; 210 ; SANT FELIU DE CODINES ; CL TRAVESSIA 12 ; 08182 ; Operativas ; 
BP ; BANCOS ; 2100 ; CAIXABANK, S.A. (2100) ; ES ; ESPAÑA ; 09 ; CATALUÑA           ; 08 ; Barcelona ; 211 ; SANT FELIU DE LLOBREGAT ; ZZ PASSEIG COMTE VILARDAGA 00108 ; 08980 ; Operativas ; 
BP ; BANCOS ; 2100 ; CAIXABANK, S.A. (2100) ; ES ; ESPAÑA ; 09 ; CATALUÑA           ; 08 ; Barcelona ; 211 ; SANT FELIU DE LLOBREGAT ; AV  MONTEJURRA 00031 ; 08980 ; Operativas ; 
BP ; BANCOS ; 2100 ; CAIXABANK, S.A. (2100) ; ES ; ESPAÑA ; 09 ; CATALUÑA           ; 08 ; Barcelona ; 211 ; SANT FELIU DE LLOBREGAT ; CR DE LAUREÀ MIRÓ 217 ; 08980 ; Operativas ; 
BP ; BANCOS ; 2100 ; CAIXABANK, S.A. (2100) ; ES ; ESPAÑA ; 09 ; CATALUÑA           ; 08 ; Barcelona ; 211 ; SANT FELIU DE LLOBREGAT ; CL MARQUESA DE CASTELLBELL 46 ; 08980 ; Operativas ; 
BP ; BANCOS ; 2100 ; CAIXABANK, S.A. (2100) ; ES ; ESPAÑA ; 09 ; CATALUÑA           ; 08 ; Barcelona ; 211 ; SANT FELIU DE LLOBREGAT ; CL JOSEP RICART 44 ; 08980 ; Operativas ; 
BP ; BANCOS ; 2100 ; CAIXABANK, S.A. (2100) ; ES ; ESPAÑA ; 09 ; CATALUÑA           ; 08 ; Barcelona ; 213 ; SANT FRUITOS DE BAGES ; CR DE VIC 96 ; 08272 ; Operativas ; 
BP ; BANCOS ; 2100 ; CAIXABANK, S.A. (2100) ; ES ; ESPAÑA ; 09 ; CATALUÑA           ; 08 ; Barcelona ; 214 ; VILASSAR DE DALT ; CL MANUEL MORENO 30 ; 08339 ; Operativas ; 
BP ; BANCOS ; 2100 ; CAIXABANK, S.A. (2100) ; ES ; ESPAÑA ; 09 ; CATALUÑA           ; 08 ; Barcelona ; 215 ; SANT HIPÒLIT DE VOLTREGÀ ; CL ESGLESIA 17 ; 08512 ; Operativas ; 
BP ; BANCOS ; 2100 ; CAIXABANK, S.A. (2100) ; ES ; ESPAÑA ; 09 ; CATALUÑA           ; 08 ; Barcelona ; 217 ; SANT JOAN DESPI ; PZ ESPANYA 1 ; 08970 ; Operativas ; 
BP ; BANCOS ; 2100 ; CAIXABANK, S.A. (2100) ; ES ; ESPAÑA ; 09 ; CATALUÑA           ; 08 ; Barcelona ; 217 ; SANT JOAN DESPI ; CL CATALUNYA 2 ; 08970 ; Operativas ; 
BP ; BANCOS ; 2100 ; CAIXABANK, S.A. (2100) ; ES ; ESPAÑA ; 09 ; CATALUÑA           ; 08 ; Barcelona ; 217 ; SANT JOAN DESPI ; CL ANTONI GAUDÍ 2 ; 08970 ; Operativas ; 
BP ; BANCOS ; 2100 ; CAIXABANK, S.A. (2100) ; ES ; ESPAÑA ; 09 ; CATALUÑA           ; 08 ; Barcelona ; 218 ; SANT JOAN DE VILATORRADA ; CL MAJOR 73 ; 08250 ; Operativas ; 
BP ; BANCOS ; 2100 ; CAIXABANK, S.A. (2100) ; ES ; ESPAÑA ; 09 ; CATALUÑA           ; 08 ; Barcelona ; 219 ; VILASSAR DE MAR ; CL NARCIS MONTURIOL 54 ; 08340 ; Operativas ; 
BP ; BANCOS ; 2100 ; CAIXABANK, S.A. (2100) ; ES ; ESPAÑA ; 09 ; CATALUÑA           ; 08 ; Barcelona ; 219 ; VILASSAR DE MAR ; ZZ C. SANT ARTUR 00026 ; 08340 ; Operativas ; 
BP ; BANCOS ; 2100 ; CAIXABANK, S.A. (2100) ; ES ; ESPAÑA ; 09 ; CATALUÑA           ; 08 ; Barcelona ; 220 ; SANT JULIÀ DE VILATORTA ; CL NOSTRA SENYORA DE NÚRIA 18 ; 08504 ; Operativas ; 
BP ; BANCOS ; 2100 ; CAIXABANK, S.A. (2100) ; ES ; ESPAÑA ; 09 ; CATALUÑA           ; 08 ; Barcelona ; 221 ; SANT JUST DESVERN ; CL BONAVISTA 87 ; 08960 ; Operativas ; 
BP ; BANCOS ; 2100 ; CAIXABANK, S.A. (2100) ; ES ; ESPAÑA ; 09 ; CATALUÑA           ; 08 ; Barcelona ; 226 ; SANT MARTI DE TOUS ; ZZ CARRETERA 25 ; 08712 ; Operativas ; 
BP ; BANCOS ; 2100 ; CAIXABANK, S.A. (2100) ; ES ; ESPAÑA ; 09 ; CATALUÑA           ; 08 ; Barcelona ; 227 ; SANT MARTI SARROCA ; CL FONT 9 ; 08731 ; Operativas ; 
BP ; BANCOS ; 2100 ; CAIXABANK, S.A. (2100) ; ES ; ESPAÑA ; 09 ; CATALUÑA           ; 08 ; Barcelona ; 230 ; PREMIÀ DE DALT ; CR D'ENLLAÇ 46 ; 08338 ; Operativas ; 
BP ; BANCOS ; 2100 ; CAIXABANK, S.A. (2100) ; ES ; ESPAÑA ; 09 ; CATALUÑA           ; 08 ; Barcelona ; 231 ; SANT PERE DE RIBES ; AV  CATALUNYA 00003 ; 08812 ; Operativas ; 
BP ; BANCOS ; 2100 ; CAIXABANK, S.A. (2100) ; ES ; ESPAÑA ; 09 ; CATALUÑA           ; 08 ; Barcelona ; 231 ; SANT PERE DE RIBES ; PZ MARCER 5 ; 08810 ; Operativas ; 
BP ; BANCOS ; 2100 ; CAIXABANK, S.A. (2100) ; ES ; ESPAÑA ; 09 ; CATALUÑA           ; 08 ; Barcelona ; 232 ; SANT PERE DE RIUDEBITLLES ; CL MONTSERRAT 3 ; 08776 ; Operativas ; 
BP ; BANCOS ; 2100 ; CAIXABANK, S.A. (2100) ; ES ; ESPAÑA ; 09 ; CATALUÑA           ; 08 ; Barcelona ; 233 ; SANT PERE DE TORELLO ; PZ DE LA GENERALITAT 2 ; 08572 ; Operativas ; 
BP ; BANCOS ; 2100 ; CAIXABANK, S.A. (2100) ; ES ; ESPAÑA ; 09 ; CATALUÑA           ; 08 ; Barcelona ; 235 ; SANT POL DE MAR ; PZ FRANCESC MORAGAS 1 ; 08395 ; Operativas ; 
BP ; BANCOS ; 2100 ; CAIXABANK, S.A. (2100) ; ES ; ESPAÑA ; 09 ; CATALUÑA           ; 08 ; Barcelona ; 236 ; SANT QUINTI DE MEDIONA ; CL JOAN SARDÀ 10 ; 08777 ; Operativas ; 
BP ; BANCOS ; 2100 ; CAIXABANK, S.A. (2100) ; ES ; ESPAÑA ; 09 ; CATALUÑA           ; 08 ; Barcelona ; 237 ; SANT QUIRZE DE BESORA ; CL PONT 44 ; 08580 ; Operativas ; 
BP ; BANCOS ; 2100 ; CAIXABANK, S.A. (2100) ; ES ; ESPAÑA ; 09 ; CATALUÑA           ; 08 ; Barcelona ; 238 ; SANT QUIRZE DEL VALLÈS ; AV PAU CASALS 7 ; 08192 ; Operativas ; 
BP ; BANCOS ; 2100 ; CAIXABANK, S.A. (2100) ; ES ; ESPAÑA ; 09 ; CATALUÑA           ; 08 ; Barcelona ; 240 ; SANT SADURNI D'ANOIA ; CL DOCTOR ESCAYOLA 7 ; 08770 ; Operativas ; 
BP ; BANCOS ; 2100 ; CAIXABANK, S.A. (2100) ; ES ; ESPAÑA ; 09 ; CATALUÑA           ; 08 ; Barcelona ; 244 ; SANTA COLOMA DE CERVELLO ; AV  SANTA COLOMA 00001 ; 08690 ; Operativas ; 
BP ; BANCOS ; 2100 ; CAIXABANK, S.A. (2100) ; ES ; ESPAÑA ; 09 ; CATALUÑA           ; 08 ; Barcelona ; 245 ; SANTA COLOMA DE GRAMENET ; AV GENERALITAT 8 ; 08922 ; Operativas ; 
BP ; BANCOS ; 2100 ; CAIXABANK, S.A. (2100) ; ES ; ESPAÑA ; 09 ; CATALUÑA           ; 08 ; Barcelona ; 245 ; SANTA COLOMA DE GRAMENET ; CL Irlanda 68 ; 08923 ; Operativas ; 
BP ; BANCOS ; 2100 ; CAIXABANK, S.A. (2100) ; ES ; ESPAÑA ; 09 ; CATALUÑA           ; 08 ; Barcelona ; 245 ; SANTA COLOMA DE GRAMENET ; CL FRANCESC MORAGAS 50 ; 08922 ; Operativas ; 
BP ; BANCOS ; 2100 ; CAIXABANK, S.A. (2100) ; ES ; ESPAÑA ; 09 ; CATALUÑA           ; 08 ; Barcelona ; 245 ; SANTA COLOMA DE GRAMENET ; CL AGUILERAS 34 ; 08924 ; Operativas ; 
BP ; BANCOS ; 2100 ; CAIXABANK, S.A. (2100) ; ES ; ESPAÑA ; 09 ; CATALUÑA           ; 08 ; Barcelona ; 245 ; SANTA COLOMA DE GRAMENET ; CL MOSSÈN CINTO VERDAGUER 176 ; 08923 ; Operativas ; 
BP ; BANCOS ; 2100 ; CAIXABANK, S.A. (2100) ; ES ; ESPAÑA ; 09 ; CATALUÑA           ; 08 ; Barcelona ; 245 ; SANTA COLOMA DE GRAMENET ; AV  DELS BANUS 00063 ; 08923 ; Operativas ; 
BP ; BANCOS ; 2100 ; CAIXABANK, S.A. (2100) ; ES ; ESPAÑA ; 09 ; CATALUÑA           ; 08 ; Barcelona ; 245 ; SANTA COLOMA DE GRAMENET ; AV FRANCESC MACIA 27 ; 08921 ; Operativas ; 
BP ; BANCOS ; 2100 ; CAIXABANK, S.A. (2100) ; ES ; ESPAÑA ; 09 ; CATALUÑA           ; 08 ; Barcelona ; 248 ; SANTA EULÀLIA DE RONÇANA ; CL VERGE DE LA SALUT 1 ; 08187 ; Operativas ; 
BP ; BANCOS ; 2100 ; CAIXABANK, S.A. (2100) ; ES ; ESPAÑA ; 09 ; CATALUÑA           ; 08 ; Barcelona ; 250 ; SANTA MARGARIDA DE MONTBUI ; CR DE VALLS 32 ; 08710 ; Operativas ; 
BP ; BANCOS ; 2100 ; CAIXABANK, S.A. (2100) ; ES ; ESPAÑA ; 09 ; CATALUÑA           ; 08 ; Barcelona ; 251 ; SANTA MARGARIDA I ELS MONJOS ; AV  CATALUNYA 00063 ; 08730 ; Operativas ; 
BP ; BANCOS ; 2100 ; CAIXABANK, S.A. (2100) ; ES ; ESPAÑA ; 09 ; CATALUÑA           ; 08 ; Barcelona ; 252 ; BARBERÀ DEL VALLÈS ; AV  TIBIDABO 00050 ; 08210 ; Operativas ; 
BP ; BANCOS ; 2100 ; CAIXABANK, S.A. (2100) ; ES ; ESPAÑA ; 09 ; CATALUÑA           ; 08 ; Barcelona ; 252 ; BARBERÀ DEL VALLÈS ; PS DOCTOR MORAGAS 00216 ; 08210 ; Operativas ; 
BP ; BANCOS ; 2100 ; CAIXABANK, S.A. (2100) ; ES ; ESPAÑA ; 09 ; CATALUÑA           ; 08 ; Barcelona ; 254 ; ESQUIROL (L') ; CL MAJOR 92 ; 08511 ; Operativas ; 
BP ; BANCOS ; 2100 ; CAIXABANK, S.A. (2100) ; ES ; ESPAÑA ; 09 ; CATALUÑA           ; 08 ; Barcelona ; 258 ; SANTA MARIA D'OLO ; PZ SANT ANTONI MARIA CLARET S/N ; 08273 ; Operativas ; 
BP ; BANCOS ; 2100 ; CAIXABANK, S.A. (2100) ; ES ; ESPAÑA ; 09 ; CATALUÑA           ; 08 ; Barcelona ; 259 ; SANTA MARIA DE PALAUTORDERA ; PZ DE LA VILA 2 ; 08460 ; Operativas ; 
BP ; BANCOS ; 2100 ; CAIXABANK, S.A. (2100) ; ES ; ESPAÑA ; 09 ; CATALUÑA           ; 08 ; Barcelona ; 260 ; SANTA PERPÈTUA DE MOGODA ; CL RAMBLA 45 ; 08130 ; Operativas ; 
BP ; BANCOS ; 2100 ; CAIXABANK, S.A. (2100) ; ES ; ESPAÑA ; 09 ; CATALUÑA           ; 08 ; Barcelona ; 261 ; SANTA SUSANNA ; ZZ C. SANT RAMON 00018 ; 08398 ; Operativas ; 
BP ; BANCOS ; 2100 ; CAIXABANK, S.A. (2100) ; ES ; ESPAÑA ; 09 ; CATALUÑA           ; 08 ; Barcelona ; 262 ; SANT VICENÇ DE CASTELLET ; CL GRAN 10 ; 08295 ; Operativas ; 
BP ; BANCOS ; 2100 ; CAIXABANK, S.A. (2100) ; ES ; ESPAÑA ; 09 ; CATALUÑA           ; 08 ; Barcelona ; 263 ; SANT VICENÇ DELS HORTS ; CL MOSSEN JACINT VERDAGUER 146 ; 08620 ; Operativas ; 
BP ; BANCOS ; 2100 ; CAIXABANK, S.A. (2100) ; ES ; ESPAÑA ; 09 ; CATALUÑA           ; 08 ; Barcelona ; 264 ; SANT VICENÇ DE MONTALT ; CL SANT ANTONI 22 ; 08394 ; Operativas ; 
BP ; BANCOS ; 2100 ; CAIXABANK, S.A. (2100) ; ES ; ESPAÑA ; 09 ; CATALUÑA           ; 08 ; Barcelona ; 266 ; CERDANYOLA DEL VALLÈS ; AV  CANALETES 00035 ; 08290 ; Operativas ; 
BP ; BANCOS ; 2100 ; CAIXABANK, S.A. (2100) ; ES ; ESPAÑA ; 09 ; CATALUÑA           ; 08 ; Barcelona ; 266 ; CERDANYOLA DEL VALLÈS ; ZZ EDIFICI RECTORAT (BELLATERRA)  ; 08290 ; Operativas ; 
BP ; BANCOS ; 2100 ; CAIXABANK, S.A. (2100) ; ES ; ESPAÑA ; 09 ; CATALUÑA           ; 08 ; Barcelona ; 266 ; CERDANYOLA DEL VALLÈS ; CL PINTOR TOGORES 7 ; 08290 ; Operativas ; 
BP ; BANCOS ; 2100 ; CAIXABANK, S.A. (2100) ; ES ; ESPAÑA ; 09 ; CATALUÑA           ; 08 ; Barcelona ; 266 ; CERDANYOLA DEL VALLÈS ; AV DE CATALUNYA 2-6 ; 08290 ; Operativas ; 
BP ; BANCOS ; 2100 ; CAIXABANK, S.A. (2100) ; ES ; ESPAÑA ; 09 ; CATALUÑA           ; 08 ; Barcelona ; 267 ; SENTMENAT ; ZZ PASSEIG ANSELM CLAVE 00015 ; 08181 ; Operativas ; 
BP ; BANCOS ; 2100 ; CAIXABANK, S.A. (2100) ; ES ; ESPAÑA ; 09 ; CATALUÑA           ; 08 ; Barcelona ; 268 ; CERCS ; CL CONF. HIDR. PIRINEU ORIENTAL 23 ; 08698 ; Operativas ; 
BP ; BANCOS ; 2100 ; CAIXABANK, S.A. (2100) ; ES ; ESPAÑA ; 09 ; CATALUÑA           ; 08 ; Barcelona ; 269 ; SEVA ; AV  ONZE DE SETEMBRE 00034 ; 08553 ; Operativas ; 
BP ; BANCOS ; 2100 ; CAIXABANK, S.A. (2100) ; ES ; ESPAÑA ; 09 ; CATALUÑA           ; 08 ; Barcelona ; 270 ; SITGES ; PZ CAP DE LA VILA 9 ; 08870 ; Operativas ; 
BP ; BANCOS ; 2100 ; CAIXABANK, S.A. (2100) ; ES ; ESPAÑA ; 09 ; CATALUÑA           ; 08 ; Barcelona ; 270 ; SITGES ; CL CENTRE COMERCIAL OASI 20-23 ; 08870 ; Operativas ; 
BP ; BANCOS ; 2100 ; CAIXABANK, S.A. (2100) ; ES ; ESPAÑA ; 09 ; CATALUÑA           ; 08 ; Barcelona ; 274 ; SURIA ; AV  AJUNTAMENT 00002 ; 08260 ; Operativas ; 
BP ; BANCOS ; 2100 ; CAIXABANK, S.A. (2100) ; ES ; ESPAÑA ; 09 ; CATALUÑA           ; 08 ; Barcelona ; 278 ; TARADELL ; ZZ PASSEIG DOMENEC SERT 00018 ; 08552 ; Operativas ; 
BP ; BANCOS ; 2100 ; CAIXABANK, S.A. (2100) ; ES ; ESPAÑA ; 09 ; CATALUÑA           ; 08 ; Barcelona ; 279 ; TERRASSA ; CR DE MATADEPERA 88 ; 08226 ; Operativas ; 
BP ; BANCOS ; 2100 ; CAIXABANK, S.A. (2100) ; ES ; ESPAÑA ; 09 ; CATALUÑA           ; 08 ; Barcelona ; 279 ; TERRASSA ; AV ABAT MARCET 209 ; 08225 ; Operativas ; 
BP ; BANCOS ; 2100 ; CAIXABANK, S.A. (2100) ; ES ; ESPAÑA ; 09 ; CATALUÑA           ; 08 ; Barcelona ; 279 ; TERRASSA ; CL RAVAL DE MONTSERRAT 22 ; 08221 ; Operativas ; 
BP ; BANCOS ; 2100 ; CAIXABANK, S.A. (2100) ; ES ; ESPAÑA ; 09 ; CATALUÑA           ; 08 ; Barcelona ; 279 ; TERRASSA ; ZZ RBLA. FRANCESC MACIA 00022 ; 08226 ; Operativas ; 
BP ; BANCOS ; 2100 ; CAIXABANK, S.A. (2100) ; ES ; ESPAÑA ; 09 ; CATALUÑA           ; 08 ; Barcelona ; 279 ; TERRASSA ; CL PRAT DE LA RIBA 39 ; 08222 ; Operativas ; 
BP ; BANCOS ; 2100 ; CAIXABANK, S.A. (2100) ; ES ; ESPAÑA ; 09 ; CATALUÑA           ; 08 ; Barcelona ; 279 ; TERRASSA ; ZZ RBLA. PARE ALEGRE 00048 ; 08224 ; Operativas ; 
BP ; BANCOS ; 2100 ; CAIXABANK, S.A. (2100) ; ES ; ESPAÑA ; 09 ; CATALUÑA           ; 08 ; Barcelona ; 279 ; TERRASSA ; CL Rambla de Egara 191 ; 08224 ; Operativas ; 
BP ; BANCOS ; 2100 ; CAIXABANK, S.A. (2100) ; ES ; ESPAÑA ; 09 ; CATALUÑA           ; 08 ; Barcelona ; 279 ; TERRASSA ; PS Comte d'egara 7 ; 08221 ; Operativas ; 
BP ; BANCOS ; 2100 ; CAIXABANK, S.A. (2100) ; ES ; ESPAÑA ; 09 ; CATALUÑA           ; 08 ; Barcelona ; 279 ; TERRASSA ; CL AMÈRICA 8 ; 08228 ; Operativas ; 
BP ; BANCOS ; 2100 ; CAIXABANK, S.A. (2100) ; ES ; ESPAÑA ; 09 ; CATALUÑA           ; 08 ; Barcelona ; 279 ; TERRASSA ; AV ANGEL SALLENT 80 ; 08224 ; Operativas ; 
BP ; BANCOS ; 2100 ; CAIXABANK, S.A. (2100) ; ES ; ESPAÑA ; 09 ; CATALUÑA           ; 08 ; Barcelona ; 279 ; TERRASSA ; CR DE CASTELLAR 420 ; 08227 ; Operativas ; 
BP ; BANCOS ; 2100 ; CAIXABANK, S.A. (2100) ; ES ; ESPAÑA ; 09 ; CATALUÑA           ; 08 ; Barcelona ; 279 ; TERRASSA ; CL SANT TOMÀS 17 ; 08222 ; Operativas ; 
BP ; BANCOS ; 2100 ; CAIXABANK, S.A. (2100) ; ES ; ESPAÑA ; 09 ; CATALUÑA           ; 08 ; Barcelona ; 279 ; TERRASSA ; CL COLÓN 205 ; 08223 ; Operativas ; 
BP ; BANCOS ; 2100 ; CAIXABANK, S.A. (2100) ; ES ; ESPAÑA ; 09 ; CATALUÑA           ; 08 ; Barcelona ; 281 ; TEIÀ ; PZ Catalunya 1 ; 08329 ; Operativas ; 
BP ; BANCOS ; 2100 ; CAIXABANK, S.A. (2100) ; ES ; ESPAÑA ; 09 ; CATALUÑA           ; 08 ; Barcelona ; 282 ; TIANA ; AV  ISAAC ALBENIZ 00018 ; 08391 ; Operativas ; 
BP ; BANCOS ; 2100 ; CAIXABANK, S.A. (2100) ; ES ; ESPAÑA ; 09 ; CATALUÑA           ; 08 ; Barcelona ; 283 ; TONA ; CL BARCELONA 36-38 ; 08551 ; Operativas ; 
BP ; BANCOS ; 2100 ; CAIXABANK, S.A. (2100) ; ES ; ESPAÑA ; 09 ; CATALUÑA           ; 08 ; Barcelona ; 284 ; TORDERA ; AV  MONTSENY 00023 ; 08490 ; Operativas ; 
BP ; BANCOS ; 2100 ; CAIXABANK, S.A. (2100) ; ES ; ESPAÑA ; 09 ; CATALUÑA           ; 08 ; Barcelona ; 284 ; TORDERA ; ZZ CAMI RAL 00048 ; 08490 ; Operativas ; 
BP ; BANCOS ; 2100 ; CAIXABANK, S.A. (2100) ; ES ; ESPAÑA ; 09 ; CATALUÑA           ; 08 ; Barcelona ; 285 ; TORELLO ; CL PONT 48 ; 08570 ; Operativas ; 
BP ; BANCOS ; 2100 ; CAIXABANK, S.A. (2100) ; ES ; ESPAÑA ; 09 ; CATALUÑA           ; 08 ; Barcelona ; 289 ; TORRELLES DE LLOBREGAT ; CL MAJOR 37 ; 08629 ; Operativas ; 
BP ; BANCOS ; 2100 ; CAIXABANK, S.A. (2100) ; ES ; ESPAÑA ; 09 ; CATALUÑA           ; 08 ; Barcelona ; 291 ; VACARISSES ; ZZ C. MAJOR 00001 ; 08233 ; Operativas ; 
BP ; BANCOS ; 2100 ; CAIXABANK, S.A. (2100) ; ES ; ESPAÑA ; 09 ; CATALUÑA           ; 08 ; Barcelona ; 295 ; VALLIRANA ; CL MAJOR 355 ; 08759 ; Operativas ; 
BP ; BANCOS ; 2100 ; CAIXABANK, S.A. (2100) ; ES ; ESPAÑA ; 09 ; CATALUÑA           ; 08 ; Barcelona ; 296 ; VALLROMANES ; PZ DE L'ESGLÈSIA 6 ; 08188 ; Operativas ; 
BP ; BANCOS ; 2100 ; CAIXABANK, S.A. (2100) ; ES ; ESPAÑA ; 09 ; CATALUÑA           ; 08 ; Barcelona ; 298 ; VIC ; ZZ EIX ONZE DE SETEMBRE 00035 ; 08500 ; Operativas ; 
BP ; BANCOS ; 2100 ; CAIXABANK, S.A. (2100) ; ES ; ESPAÑA ; 09 ; CATALUÑA           ; 08 ; Barcelona ; 298 ; VIC ; ZZ PASSEIG DE LA GENERALITAT 33 ; 08500 ; Operativas ; 
BP ; BANCOS ; 2100 ; CAIXABANK, S.A. (2100) ; ES ; ESPAÑA ; 09 ; CATALUÑA           ; 08 ; Barcelona ; 298 ; VIC ; PZ MAJOR 24 ; 08500 ; Operativas ; 
BP ; BANCOS ; 2100 ; CAIXABANK, S.A. (2100) ; ES ; ESPAÑA ; 09 ; CATALUÑA           ; 08 ; Barcelona ; 298 ; VIC ; CL JACINT VERDAGUER 7 ; 08500 ; Operativas ; 
BP ; BANCOS ; 2100 ; CAIXABANK, S.A. (2100) ; ES ; ESPAÑA ; 09 ; CATALUÑA           ; 08 ; Barcelona ; 300 ; VILADECAVALLS ; ZZ CAMI CAN BOADA 00003 ; 08232 ; Operativas ; 
BP ; BANCOS ; 2100 ; CAIXABANK, S.A. (2100) ; ES ; ESPAÑA ; 09 ; CATALUÑA           ; 08 ; Barcelona ; 301 ; VILADECANS ; CL NARCIS MONTURIOL 2 ; 08840 ; Operativas ; 
BP ; BANCOS ; 2100 ; CAIXABANK, S.A. (2100) ; ES ; ESPAÑA ; 09 ; CATALUÑA           ; 08 ; Barcelona ; 301 ; VILADECANS ; CL SITGES 9 ; 08840 ; Operativas ; 
BP ; BANCOS ; 2100 ; CAIXABANK, S.A. (2100) ; ES ; ESPAÑA ; 09 ; CATALUÑA           ; 08 ; Barcelona ; 302 ; VILANOVA DEL CAMI ; CL MAJOR 60 ; 08788 ; Operativas ; 
BP ; BANCOS ; 2100 ; CAIXABANK, S.A. (2100) ; ES ; ESPAÑA ; 09 ; CATALUÑA           ; 08 ; Barcelona ; 305 ; VILAFRANCA DEL PENEDÈS ; CL GELIDA 27 ; 08720 ; Operativas ; 
BP ; BANCOS ; 2100 ; CAIXABANK, S.A. (2100) ; ES ; ESPAÑA ; 09 ; CATALUÑA           ; 08 ; Barcelona ; 305 ; VILAFRANCA DEL PENEDÈS ; RB TOSSA DE MAR 30 ; 08720 ; Operativas ; 
BP ; BANCOS ; 2100 ; CAIXABANK, S.A. (2100) ; ES ; ESPAÑA ; 09 ; CATALUÑA           ; 08 ; Barcelona ; 305 ; VILAFRANCA DEL PENEDÈS ; PZ SANT JOAN 2 ; 08720 ; Operativas ; 
BP ; BANCOS ; 2100 ; CAIXABANK, S.A. (2100) ; ES ; ESPAÑA ; 09 ; CATALUÑA           ; 08 ; Barcelona ; 307 ; VILANOVA I LA GELTRU ; RB PRINCIPAL 10 ; 08800 ; Operativas ; 
BP ; BANCOS ; 2100 ; CAIXABANK, S.A. (2100) ; ES ; ESPAÑA ; 09 ; CATALUÑA           ; 08 ; Barcelona ; 307 ; VILANOVA I LA GELTRU ; AV FRANCESC MACIA 10 ; 08800 ; Operativas ; 
BP ; BANCOS ; 2100 ; CAIXABANK, S.A. (2100) ; ES ; ESPAÑA ; 09 ; CATALUÑA           ; 08 ; Barcelona ; 307 ; VILANOVA I LA GELTRU ; CL JOSEP COROLEU 83 ; 08800 ; Operativas ; 
BP ; BANCOS ; 2100 ; CAIXABANK, S.A. (2100) ; ES ; ESPAÑA ; 09 ; CATALUÑA           ; 08 ; Barcelona ; 307 ; VILANOVA I LA GELTRU ; PZ GUMA I FERRAN 4 ; 08800 ; Operativas ; 
BP ; BANCOS ; 2100 ; CAIXABANK, S.A. (2100) ; ES ; ESPAÑA ; 09 ; CATALUÑA           ; 08 ; Barcelona ; 902 ; VILANOVA DEL VALLÈS ; ZZ PASSEIG DEL CENTENARI 00005 ; 08410 ; Operativas ; 
BP ; BANCOS ; 2100 ; CAIXABANK, S.A. (2100) ; ES ; ESPAÑA ; 09 ; CATALUÑA           ; 08 ; Barcelona ; 905 ; PALMA DE CERVELLO (LA) ; AV  CATALUNYA 00046 ; 08756 ; Operativas ; 
BP ; BANCOS ; 2100 ; CAIXABANK, S.A. (2100) ; ES ; ESPAÑA ; 09 ; CATALUÑA           ; 17 ; Girona ; 001 ; AGULLANA ; PZ MAJOR 6 ; 17707 ; Operativas ; 
BP ; BANCOS ; 2100 ; CAIXABANK, S.A. (2100) ; ES ; ESPAÑA ; 09 ; CATALUÑA           ; 17 ; Girona ; 006 ; ALP ; CL NORD 20 ; 17538 ; Operativas ; 
BP ; BANCOS ; 2100 ; CAIXABANK, S.A. (2100) ; ES ; ESPAÑA ; 09 ; CATALUÑA           ; 17 ; Girona ; 007 ; AMER ; CL D'AVALL 11 ; 17170 ; Operativas ; 
BP ; BANCOS ; 2100 ; CAIXABANK, S.A. (2100) ; ES ; ESPAÑA ; 09 ; CATALUÑA           ; 17 ; Girona ; 008 ; ANGLÈS ; CL Industria 48-50 ; 17160 ; Operativas ; 
BP ; BANCOS ; 2100 ; CAIXABANK, S.A. (2100) ; ES ; ESPAÑA ; 09 ; CATALUÑA           ; 17 ; Girona ; 009 ; ARBUCIES ; CL FRANCESC CAMPRODON 28 ; 17401 ; Operativas ; 
BP ; BANCOS ; 2100 ; CAIXABANK, S.A. (2100) ; ES ; ESPAÑA ; 09 ; CATALUÑA           ; 17 ; Girona ; 011 ; ARMENTERA (L') ; CL AJUNTAMENT 3 ; 17472 ; Operativas ; 
BP ; BANCOS ; 2100 ; CAIXABANK, S.A. (2100) ; ES ; ESPAÑA ; 09 ; CATALUÑA           ; 17 ; Girona ; 013 ; BEGUR ; AV  ONZE DE SETEMBRE-CASA GRAN  ; 17255 ; Operativas ; 
BP ; BANCOS ; 2100 ; CAIXABANK, S.A. (2100) ; ES ; ESPAÑA ; 09 ; CATALUÑA           ; 17 ; Girona ; 015 ; BANYOLES ; PZ MAJOR 43 ; 17820 ; Operativas ; 
BP ; BANCOS ; 2100 ; CAIXABANK, S.A. (2100) ; ES ; ESPAÑA ; 09 ; CATALUÑA           ; 17 ; Girona ; 015 ; BANYOLES ; ZZ PASSEIG DE LA INDUSTRIA 13 ; 17820 ; Operativas ; 
BP ; BANCOS ; 2100 ; CAIXABANK, S.A. (2100) ; ES ; ESPAÑA ; 09 ; CATALUÑA           ; 17 ; Girona ; 016 ; BÀSCARA ; CR DE GIRONA S/N ; 17483 ; Operativas ; 
BP ; BANCOS ; 2100 ; CAIXABANK, S.A. (2100) ; ES ; ESPAÑA ; 09 ; CATALUÑA           ; 17 ; Girona ; 019 ; BESALU ; AV LLUIS COMPANYS 15-17 ; 17850 ; Operativas ; 
BP ; BANCOS ; 2100 ; CAIXABANK, S.A. (2100) ; ES ; ESPAÑA ; 09 ; CATALUÑA           ; 17 ; Girona ; 020 ; BESCANO ; CL Assumpta 10 ; 17162 ; Operativas ; 
BP ; BANCOS ; 2100 ; CAIXABANK, S.A. (2100) ; ES ; ESPAÑA ; 09 ; CATALUÑA           ; 17 ; Girona ; 022 ; BISBAL D'EMPORDÀ (LA) ; AV LES VOLTES 27 ; 17100 ; Operativas ; 
BP ; BANCOS ; 2100 ; CAIXABANK, S.A. (2100) ; ES ; ESPAÑA ; 09 ; CATALUÑA           ; 17 ; Girona ; 023 ; BLANES ; PZ D'ESPANYA 4 ; 17300 ; Operativas ; 
BP ; BANCOS ; 2100 ; CAIXABANK, S.A. (2100) ; ES ; ESPAÑA ; 09 ; CATALUÑA           ; 17 ; Girona ; 023 ; BLANES ; RB JOAQUIM RUYRA 65 ; 17300 ; Operativas ; 
BP ; BANCOS ; 2100 ; CAIXABANK, S.A. (2100) ; ES ; ESPAÑA ; 09 ; CATALUÑA           ; 17 ; Girona ; 025 ; BORDILS ; CR DE PALAMÓS 58 ; 17462 ; Operativas ; 
BP ; BANCOS ; 2100 ; CAIXABANK, S.A. (2100) ; ES ; ESPAÑA ; 09 ; CATALUÑA           ; 17 ; Girona ; 027 ; BREDA ; CL SANT ISCLE 43 ; 17400 ; Operativas ; 
BP ; BANCOS ; 2100 ; CAIXABANK, S.A. (2100) ; ES ; ESPAÑA ; 09 ; CATALUÑA           ; 17 ; Girona ; 032 ; CADAQUES ; PZ FREDERIC RAHOLA 3 ; 17488 ; Operativas ; 
BP ; BANCOS ; 2100 ; CAIXABANK, S.A. (2100) ; ES ; ESPAÑA ; 09 ; CATALUÑA           ; 17 ; Girona ; 033 ; CALDES DE MALAVELLA ; CL PRIM 1 ; 17455 ; Operativas ; 
BP ; BANCOS ; 2100 ; CAIXABANK, S.A. (2100) ; ES ; ESPAÑA ; 09 ; CATALUÑA           ; 17 ; Girona ; 034 ; CALONGE I SANT ANTONI ; CL RUTLLA 11 ; 17251 ; Operativas ; 
BP ; BANCOS ; 2100 ; CAIXABANK, S.A. (2100) ; ES ; ESPAÑA ; 09 ; CATALUÑA           ; 17 ; Girona ; 034 ; CALONGE I SANT ANTONI ; PZ DE LA LLIBERTAT S/N ; 17252 ; Operativas ; 
BP ; BANCOS ; 2100 ; CAIXABANK, S.A. (2100) ; ES ; ESPAÑA ; 09 ; CATALUÑA           ; 17 ; Girona ; 036 ; CAMPDEVÀNOL ; PZ ANSELM CLAVE 3 ; 17530 ; Operativas ; 
BP ; BANCOS ; 2100 ; CAIXABANK, S.A. (2100) ; ES ; ESPAÑA ; 09 ; CATALUÑA           ; 17 ; Girona ; 039 ; CAMPRODON ; CL CATALUNYA 1 ; 17867 ; Operativas ; 
BP ; BANCOS ; 2100 ; CAIXABANK, S.A. (2100) ; ES ; ESPAÑA ; 09 ; CATALUÑA           ; 17 ; Girona ; 044 ; CASSÀ DE LA SELVA ; PZ DE LA COMA 35 ; 17244 ; Operativas ; 
BP ; BANCOS ; 2100 ; CAIXABANK, S.A. (2100) ; ES ; ESPAÑA ; 09 ; CATALUÑA           ; 17 ; Girona ; 044 ; CASSÀ DE LA SELVA ; PS Ferrocarril 29 ; 17244 ; Operativas ; 
BP ; BANCOS ; 2100 ; CAIXABANK, S.A. (2100) ; ES ; ESPAÑA ; 09 ; CATALUÑA           ; 17 ; Girona ; 046 ; CASTELLFOLLIT DE LA ROCA ; CR D'OLOT 29 ; 17856 ; Operativas ; 
BP ; BANCOS ; 2100 ; CAIXABANK, S.A. (2100) ; ES ; ESPAÑA ; 09 ; CATALUÑA           ; 17 ; Girona ; 047 ; CASTELLO D'EMPURIES ; ZZ BOULEVARD GRAN RESERVA 00008 ; 17487 ; Operativas ; 
BP ; BANCOS ; 2100 ; CAIXABANK, S.A. (2100) ; ES ; ESPAÑA ; 09 ; CATALUÑA           ; 17 ; Girona ; 047 ; CASTELLO D'EMPURIES ; CL MESTRE BLANCH 2 ; 17486 ; Operativas ; 
BP ; BANCOS ; 2100 ; CAIXABANK, S.A. (2100) ; ES ; ESPAÑA ; 09 ; CATALUÑA           ; 17 ; Girona ; 048 ; CASTELL-PLATJA D'ARO ; AV Platja d'Aro 00315 ; 17248 ; Operativas ; 
BP ; BANCOS ; 2100 ; CAIXABANK, S.A. (2100) ; ES ; ESPAÑA ; 09 ; CATALUÑA           ; 17 ; Girona ; 048 ; CASTELL-PLATJA D'ARO ; AV  DE LA PLATJA 00070 ; 17249 ; Operativas ; 
BP ; BANCOS ; 2100 ; CAIXABANK, S.A. (2100) ; ES ; ESPAÑA ; 09 ; CATALUÑA           ; 17 ; Girona ; 048 ; CASTELL-PLATJA D'ARO ; PZ D'EUROPA 3 ; 17250 ; Operativas ; 
BP ; BANCOS ; 2100 ; CAIXABANK, S.A. (2100) ; ES ; ESPAÑA ; 09 ; CATALUÑA           ; 17 ; Girona ; 049 ; CELRÀ ; CR DE JUIA 00084 ; 17460 ; Operativas ; 
BP ; BANCOS ; 2100 ; CAIXABANK, S.A. (2100) ; ES ; ESPAÑA ; 09 ; CATALUÑA           ; 17 ; Girona ; 054 ; COLERA ; PZ PI I MARGALL 10 ; 17496 ; Operativas ; 
BP ; BANCOS ; 2100 ; CAIXABANK, S.A. (2100) ; ES ; ESPAÑA ; 09 ; CATALUÑA           ; 17 ; Girona ; 056 ; CORNELLÀ DEL TERRI ; CL MAJOR 14 ; 17844 ; Operativas ; 
BP ; BANCOS ; 2100 ; CAIXABANK, S.A. (2100) ; ES ; ESPAÑA ; 09 ; CATALUÑA           ; 17 ; Girona ; 060 ; DARNIUS ; CL MAJOR 7 ; 17722 ; Operativas ; 
BP ; BANCOS ; 2100 ; CAIXABANK, S.A. (2100) ; ES ; ESPAÑA ; 09 ; CATALUÑA           ; 17 ; Girona ; 062 ; ESCALA (L') ; CL TRAMUNTANA 1 ; 17130 ; Operativas ; 
BP ; BANCOS ; 2100 ; CAIXABANK, S.A. (2100) ; ES ; ESPAÑA ; 09 ; CATALUÑA           ; 17 ; Girona ; 066 ; FIGUERES ; PZ de la palmera 5 ; 17600 ; Operativas ; 
BP ; BANCOS ; 2100 ; CAIXABANK, S.A. (2100) ; ES ; ESPAÑA ; 09 ; CATALUÑA           ; 17 ; Girona ; 066 ; FIGUERES ; CL NOU 126 ; 17600 ; Operativas ; 
BP ; BANCOS ; 2100 ; CAIXABANK, S.A. (2100) ; ES ; ESPAÑA ; 09 ; CATALUÑA           ; 17 ; Girona ; 066 ; FIGUERES ; CL SANT PERE 16 ; 17600 ; Operativas ; 
BP ; BANCOS ; 2100 ; CAIXABANK, S.A. (2100) ; ES ; ESPAÑA ; 09 ; CATALUÑA           ; 17 ; Girona ; 066 ; FIGUERES ; CL MONTURIOL 15 ; 17800 ; Operativas ; 
BP ; BANCOS ; 2100 ; CAIXABANK, S.A. (2100) ; ES ; ESPAÑA ; 09 ; CATALUÑA           ; 17 ; Girona ; 066 ; FIGUERES ; PZ DE LA PALMERA 10 ; 17600 ; Operativas ; 
BP ; BANCOS ; 2100 ; CAIXABANK, S.A. (2100) ; ES ; ESPAÑA ; 09 ; CATALUÑA           ; 17 ; Girona ; 067 ; FLAÇÀ ; CL COMERÇ S/N ; 17463 ; Operativas ; 
BP ; BANCOS ; 2100 ; CAIXABANK, S.A. (2100) ; ES ; ESPAÑA ; 09 ; CATALUÑA           ; 17 ; Girona ; 073 ; FORNELLS DE LA SELVA ; ZZ PASSATGE HORTS 00001 ; 17458 ; Operativas ; 
BP ; BANCOS ; 2100 ; CAIXABANK, S.A. (2100) ; ES ; ESPAÑA ; 09 ; CATALUÑA           ; 17 ; Girona ; 077 ; GARRIGUELLA ; CL GRAN 29 ; 17780 ; Operativas ; 
BP ; BANCOS ; 2100 ; CAIXABANK, S.A. (2100) ; ES ; ESPAÑA ; 09 ; CATALUÑA           ; 17 ; Girona ; 079 ; GIRONA ; CL JOAN MARAGALL 29A ; 17002 ; Operativas ; 
BP ; BANCOS ; 2100 ; CAIXABANK, S.A. (2100) ; ES ; ESPAÑA ; 09 ; CATALUÑA           ; 17 ; Girona ; 079 ; GIRONA ; CL MIGDIA 86 ; 17002 ; Operativas ; 
BP ; BANCOS ; 2100 ; CAIXABANK, S.A. (2100) ; ES ; ESPAÑA ; 09 ; CATALUÑA           ; 17 ; Girona ; 079 ; GIRONA ; CL PLANURA 10 ; 17004 ; Operativas ; 
BP ; BANCOS ; 2100 ; CAIXABANK, S.A. (2100) ; ES ; ESPAÑA ; 09 ; CATALUÑA           ; 17 ; Girona ; 079 ; GIRONA ; CL CREU 31 ; 17002 ; Operativas ; 
BP ; BANCOS ; 2100 ; CAIXABANK, S.A. (2100) ; ES ; ESPAÑA ; 09 ; CATALUÑA           ; 17 ; Girona ; 079 ; GIRONA ; CL EMILI GRAHIT 6 ; 17002 ; Operativas ; 
BP ; BANCOS ; 2100 ; CAIXABANK, S.A. (2100) ; ES ; ESPAÑA ; 09 ; CATALUÑA           ; 17 ; Girona ; 079 ; GIRONA ; PZ DE LA INDEPENDENCIA 18 ; 17001 ; Operativas ; 
BP ; BANCOS ; 2100 ; CAIXABANK, S.A. (2100) ; ES ; ESPAÑA ; 09 ; CATALUÑA           ; 17 ; Girona ; 079 ; GIRONA ; PS SANTA EUGENIA 7 ; 17006 ; Operativas ; 
BP ; BANCOS ; 2100 ; CAIXABANK, S.A. (2100) ; ES ; ESPAÑA ; 09 ; CATALUÑA           ; 17 ; Girona ; 079 ; GIRONA ; RB XAVIER CUGAT 32 ; 17007 ; Operativas ; 
BP ; BANCOS ; 2100 ; CAIXABANK, S.A. (2100) ; ES ; ESPAÑA ; 09 ; CATALUÑA           ; 17 ; Girona ; 079 ; GIRONA ; CL BERNAT BOADES 31 ; 17005 ; Operativas ; 
BP ; BANCOS ; 2100 ; CAIXABANK, S.A. (2100) ; ES ; ESPAÑA ; 09 ; CATALUÑA           ; 17 ; Girona ; 079 ; GIRONA ; CL SANTA CLARA 09-11 ; 17001 ; Operativas ; 
BP ; BANCOS ; 2100 ; CAIXABANK, S.A. (2100) ; ES ; ESPAÑA ; 09 ; CATALUÑA           ; 17 ; Girona ; 083 ; HOSTALRIC ; AV  FORTALESA 00010 ; 17450 ; Operativas ; 
BP ; BANCOS ; 2100 ; CAIXABANK, S.A. (2100) ; ES ; ESPAÑA ; 09 ; CATALUÑA           ; 17 ; Girona ; 086 ; JONQUERA (LA) ; AV MIQUEL MARTI POL 00006 ; 17700 ; Operativas ; 
BP ; BANCOS ; 2100 ; CAIXABANK, S.A. (2100) ; ES ; ESPAÑA ; 09 ; CATALUÑA           ; 17 ; Girona ; 089 ; LLAGOSTERA ; PZ DE CATALUNYA 8 ; 17240 ; Operativas ; 
BP ; BANCOS ; 2100 ; CAIXABANK, S.A. (2100) ; ES ; ESPAÑA ; 09 ; CATALUÑA           ; 17 ; Girona ; 092 ; LLANÇÀ ; CL SALMERON 4 ; 17490 ; Operativas ; 
BP ; BANCOS ; 2100 ; CAIXABANK, S.A. (2100) ; ES ; ESPAÑA ; 09 ; CATALUÑA           ; 17 ; Girona ; 093 ; LLERS ; ZZ PL. RAMAL 00003 ; 17730 ; Operativas ; 
BP ; BANCOS ; 2100 ; CAIXABANK, S.A. (2100) ; ES ; ESPAÑA ; 09 ; CATALUÑA           ; 17 ; Girona ; 094 ; LLIVIA ; CL RAVAL 20 ; 17527 ; Operativas ; 
BP ; BANCOS ; 2100 ; CAIXABANK, S.A. (2100) ; ES ; ESPAÑA ; 09 ; CATALUÑA           ; 17 ; Girona ; 095 ; LLORET DE MAR ; PS AGUSTÍ I FONT 4 ; 17310 ; Operativas ; 
BP ; BANCOS ; 2100 ; CAIXABANK, S.A. (2100) ; ES ; ESPAÑA ; 09 ; CATALUÑA           ; 17 ; Girona ; 095 ; LLORET DE MAR ; CL SANT PERE 67 ; 17310 ; Operativas ; 
BP ; BANCOS ; 2100 ; CAIXABANK, S.A. (2100) ; ES ; ESPAÑA ; 09 ; CATALUÑA           ; 17 ; Girona ; 095 ; LLORET DE MAR ; AV JUST I MARLES 30 ; 17130 ; Operativas ; 
BP ; BANCOS ; 2100 ; CAIXABANK, S.A. (2100) ; ES ; ESPAÑA ; 09 ; CATALUÑA           ; 17 ; Girona ; 102 ; MAÇANET DE CABRENYS ; CL PARET NOVA 10 ; 17720 ; Operativas ; 
BP ; BANCOS ; 2100 ; CAIXABANK, S.A. (2100) ; ES ; ESPAÑA ; 09 ; CATALUÑA           ; 17 ; Girona ; 103 ; MAÇANET DE LA SELVA ; PZ DE L'ESGLESIA 12 ; 17412 ; Operativas ; 
BP ; BANCOS ; 2100 ; CAIXABANK, S.A. (2100) ; ES ; ESPAÑA ; 09 ; CATALUÑA           ; 17 ; Girona ; 110 ; MONT-RAS ; ZZ C. TORRES I JONAMA 00035 ; 17253 ; Operativas ; 
BP ; BANCOS ; 2100 ; CAIXABANK, S.A. (2100) ; ES ; ESPAÑA ; 09 ; CATALUÑA           ; 17 ; Girona ; 114 ; OLOT ; PS ESCULTOR MIQUEL BLAY 8 ; 17800 ; Operativas ; 
BP ; BANCOS ; 2100 ; CAIXABANK, S.A. (2100) ; ES ; ESPAÑA ; 09 ; CATALUÑA           ; 17 ; Girona ; 114 ; OLOT ; PZ MAJOR 13 ; 17800 ; Operativas ; 
BP ; BANCOS ; 2100 ; CAIXABANK, S.A. (2100) ; ES ; ESPAÑA ; 09 ; CATALUÑA           ; 17 ; Girona ; 117 ; PALAFRUGELL ; CL CHOPITEA 7 ; 17210 ; Operativas ; 
BP ; BANCOS ; 2100 ; CAIXABANK, S.A. (2100) ; ES ; ESPAÑA ; 09 ; CATALUÑA           ; 17 ; Girona ; 117 ; PALAFRUGELL ; CL TORRES I JONAMA 48 ; 17200 ; Operativas ; 
BP ; BANCOS ; 2100 ; CAIXABANK, S.A. (2100) ; ES ; ESPAÑA ; 09 ; CATALUÑA           ; 17 ; Girona ; 118 ; PALAMOS ; AV  ONZE DE SETEMBRE 00026 ; 17230 ; Operativas ; 
BP ; BANCOS ; 2100 ; CAIXABANK, S.A. (2100) ; ES ; ESPAÑA ; 09 ; CATALUÑA           ; 17 ; Girona ; 120 ; PALAU-SAVERDERA ; ZZ C. NOU 00025 ; 17495 ; Operativas ; 
BP ; BANCOS ; 2100 ; CAIXABANK, S.A. (2100) ; ES ; ESPAÑA ; 09 ; CATALUÑA           ; 17 ; Girona ; 124 ; PALS ; CL ENGINYER ALGARRA 35 ; 17256 ; Operativas ; 
BP ; BANCOS ; 2100 ; CAIXABANK, S.A. (2100) ; ES ; ESPAÑA ; 09 ; CATALUÑA           ; 17 ; Girona ; 132 ; PERALADA ; PZ DEL CARME 00002 ; 17491 ; Operativas ; 
BP ; BANCOS ; 2100 ; CAIXABANK, S.A. (2100) ; ES ; ESPAÑA ; 09 ; CATALUÑA           ; 17 ; Girona ; 133 ; PLANES D'HOSTOLES (LES) ; CL MORAGAS I BARRET 14 ; 17172 ; Operativas ; 
BP ; BANCOS ; 2100 ; CAIXABANK, S.A. (2100) ; ES ; ESPAÑA ; 09 ; CATALUÑA           ; 17 ; Girona ; 137 ; PORQUERES ; ZZ C. SANT ANDREU 00035 ; 17834 ; Operativas ; 
BP ; BANCOS ; 2100 ; CAIXABANK, S.A. (2100) ; ES ; ESPAÑA ; 09 ; CATALUÑA           ; 17 ; Girona ; 138 ; PORTBOU ; PZ DEL MERCAT 4 ; 17497 ; Operativas ; 
BP ; BANCOS ; 2100 ; CAIXABANK, S.A. (2100) ; ES ; ESPAÑA ; 09 ; CATALUÑA           ; 17 ; Girona ; 139 ; PRESES (LES) ; CR SANTA COLOMA 00032 ; 17178 ; Operativas ; 
BP ; BANCOS ; 2100 ; CAIXABANK, S.A. (2100) ; ES ; ESPAÑA ; 09 ; CATALUÑA           ; 17 ; Girona ; 140 ; PORT DE LA SELVA (EL) ; CL MOLL D'EN BALLEU 1 ; 17489 ; Operativas ; 
BP ; BANCOS ; 2100 ; CAIXABANK, S.A. (2100) ; ES ; ESPAÑA ; 09 ; CATALUÑA           ; 17 ; Girona ; 141 ; PUIGCERDÀ ; CL Alfonso I 22 ; 17520 ; Operativas ; 
BP ; BANCOS ; 2100 ; CAIXABANK, S.A. (2100) ; ES ; ESPAÑA ; 09 ; CATALUÑA           ; 17 ; Girona ; 142 ; QUART ; CR DE GIRONA 91 ; 17242 ; Operativas ; 
BP ; BANCOS ; 2100 ; CAIXABANK, S.A. (2100) ; ES ; ESPAÑA ; 09 ; CATALUÑA           ; 17 ; Girona ; 145 ; RIBES DE FRESER ; CL MAJOR 00009 ; 17534 ; Operativas ; 
BP ; BANCOS ; 2100 ; CAIXABANK, S.A. (2100) ; ES ; ESPAÑA ; 09 ; CATALUÑA           ; 17 ; Girona ; 146 ; RIELLS I VIABREA ; ZZ C. MOROU 00001 ; 17404 ; Operativas ; 
BP ; BANCOS ; 2100 ; CAIXABANK, S.A. (2100) ; ES ; ESPAÑA ; 09 ; CATALUÑA           ; 17 ; Girona ; 147 ; RIPOLL ; PZ SANT EUDALD 1 ; 17500 ; Operativas ; 
BP ; BANCOS ; 2100 ; CAIXABANK, S.A. (2100) ; ES ; ESPAÑA ; 09 ; CATALUÑA           ; 17 ; Girona ; 148 ; RIUDARENES ; CR SILS 2 ; 17421 ; Operativas ; 
BP ; BANCOS ; 2100 ; CAIXABANK, S.A. (2100) ; ES ; ESPAÑA ; 09 ; CATALUÑA           ; 17 ; Girona ; 150 ; RIUDELLOTS DE LA SELVA ; CL ESTACIÓ 35 ; 17457 ; Operativas ; 
BP ; BANCOS ; 2100 ; CAIXABANK, S.A. (2100) ; ES ; ESPAÑA ; 09 ; CATALUÑA           ; 17 ; Girona ; 152 ; ROSES ; CL RIERA GINJOLERS 14 ; 17480 ; Operativas ; 
BP ; BANCOS ; 2100 ; CAIXABANK, S.A. (2100) ; ES ; ESPAÑA ; 09 ; CATALUÑA           ; 17 ; Girona ; 155 ; SALT ; CL FRANCESC MACIA 1 ; 17190 ; Operativas ; 
BP ; BANCOS ; 2100 ; CAIXABANK, S.A. (2100) ; ES ; ESPAÑA ; 09 ; CATALUÑA           ; 17 ; Girona ; 158 ; SANT CLIMENT SESCEBES ; CL ESPOLLA 22 ; 17751 ; Operativas ; 
BP ; BANCOS ; 2100 ; CAIXABANK, S.A. (2100) ; ES ; ESPAÑA ; 09 ; CATALUÑA           ; 17 ; Girona ; 160 ; SANT FELIU DE GUIXOLS ; PZ SANT JOAN 23-25 ; 17220 ; Operativas ; 
BP ; BANCOS ; 2100 ; CAIXABANK, S.A. (2100) ; ES ; ESPAÑA ; 09 ; CATALUÑA           ; 17 ; Girona ; 161 ; SANT FELIU DE PALLEROLS ; ZZ CTRA. D'OLOT 00027 ; 17174 ; Operativas ; 
BP ; BANCOS ; 2100 ; CAIXABANK, S.A. (2100) ; ES ; ESPAÑA ; 09 ; CATALUÑA           ; 17 ; Girona ; 163 ; SANT GREGORI ; AV GIRONA 29 ; 17150 ; Operativas ; 
BP ; BANCOS ; 2100 ; CAIXABANK, S.A. (2100) ; ES ; ESPAÑA ; 09 ; CATALUÑA           ; 17 ; Girona ; 164 ; SANT HILARI SACALM ; CL JOSEP XIMENO 6 ; 17403 ; Operativas ; 
BP ; BANCOS ; 2100 ; CAIXABANK, S.A. (2100) ; ES ; ESPAÑA ; 09 ; CATALUÑA           ; 17 ; Girona ; 166 ; SANT JORDI DESVALLS ; ZZ C. DEL PORTAL 00010 ; 17464 ; Operativas ; 
BP ; BANCOS ; 2100 ; CAIXABANK, S.A. (2100) ; ES ; ESPAÑA ; 09 ; CATALUÑA           ; 17 ; Girona ; 167 ; SANT JOAN DE LES ABADESSES ; PZ TORRAS I BAGES 1 ; 17860 ; Operativas ; 
BP ; BANCOS ; 2100 ; CAIXABANK, S.A. (2100) ; ES ; ESPAÑA ; 09 ; CATALUÑA           ; 17 ; Girona ; 169 ; SANT JULIÀ DE RAMIS ; PZ DE LA FONT 1 ; 17482 ; Operativas ; 
BP ; BANCOS ; 2100 ; CAIXABANK, S.A. (2100) ; ES ; ESPAÑA ; 09 ; CATALUÑA           ; 17 ; Girona ; 177 ; SANT PAU DE SEGURIES ; ZZ PL. DE LA GENERALITAT 00003 ; 17864 ; Operativas ; 
BP ; BANCOS ; 2100 ; CAIXABANK, S.A. (2100) ; ES ; ESPAÑA ; 09 ; CATALUÑA           ; 17 ; Girona ; 178 ; SANT PERE PESCADOR ; PZ CATALUNYA 1 ; 17470 ; Operativas ; 
BP ; BANCOS ; 2100 ; CAIXABANK, S.A. (2100) ; ES ; ESPAÑA ; 09 ; CATALUÑA           ; 17 ; Girona ; 180 ; SANTA COLOMA DE FARNERS ; CL SANT SEBASTIA 2 ; 17430 ; Operativas ; 
BP ; BANCOS ; 2100 ; CAIXABANK, S.A. (2100) ; ES ; ESPAÑA ; 09 ; CATALUÑA           ; 17 ; Girona ; 181 ; SANTA CRISTINA D'ARO ; PZ Mercat 1 ; 17246 ; Operativas ; 
BP ; BANCOS ; 2100 ; CAIXABANK, S.A. (2100) ; ES ; ESPAÑA ; 09 ; CATALUÑA           ; 17 ; Girona ; 184 ; SANTA PAU ; AV   DELS VOLCANS 00003 ; 17811 ; Operativas ; 
BP ; BANCOS ; 2100 ; CAIXABANK, S.A. (2100) ; ES ; ESPAÑA ; 09 ; CATALUÑA           ; 17 ; Girona ; 185 ; SANT JOAN LES FONTS ; CL AIGUANEGRA 1 ; 17857 ; Operativas ; 
BP ; BANCOS ; 2100 ; CAIXABANK, S.A. (2100) ; ES ; ESPAÑA ; 09 ; CATALUÑA           ; 17 ; Girona ; 186 ; SARRIÀ DE TER ; CL MAJOR 95 ; 17840 ; Operativas ; 
BP ; BANCOS ; 2100 ; CAIXABANK, S.A. (2100) ; ES ; ESPAÑA ; 09 ; CATALUÑA           ; 17 ; Girona ; 187 ; SAUS, CAMALLERA I LLAMPAIES ; CL JOSEP DE RIBOT 13 ; 17465 ; Operativas ; 
BP ; BANCOS ; 2100 ; CAIXABANK, S.A. (2100) ; ES ; ESPAÑA ; 09 ; CATALUÑA           ; 17 ; Girona ; 189 ; CELLERA DE TER (LA) ; ZZ PASSEIG DE LA ESTACIO - CTRA. D'OLOT  ; 17165 ; Operativas ; 
BP ; BANCOS ; 2100 ; CAIXABANK, S.A. (2100) ; ES ; ESPAÑA ; 09 ; CATALUÑA           ; 17 ; Girona ; 190 ; SERINYÀ ; ZZ C. MOSSEN TUSELL 00004 ; 17852 ; Operativas ; 
BP ; BANCOS ; 2100 ; CAIXABANK, S.A. (2100) ; ES ; ESPAÑA ; 09 ; CATALUÑA           ; 17 ; Girona ; 193 ; SILS ; PZ SANT COSME I DAMIÀ 4 ; 17410 ; Operativas ; 
BP ; BANCOS ; 2100 ; CAIXABANK, S.A. (2100) ; ES ; ESPAÑA ; 09 ; CATALUÑA           ; 17 ; Girona ; 199 ; TORROELLA DE MONTGRI ; AV GRECIA 27 ; 17258 ; Operativas ; 
BP ; BANCOS ; 2100 ; CAIXABANK, S.A. (2100) ; ES ; ESPAÑA ; 09 ; CATALUÑA           ; 17 ; Girona ; 199 ; TORROELLA DE MONTGRI ; PZ ONZE DE SETEMBRE 20 ; 17257 ; Operativas ; 
BP ; BANCOS ; 2100 ; CAIXABANK, S.A. (2100) ; ES ; ESPAÑA ; 09 ; CATALUÑA           ; 17 ; Girona ; 202 ; TOSSA DE MAR ; AV COSTA BRAVA 19 ; 17320 ; Operativas ; 
BP ; BANCOS ; 2100 ; CAIXABANK, S.A. (2100) ; ES ; ESPAÑA ; 09 ; CATALUÑA           ; 17 ; Girona ; 207 ; VALL D'EN BAS (LA) ; CL (SANT ESTEVE D'EN BAS)AMPLE 22 ; 17176 ; Operativas ; 
BP ; BANCOS ; 2100 ; CAIXABANK, S.A. (2100) ; ES ; ESPAÑA ; 09 ; CATALUÑA           ; 17 ; Girona ; 211 ; VERGES ; CL FRANCESC CAMBO 4 ; 17142 ; Operativas ; 
BP ; BANCOS ; 2100 ; CAIXABANK, S.A. (2100) ; ES ; ESPAÑA ; 09 ; CATALUÑA           ; 17 ; Girona ; 213 ; VIDRERES ; CL Costa Brava 158 ; 17411 ; Operativas ; 
BP ; BANCOS ; 2100 ; CAIXABANK, S.A. (2100) ; ES ; ESPAÑA ; 09 ; CATALUÑA           ; 17 ; Girona ; 214 ; VILABERTRAN ; PZ MAJOR 9 ; 17760 ; Operativas ; 
BP ; BANCOS ; 2100 ; CAIXABANK, S.A. (2100) ; ES ; ESPAÑA ; 09 ; CATALUÑA           ; 17 ; Girona ; 215 ; VILABLAREIX ; CR SANTA COLOMA 38 ; 17180 ; Operativas ; 
BP ; BANCOS ; 2100 ; CAIXABANK, S.A. (2100) ; ES ; ESPAÑA ; 09 ; CATALUÑA           ; 17 ; Girona ; 220 ; VILADRAU ; CL PARE CLARET 11 ; 17406 ; Operativas ; 
BP ; BANCOS ; 2100 ; CAIXABANK, S.A. (2100) ; ES ; ESPAÑA ; 09 ; CATALUÑA           ; 17 ; Girona ; 223 ; VILAJUÏGA ; CL FIGUERES 2 ; 17493 ; Operativas ; 
BP ; BANCOS ; 2100 ; CAIXABANK, S.A. (2100) ; ES ; ESPAÑA ; 09 ; CATALUÑA           ; 17 ; Girona ; 233 ; VILOBI D'ONYAR ; PZ NOVA 11 ; 17185 ; Operativas ; 
BP ; BANCOS ; 2100 ; CAIXABANK, S.A. (2100) ; ES ; ESPAÑA ; 09 ; CATALUÑA           ; 17 ; Girona ; 903 ; SANT JULIÀ DEL LLOR I BONMATI ; ZZ PL. MANUEL BONMATI  ; 17164 ; Operativas ; 
BP ; BANCOS ; 2100 ; CAIXABANK, S.A. (2100) ; ES ; ESPAÑA ; 09 ; CATALUÑA           ; 25 ; Lleida ; 002 ; ÀGER ; CL LA FONT 12 ; 25691 ; Operativas ; 
BP ; BANCOS ; 2100 ; CAIXABANK, S.A. (2100) ; ES ; ESPAÑA ; 09 ; CATALUÑA           ; 25 ; Lleida ; 003 ; AGRAMUNT ; AV AGUSTÍ ROS 8 ; 25310 ; Operativas ; 
BP ; BANCOS ; 2100 ; CAIXABANK, S.A. (2100) ; ES ; ESPAÑA ; 09 ; CATALUÑA           ; 25 ; Lleida ; 007 ; ALBATÀRRECH ; ZZ C. DOCTOR ROBERT 00100 ; 25171 ; Operativas ; 
BP ; BANCOS ; 2100 ; CAIXABANK, S.A. (2100) ; ES ; ESPAÑA ; 09 ; CATALUÑA           ; 25 ; Lleida ; 008 ; ALBESA ; CL Felip Rodes 19 ; 25135 ; Operativas ; 
BP ; BANCOS ; 2100 ; CAIXABANK, S.A. (2100) ; ES ; ESPAÑA ; 09 ; CATALUÑA           ; 25 ; Lleida ; 009 ; ALBI (L') ; AV  CATALUNYA 00011 ; 25450 ; Operativas ; 
BP ; BANCOS ; 2100 ; CAIXABANK, S.A. (2100) ; ES ; ESPAÑA ; 09 ; CATALUÑA           ; 25 ; Lleida ; 011 ; ALCARRÀS ; CL MAJOR 124 ; 25180 ; Operativas ; 
BP ; BANCOS ; 2100 ; CAIXABANK, S.A. (2100) ; ES ; ESPAÑA ; 09 ; CATALUÑA           ; 25 ; Lleida ; 012 ; ALCOLETGE ; CL MAJOR 14 ; 25660 ; Operativas ; 
BP ; BANCOS ; 2100 ; CAIXABANK, S.A. (2100) ; ES ; ESPAÑA ; 09 ; CATALUÑA           ; 25 ; Lleida ; 013 ; ALFARRÀS ; AV  CATALUNYA 00024 ; 25120 ; Operativas ; 
BP ; BANCOS ; 2100 ; CAIXABANK, S.A. (2100) ; ES ; ESPAÑA ; 09 ; CATALUÑA           ; 25 ; Lleida ; 016 ; ALGUAIRE ; AV  JAUME NADAL 00005 ; 25125 ; Operativas ; 
BP ; BANCOS ; 2100 ; CAIXABANK, S.A. (2100) ; ES ; ESPAÑA ; 09 ; CATALUÑA           ; 25 ; Lleida ; 019 ; ALMACELLES ; CL MAJOR 40 ; 25100 ; Operativas ; 
BP ; BANCOS ; 2100 ; CAIXABANK, S.A. (2100) ; ES ; ESPAÑA ; 09 ; CATALUÑA           ; 25 ; Lleida ; 020 ; ALMATRET ; ZZ C. MAJOR 00029 ; 25187 ; Operativas ; 
BP ; BANCOS ; 2100 ; CAIXABANK, S.A. (2100) ; ES ; ESPAÑA ; 09 ; CATALUÑA           ; 25 ; Lleida ; 021 ; ALMENAR ; CR DE LLEIDA 7 ; 25126 ; Operativas ; 
BP ; BANCOS ; 2100 ; CAIXABANK, S.A. (2100) ; ES ; ESPAÑA ; 09 ; CATALUÑA           ; 25 ; Lleida ; 023 ; ALPICAT ; CL LLEIDA 45 ; 25110 ; Operativas ; 
BP ; BANCOS ; 2100 ; CAIXABANK, S.A. (2100) ; ES ; ESPAÑA ; 09 ; CATALUÑA           ; 25 ; Lleida ; 025 ; NAUT ARAN ; CR BAQUEIRA S/N ; 25599 ; Operativas ; 
BP ; BANCOS ; 2100 ; CAIXABANK, S.A. (2100) ; ES ; ESPAÑA ; 09 ; CATALUÑA           ; 25 ; Lleida ; 025 ; NAUT ARAN ; ZZ NUCLEO 1500 EDIF. CAMPALIAS  ; 25598 ; Operativas ; 
BP ; BANCOS ; 2100 ; CAIXABANK, S.A. (2100) ; ES ; ESPAÑA ; 09 ; CATALUÑA           ; 25 ; Lleida ; 025 ; NAUT ARAN ; CL DERA MOLA 2 ; 25598 ; Operativas ; 
BP ; BANCOS ; 2100 ; CAIXABANK, S.A. (2100) ; ES ; ESPAÑA ; 09 ; CATALUÑA           ; 25 ; Lleida ; 027 ; ANGLESOLA ; AV  CATALUNYA 00010 ; 25320 ; Operativas ; 
BP ; BANCOS ; 2100 ; CAIXABANK, S.A. (2100) ; ES ; ESPAÑA ; 09 ; CATALUÑA           ; 25 ; Lleida ; 029 ; ARBECA ; AV  DELS PORTALS 00032 ; 25140 ; Operativas ; 
BP ; BANCOS ; 2100 ; CAIXABANK, S.A. (2100) ; ES ; ESPAÑA ; 09 ; CATALUÑA           ; 25 ; Lleida ; 033 ; ARTESA DE LLEIDA ; PZ MAJOR 9-10 ; 25150 ; Operativas ; 
BP ; BANCOS ; 2100 ; CAIXABANK, S.A. (2100) ; ES ; ESPAÑA ; 09 ; CATALUÑA           ; 25 ; Lleida ; 034 ; ARTESA DE SEGRE ; CR D'AGRAMUNT 30 ; 25730 ; Operativas ; 
BP ; BANCOS ; 2100 ; CAIXABANK, S.A. (2100) ; ES ; ESPAÑA ; 09 ; CATALUÑA           ; 25 ; Lleida ; 038 ; AITONA ; CL SÈQUIA 23 ; 25182 ; Operativas ; 
BP ; BANCOS ; 2100 ; CAIXABANK, S.A. (2100) ; ES ; ESPAÑA ; 09 ; CATALUÑA           ; 25 ; Lleida ; 039 ; BAIX PALLARS ; ZZ RAVAL DEL ROSER 00021 ; 25590 ; Operativas ; 
BP ; BANCOS ; 2100 ; CAIXABANK, S.A. (2100) ; ES ; ESPAÑA ; 09 ; CATALUÑA           ; 25 ; Lleida ; 040 ; BALAGUER ; PS de l'estació 25 ; 25600 ; Operativas ; 
BP ; BANCOS ; 2100 ; CAIXABANK, S.A. (2100) ; ES ; ESPAÑA ; 09 ; CATALUÑA           ; 25 ; Lleida ; 041 ; BARBENS ; CL DOMENEC CARDENAL 40 ; 25262 ; Operativas ; 
BP ; BANCOS ; 2100 ; CAIXABANK, S.A. (2100) ; ES ; ESPAÑA ; 09 ; CATALUÑA           ; 25 ; Lleida ; 043 ; VALL DE BOI (LA) ; CR DE CALDES S/N ; 25527 ; Operativas ; 
BP ; BANCOS ; 2100 ; CAIXABANK, S.A. (2100) ; ES ; ESPAÑA ; 09 ; CATALUÑA           ; 25 ; Lleida ; 046 ; BELIANES ; ZZ PL. DEL COMANDANT SERRET 00012 ; 25266 ; Operativas ; 
BP ; BANCOS ; 2100 ; CAIXABANK, S.A. (2100) ; ES ; ESPAÑA ; 09 ; CATALUÑA           ; 25 ; Lleida ; 047 ; BELLCAIRE D'URGELL ; AV  11 DE SETEMBRE 00118 ; 25337 ; Operativas ; 
BP ; BANCOS ; 2100 ; CAIXABANK, S.A. (2100) ; ES ; ESPAÑA ; 09 ; CATALUÑA           ; 25 ; Lleida ; 048 ; BELL-LLOC D'URGELL ; PZ MAJOR 5 ; 25220 ; Operativas ; 
BP ; BANCOS ; 2100 ; CAIXABANK, S.A. (2100) ; ES ; ESPAÑA ; 09 ; CATALUÑA           ; 25 ; Lleida ; 050 ; BELLPUIG ; PZ RAMON FOLCH 25 ; 25250 ; Operativas ; 
BP ; BANCOS ; 2100 ; CAIXABANK, S.A. (2100) ; ES ; ESPAÑA ; 09 ; CATALUÑA           ; 25 ; Lleida ; 051 ; BELLVER DE CERDANYA ; CL CATALUNYA 14 ; 25720 ; Operativas ; 
BP ; BANCOS ; 2100 ; CAIXABANK, S.A. (2100) ; ES ; ESPAÑA ; 09 ; CATALUÑA           ; 25 ; Lleida ; 052 ; BELLVIS ; ZZ PASSEIG D'URGELL 00001 ; 25142 ; Operativas ; 
BP ; BANCOS ; 2100 ; CAIXABANK, S.A. (2100) ; ES ; ESPAÑA ; 09 ; CATALUÑA           ; 25 ; Lleida ; 053 ; BENAVENT DE SEGRIÀ ; PZ MAJOR 12 ; 25132 ; Operativas ; 
BP ; BANCOS ; 2100 ; CAIXABANK, S.A. (2100) ; ES ; ESPAÑA ; 09 ; CATALUÑA           ; 25 ; Lleida ; 058 ; BORGES BLANQUES (LES) ; CL MARQUES D'OLIVART 12 ; 25400 ; Operativas ; 
BP ; BANCOS ; 2100 ; CAIXABANK, S.A. (2100) ; ES ; ESPAÑA ; 09 ; CATALUÑA           ; 25 ; Lleida ; 059 ; BOSSÒST ; ZZ PASSEIG EDUARD AUNÒS 36 ; 25550 ; Operativas ; 
BP ; BANCOS ; 2100 ; CAIXABANK, S.A. (2100) ; ES ; ESPAÑA ; 09 ; CATALUÑA           ; 25 ; Lleida ; 062 ; CAMARASA ; PZ MAJOR 2 ; 25613 ; Operativas ; 
BP ; BANCOS ; 2100 ; CAIXABANK, S.A. (2100) ; ES ; ESPAÑA ; 09 ; CATALUÑA           ; 25 ; Lleida ; 067 ; CASTELLDANS ; CL FRANCESC MACIÀ 1 ; 25154 ; Operativas ; 
BP ; BANCOS ; 2100 ; CAIXABANK, S.A. (2100) ; ES ; ESPAÑA ; 09 ; CATALUÑA           ; 25 ; Lleida ; 070 ; CASTELLSERÀ ; CL MURALLA 1 ; 25334 ; Operativas ; 
BP ; BANCOS ; 2100 ; CAIXABANK, S.A. (2100) ; ES ; ESPAÑA ; 09 ; CATALUÑA           ; 25 ; Lleida ; 072 ; CERVERA ; CL GENERAL GUELL 34 ; 25200 ; Operativas ; 
BP ; BANCOS ; 2100 ; CAIXABANK, S.A. (2100) ; ES ; ESPAÑA ; 09 ; CATALUÑA           ; 25 ; Lleida ; 073 ; CERVIÀ DE LES GARRIGUES ; CL MAJOR 2 ; 25460 ; Operativas ; 
BP ; BANCOS ; 2100 ; CAIXABANK, S.A. (2100) ; ES ; ESPAÑA ; 09 ; CATALUÑA           ; 25 ; Lleida ; 077 ; COLL DE NARGO ; AV  SANT CLIMENT 00040 ; 25793 ; Operativas ; 
BP ; BANCOS ; 2100 ; CAIXABANK, S.A. (2100) ; ES ; ESPAÑA ; 09 ; CATALUÑA           ; 25 ; Lleida ; 078 ; CORBINS ; PZ LA MARRETA 3 ; 25137 ; Operativas ; 
BP ; BANCOS ; 2100 ; CAIXABANK, S.A. (2100) ; ES ; ESPAÑA ; 09 ; CATALUÑA           ; 25 ; Lleida ; 081 ; ESPLUGA CALBA (L') ; ZZ C. PAU CASALS 00004 ; 25410 ; Operativas ; 
BP ; BANCOS ; 2100 ; CAIXABANK, S.A. (2100) ; ES ; ESPAÑA ; 09 ; CATALUÑA           ; 25 ; Lleida ; 082 ; ESPOT ; CR CARRETERA  ; 25597 ; Operativas ; 
BP ; BANCOS ; 2100 ; CAIXABANK, S.A. (2100) ; ES ; ESPAÑA ; 09 ; CATALUÑA           ; 25 ; Lleida ; 086 ; ESTERRI D'ÀNEU ; CL MAJOR 38 ; 25580 ; Operativas ; 
BP ; BANCOS ; 2100 ; CAIXABANK, S.A. (2100) ; ES ; ESPAÑA ; 09 ; CATALUÑA           ; 25 ; Lleida ; 096 ; FULIOLA (LA) ; AV  CATALUNYA 00050 ; 25332 ; Operativas ; 
BP ; BANCOS ; 2100 ; CAIXABANK, S.A. (2100) ; ES ; ESPAÑA ; 09 ; CATALUÑA           ; 25 ; Lleida ; 099 ; GOLMES ; CL RAVAL 11 ; 25241 ; Operativas ; 
BP ; BANCOS ; 2100 ; CAIXABANK, S.A. (2100) ; ES ; ESPAÑA ; 09 ; CATALUÑA           ; 25 ; Lleida ; 101 ; GRANADELLA (LA) ; CL PLA DE LA VILA 5 ; 25177 ; Operativas ; 
BP ; BANCOS ; 2100 ; CAIXABANK, S.A. (2100) ; ES ; ESPAÑA ; 09 ; CATALUÑA           ; 25 ; Lleida ; 102 ; GRANJA D'ESCARP (LA) ; AV  LLEIDA  ; 25185 ; Operativas ; 
BP ; BANCOS ; 2100 ; CAIXABANK, S.A. (2100) ; ES ; ESPAÑA ; 09 ; CATALUÑA           ; 25 ; Lleida ; 110 ; GUISSONA ; CL DE LA FONT 9 ; 25210 ; Operativas ; 
BP ; BANCOS ; 2100 ; CAIXABANK, S.A. (2100) ; ES ; ESPAÑA ; 09 ; CATALUÑA           ; 25 ; Lleida ; 113 ; IVARS D'URGELL ; AV  CATALUNYA 00002 ; 25260 ; Operativas ; 
BP ; BANCOS ; 2100 ; CAIXABANK, S.A. (2100) ; ES ; ESPAÑA ; 09 ; CATALUÑA           ; 25 ; Lleida ; 115 ; ISONA I CONCA DELLÀ ; CL SANT JAUME 2 ; 25650 ; Operativas ; 
BP ; BANCOS ; 2100 ; CAIXABANK, S.A. (2100) ; ES ; ESPAÑA ; 09 ; CATALUÑA           ; 25 ; Lleida ; 118 ; JUNCOSA ; ZZ PL. MAJOR 00011 ; 25165 ; Operativas ; 
BP ; BANCOS ; 2100 ; CAIXABANK, S.A. (2100) ; ES ; ESPAÑA ; 09 ; CATALUÑA           ; 25 ; Lleida ; 119 ; JUNEDA ; CL DE LA FONT 35 ; 25430 ; Operativas ; 
BP ; BANCOS ; 2100 ; CAIXABANK, S.A. (2100) ; ES ; ESPAÑA ; 09 ; CATALUÑA           ; 25 ; Lleida ; 120 ; LLEIDA ; CL PRINCEP DE VIANA 92 ; 25008 ; Operativas ; 
BP ; BANCOS ; 2100 ; CAIXABANK, S.A. (2100) ; ES ; ESPAÑA ; 09 ; CATALUÑA           ; 25 ; Lleida ; 120 ; LLEIDA ; AV DE VALENCIA 18 ; 25001 ; Operativas ; 
BP ; BANCOS ; 2100 ; CAIXABANK, S.A. (2100) ; ES ; ESPAÑA ; 09 ; CATALUÑA           ; 25 ; Lleida ; 120 ; LLEIDA ; PZ DE LA SAL 5 ; 25007 ; Operativas ; 
BP ; BANCOS ; 2100 ; CAIXABANK, S.A. (2100) ; ES ; ESPAÑA ; 09 ; CATALUÑA           ; 25 ; Lleida ; 120 ; LLEIDA ; AV PRAT DE LA RIBA 3 ; 25006 ; Operativas ; 
BP ; BANCOS ; 2100 ; CAIXABANK, S.A. (2100) ; ES ; ESPAÑA ; 09 ; CATALUÑA           ; 25 ; Lleida ; 120 ; LLEIDA ; AV CATALUNYA 16 ; 25002 ; Operativas ; 
BP ; BANCOS ; 2100 ; CAIXABANK, S.A. (2100) ; ES ; ESPAÑA ; 09 ; CATALUÑA           ; 25 ; Lleida ; 120 ; LLEIDA ; CL BARO DE MAIALS 37 ; 25005 ; Operativas ; 
BP ; BANCOS ; 2100 ; CAIXABANK, S.A. (2100) ; ES ; ESPAÑA ; 09 ; CATALUÑA           ; 25 ; Lleida ; 120 ; LLEIDA ; PS GRAN PASSEIG DE RONDA 88 ; 25008 ; Operativas ; 
BP ; BANCOS ; 2100 ; CAIXABANK, S.A. (2100) ; ES ; ESPAÑA ; 09 ; CATALUÑA           ; 25 ; Lleida ; 120 ; LLEIDA ; AV BLONDEL 1 ; 25002 ; Operativas ; 
BP ; BANCOS ; 2100 ; CAIXABANK, S.A. (2100) ; ES ; ESPAÑA ; 09 ; CATALUÑA           ; 25 ; Lleida ; 120 ; LLEIDA ; CL HOSTAL DE LA BORDETA 2 ; 25001 ; Operativas ; 
BP ; BANCOS ; 2100 ; CAIXABANK, S.A. (2100) ; ES ; ESPAÑA ; 09 ; CATALUÑA           ; 25 ; Lleida ; 120 ; LLEIDA ; CL MARIOLA 10 ; 25003 ; Operativas ; 
BP ; BANCOS ; 2100 ; CAIXABANK, S.A. (2100) ; ES ; ESPAÑA ; 09 ; CATALUÑA           ; 25 ; Lleida ; 121 ; LES ; CL SANT JAUME 18 ; 25540 ; Operativas ; 
BP ; BANCOS ; 2100 ; CAIXABANK, S.A. (2100) ; ES ; ESPAÑA ; 09 ; CATALUÑA           ; 25 ; Lleida ; 122 ; LINYOLA ; CL FRANCESC MORAGAS 3 ; 25240 ; Operativas ; 
BP ; BANCOS ; 2100 ; CAIXABANK, S.A. (2100) ; ES ; ESPAÑA ; 09 ; CATALUÑA           ; 25 ; Lleida ; 126 ; LLAVORSI ; CR VALL D'ARAN 7 ; 25595 ; Operativas ; 
BP ; BANCOS ; 2100 ; CAIXABANK, S.A. (2100) ; ES ; ESPAÑA ; 09 ; CATALUÑA           ; 25 ; Lleida ; 133 ; MAIALS ; CL BARCELONETA 6 ; 25179 ; Operativas ; 
BP ; BANCOS ; 2100 ; CAIXABANK, S.A. (2100) ; ES ; ESPAÑA ; 09 ; CATALUÑA           ; 25 ; Lleida ; 134 ; MENÀRGUENS ; CL MAJOR 32 ; 25139 ; Operativas ; 
BP ; BANCOS ; 2100 ; CAIXABANK, S.A. (2100) ; ES ; ESPAÑA ; 09 ; CATALUÑA           ; 25 ; Lleida ; 135 ; MIRALCAMP ; ZZ C. CREU 00015 ; 25242 ; Operativas ; 
BP ; BANCOS ; 2100 ; CAIXABANK, S.A. (2100) ; ES ; ESPAÑA ; 09 ; CATALUÑA           ; 25 ; Lleida ; 137 ; MOLLERUSSA ; PZ DE L'AJUNTAMENT 5 ; 25230 ; Operativas ; 
BP ; BANCOS ; 2100 ; CAIXABANK, S.A. (2100) ; ES ; ESPAÑA ; 09 ; CATALUÑA           ; 25 ; Lleida ; 138 ; MONTGAI ; AV  DE LA GENERALITAT 00003 ; 25616 ; Operativas ; 
BP ; BANCOS ; 2100 ; CAIXABANK, S.A. (2100) ; ES ; ESPAÑA ; 09 ; CATALUÑA           ; 25 ; Lleida ; 139 ; MONTELLÀ I MARTINET ; CL SEGRE 13 ; 25724 ; Operativas ; 
BP ; BANCOS ; 2100 ; CAIXABANK, S.A. (2100) ; ES ; ESPAÑA ; 09 ; CATALUÑA           ; 25 ; Lleida ; 149 ; OLIANA ; AV  DE L'ALT URGELL 00035 ; 25790 ; Operativas ; 
BP ; BANCOS ; 2100 ; CAIXABANK, S.A. (2100) ; ES ; ESPAÑA ; 09 ; CATALUÑA           ; 25 ; Lleida ; 155 ; ORGANYÀ ; PZ HOMILIES 1 ; 25794 ; Operativas ; 
BP ; BANCOS ; 2100 ; CAIXABANK, S.A. (2100) ; ES ; ESPAÑA ; 09 ; CATALUÑA           ; 25 ; Lleida ; 158 ; PALAU D'ANGLESOLA (EL) ; CL ROSER 2 ; 25243 ; Operativas ; 
BP ; BANCOS ; 2100 ; CAIXABANK, S.A. (2100) ; ES ; ESPAÑA ; 09 ; CATALUÑA           ; 25 ; Lleida ; 164 ; PENELLES ; CR DE CASTELLSERÀ 1 ; 25335 ; Operativas ; 
BP ; BANCOS ; 2100 ; CAIXABANK, S.A. (2100) ; ES ; ESPAÑA ; 09 ; CATALUÑA           ; 25 ; Lleida ; 171 ; POBLA DE SEGUR (LA) ; AV  SANT MIQUEL DEL PUI 00051 ; 25500 ; Operativas ; 
BP ; BANCOS ; 2100 ; CAIXABANK, S.A. (2100) ; ES ; ESPAÑA ; 09 ; CATALUÑA           ; 25 ; Lleida ; 172 ; PONTS ; PZ PLANELL 15 ; 25740 ; Operativas ; 
BP ; BANCOS ; 2100 ; CAIXABANK, S.A. (2100) ; ES ; ESPAÑA ; 09 ; CATALUÑA           ; 25 ; Lleida ; 173 ; PONT DE SUERT (EL) ; CL SANT SEBASTIÀ 10 ; 25520 ; Operativas ; 
BP ; BANCOS ; 2100 ; CAIXABANK, S.A. (2100) ; ES ; ESPAÑA ; 09 ; CATALUÑA           ; 25 ; Lleida ; 183 ; RIALP ; AV  FLORA CADENA 00011 ; 25594 ; Operativas ; 
BP ; BANCOS ; 2100 ; CAIXABANK, S.A. (2100) ; ES ; ESPAÑA ; 09 ; CATALUÑA           ; 25 ; Lleida ; 189 ; ROSSELLO ; CL MAJOR 49 ; 25124 ; Operativas ; 
BP ; BANCOS ; 2100 ; CAIXABANK, S.A. (2100) ; ES ; ESPAÑA ; 09 ; CATALUÑA           ; 25 ; Lleida ; 193 ; SANT LLORENÇ DE MORUNYS ; CL FRANCESC MORAGAS 1 ; 25282 ; Operativas ; 
BP ; BANCOS ; 2100 ; CAIXABANK, S.A. (2100) ; ES ; ESPAÑA ; 09 ; CATALUÑA           ; 25 ; Lleida ; 203 ; SEU D'URGELL (LA) ; CL JOSEP DE ZULULETA 12 ; 25700 ; Operativas ; 
BP ; BANCOS ; 2100 ; CAIXABANK, S.A. (2100) ; ES ; ESPAÑA ; 09 ; CATALUÑA           ; 25 ; Lleida ; 204 ; SERÒS ; CL FIRA 12 ; 25183 ; Operativas ; 
BP ; BANCOS ; 2100 ; CAIXABANK, S.A. (2100) ; ES ; ESPAÑA ; 09 ; CATALUÑA           ; 25 ; Lleida ; 207 ; SOLSONA ; AV DEL PONT 9 ; 25280 ; Operativas ; 
BP ; BANCOS ; 2100 ; CAIXABANK, S.A. (2100) ; ES ; ESPAÑA ; 09 ; CATALUÑA           ; 25 ; Lleida ; 209 ; SORT ; AV  DELS COMTES DE PALLARS 00042 ; 25560 ; Operativas ; 
BP ; BANCOS ; 2100 ; CAIXABANK, S.A. (2100) ; ES ; ESPAÑA ; 09 ; CATALUÑA           ; 25 ; Lleida ; 210 ; SOSES ; ZZ ONZE DE SETEMBRE 00005 ; 25181 ; Operativas ; 
BP ; BANCOS ; 2100 ; CAIXABANK, S.A. (2100) ; ES ; ESPAÑA ; 09 ; CATALUÑA           ; 25 ; Lleida ; 217 ; TÀRREGA ; CL Sant Pere Claver 20 ; 25300 ; Operativas ; 
BP ; BANCOS ; 2100 ; CAIXABANK, S.A. (2100) ; ES ; ESPAÑA ; 09 ; CATALUÑA           ; 25 ; Lleida ; 217 ; TÀRREGA ; AV CATALUNYA 5 ; 25300 ; Operativas ; 
BP ; BANCOS ; 2100 ; CAIXABANK, S.A. (2100) ; ES ; ESPAÑA ; 09 ; CATALUÑA           ; 25 ; Lleida ; 220 ; TERMENS ; CL ESTACIÓ 13 ; 25670 ; Operativas ; 
BP ; BANCOS ; 2100 ; CAIXABANK, S.A. (2100) ; ES ; ESPAÑA ; 09 ; CATALUÑA           ; 25 ; Lleida ; 223 ; TORÀ ; ZZ PL. DE LA CREU - AV. SOLSONA  ; 25750 ; Operativas ; 
BP ; BANCOS ; 2100 ; CAIXABANK, S.A. (2100) ; ES ; ESPAÑA ; 09 ; CATALUÑA           ; 25 ; Lleida ; 225 ; TORNABOUS ; CL MAJOR 7 ; 25331 ; Operativas ; 
BP ; BANCOS ; 2100 ; CAIXABANK, S.A. (2100) ; ES ; ESPAÑA ; 09 ; CATALUÑA           ; 25 ; Lleida ; 226 ; TORREBESSES ; ZZ C. PORTAL 00003 ; 25176 ; Operativas ; 
BP ; BANCOS ; 2100 ; CAIXABANK, S.A. (2100) ; ES ; ESPAÑA ; 09 ; CATALUÑA           ; 25 ; Lleida ; 228 ; TORREFARRERA ; CL MARE DE DÉU DE MONTSERRAT 6 ; 25123 ; Operativas ; 
BP ; BANCOS ; 2100 ; CAIXABANK, S.A. (2100) ; ES ; ESPAÑA ; 09 ; CATALUÑA           ; 25 ; Lleida ; 230 ; TORREGROSSA ; CL LA BASSA 3 ; 25141 ; Operativas ; 
BP ; BANCOS ; 2100 ; CAIXABANK, S.A. (2100) ; ES ; ESPAÑA ; 09 ; CATALUÑA           ; 25 ; Lleida ; 232 ; TORRES DE SEGRE ; CL VALL 15 ; 25170 ; Operativas ; 
BP ; BANCOS ; 2100 ; CAIXABANK, S.A. (2100) ; ES ; ESPAÑA ; 09 ; CATALUÑA           ; 25 ; Lleida ; 234 ; TREMP ; RB DOCTOR PEARSON 11 ; 25620 ; Operativas ; 
BP ; BANCOS ; 2100 ; CAIXABANK, S.A. (2100) ; ES ; ESPAÑA ; 09 ; CATALUÑA           ; 25 ; Lleida ; 240 ; VALLFOGONA DE BALAGUER ; ZZ PL. SANT MIQUEL 00001 ; 25680 ; Operativas ; 
BP ; BANCOS ; 2100 ; CAIXABANK, S.A. (2100) ; ES ; ESPAÑA ; 09 ; CATALUÑA           ; 25 ; Lleida ; 242 ; VERDU ; PZ MAJOR 21 ; 25340 ; Operativas ; 
BP ; BANCOS ; 2100 ; CAIXABANK, S.A. (2100) ; ES ; ESPAÑA ; 09 ; CATALUÑA           ; 25 ; Lleida ; 243 ; VIELHA E MIJARAN ; AV DETH PAS D' ARRO 7 ; 25530 ; Operativas ; 
BP ; BANCOS ; 2100 ; CAIXABANK, S.A. (2100) ; ES ; ESPAÑA ; 09 ; CATALUÑA           ; 25 ; Lleida ; 245 ; VILALLER ; AV DEL PROGRES 15 ; 25552 ; Operativas ; 
BP ; BANCOS ; 2100 ; CAIXABANK, S.A. (2100) ; ES ; ESPAÑA ; 09 ; CATALUÑA           ; 25 ; Lleida ; 251 ; VILANOVA DE SEGRIÀ ; CL MAJOR 13 ; 25133 ; Operativas ; 
BP ; BANCOS ; 2100 ; CAIXABANK, S.A. (2100) ; ES ; ESPAÑA ; 09 ; CATALUÑA           ; 25 ; Lleida ; 254 ; VILANOVA DE LA BARCA ; ZZ C. GRAN VIA 00008 ; 25690 ; Operativas ; 
BP ; BANCOS ; 2100 ; CAIXABANK, S.A. (2100) ; ES ; ESPAÑA ; 09 ; CATALUÑA           ; 25 ; Lleida ; 255 ; VINAIXA ; CR DE LLEIDA 6 ; 25440 ; Operativas ; 
BP ; BANCOS ; 2100 ; CAIXABANK, S.A. (2100) ; ES ; ESPAÑA ; 09 ; CATALUÑA           ; 43 ; Tarragona ; 004 ; ALCANAR ; CL GENERALITAT 4 ; 43530 ; Operativas ; 
BP ; BANCOS ; 2100 ; CAIXABANK, S.A. (2100) ; ES ; ESPAÑA ; 09 ; CATALUÑA           ; 43 ; Tarragona ; 005 ; ALCOVER ; AV  DE REUS 00009 ; 43460 ; Operativas ; 
BP ; BANCOS ; 2100 ; CAIXABANK, S.A. (2100) ; ES ; ESPAÑA ; 09 ; CATALUÑA           ; 43 ; Tarragona ; 012 ; ALTAFULLA ; CL DE DALT 40 ; 43893 ; Operativas ; 
BP ; BANCOS ; 2100 ; CAIXABANK, S.A. (2100) ; ES ; ESPAÑA ; 09 ; CATALUÑA           ; 43 ; Tarragona ; 013 ; AMETLLA DE MAR (L') ; CL SANT JOAN 44 ; 43860 ; Operativas ; 
BP ; BANCOS ; 2100 ; CAIXABANK, S.A. (2100) ; ES ; ESPAÑA ; 09 ; CATALUÑA           ; 43 ; Tarragona ; 014 ; AMPOSTA ; CL ALCALDE PALAU 59 ; 43870 ; Operativas ; 
BP ; BANCOS ; 2100 ; CAIXABANK, S.A. (2100) ; ES ; ESPAÑA ; 09 ; CATALUÑA           ; 43 ; Tarragona ; 016 ; ARBOÇ (L') ; RB JOSEP GENER 8 ; 43720 ; Operativas ; 
BP ; BANCOS ; 2100 ; CAIXABANK, S.A. (2100) ; ES ; ESPAÑA ; 09 ; CATALUÑA           ; 43 ; Tarragona ; 019 ; ASCO ; CR DE CAMPOSINES 17 ; 43791 ; Operativas ; 
BP ; BANCOS ; 2100 ; CAIXABANK, S.A. (2100) ; ES ; ESPAÑA ; 09 ; CATALUÑA           ; 43 ; Tarragona ; 020 ; BANYERES DEL PENEDÈS ; ZZ PL. ONZE DE SETEMBRE 00005 ; 43711 ; Operativas ; 
BP ; BANCOS ; 2100 ; CAIXABANK, S.A. (2100) ; ES ; ESPAÑA ; 09 ; CATALUÑA           ; 43 ; Tarragona ; 021 ; BARBERÀ DE LA CONCA ; CL MAJOR 7 ; 43422 ; Operativas ; 
BP ; BANCOS ; 2100 ; CAIXABANK, S.A. (2100) ; ES ; ESPAÑA ; 09 ; CATALUÑA           ; 43 ; Tarragona ; 022 ; BATEA ; AV   TERRA ALTA 00028 ; 43786 ; Operativas ; 
BP ; BANCOS ; 2100 ; CAIXABANK, S.A. (2100) ; ES ; ESPAÑA ; 09 ; CATALUÑA           ; 43 ; Tarragona ; 024 ; BELLVEI ; AV  ASSUMPCIO 00002 ; 43719 ; Operativas ; 
BP ; BANCOS ; 2100 ; CAIXABANK, S.A. (2100) ; ES ; ESPAÑA ; 09 ; CATALUÑA           ; 43 ; Tarragona ; 028 ; BISBAL DEL PENEDÈS (LA) ; CL MAJOR 26 ; 43717 ; Operativas ; 
BP ; BANCOS ; 2100 ; CAIXABANK, S.A. (2100) ; ES ; ESPAÑA ; 09 ; CATALUÑA           ; 43 ; Tarragona ; 031 ; BORGES DEL CAMP (LES) ; AV Sra. Magdalena Martorell 00083 ; 43350 ; Operativas ; 
BP ; BANCOS ; 2100 ; CAIXABANK, S.A. (2100) ; ES ; ESPAÑA ; 09 ; CATALUÑA           ; 43 ; Tarragona ; 037 ; CALAFELL ; AV DEL VILARENC 5 ; 43820 ; Operativas ; 
BP ; BANCOS ; 2100 ; CAIXABANK, S.A. (2100) ; ES ; ESPAÑA ; 09 ; CATALUÑA           ; 43 ; Tarragona ; 038 ; CAMBRILS ; ZZ SANT JORDI 3 ; 43850 ; Operativas ; 
BP ; BANCOS ; 2100 ; CAIXABANK, S.A. (2100) ; ES ; ESPAÑA ; 09 ; CATALUÑA           ; 43 ; Tarragona ; 038 ; CAMBRILS ; PZ MARQUÉS DE MARIANO 1 ; 43850 ; Operativas ; 
BP ; BANCOS ; 2100 ; CAIXABANK, S.A. (2100) ; ES ; ESPAÑA ; 09 ; CATALUÑA           ; 43 ; Tarragona ; 042 ; CASTELLVELL DEL CAMP ; ZZ C. POMPEU FABRA 00011 ; 43392 ; Operativas ; 
BP ; BANCOS ; 2100 ; CAIXABANK, S.A. (2100) ; ES ; ESPAÑA ; 09 ; CATALUÑA           ; 43 ; Tarragona ; 044 ; SENIA (LA) ; CL TARRAGONA 1 ; 43560 ; Operativas ; 
BP ; BANCOS ; 2100 ; CAIXABANK, S.A. (2100) ; ES ; ESPAÑA ; 09 ; CATALUÑA           ; 43 ; Tarragona ; 047 ; CONSTANTI ; CL MAJOR 73 ; 43120 ; Operativas ; 
BP ; BANCOS ; 2100 ; CAIXABANK, S.A. (2100) ; ES ; ESPAÑA ; 09 ; CATALUÑA           ; 43 ; Tarragona ; 048 ; CORBERA D'EBRE ; AV  DE CATALUNYA 00003 ; 43784 ; Operativas ; 
BP ; BANCOS ; 2100 ; CAIXABANK, S.A. (2100) ; ES ; ESPAÑA ; 09 ; CATALUÑA           ; 43 ; Tarragona ; 050 ; CREIXELL ; CL ESGLÈSIA 1 ; 43839 ; Operativas ; 
BP ; BANCOS ; 2100 ; CAIXABANK, S.A. (2100) ; ES ; ESPAÑA ; 09 ; CATALUÑA           ; 43 ; Tarragona ; 051 ; CUNIT ; AV BARCELONA 68 ; 43881 ; Operativas ; 
BP ; BANCOS ; 2100 ; CAIXABANK, S.A. (2100) ; ES ; ESPAÑA ; 09 ; CATALUÑA           ; 43 ; Tarragona ; 052 ; XERTA ; AV  TERRES DE L'EBRE 00021 ; 43592 ; Operativas ; 
BP ; BANCOS ; 2100 ; CAIXABANK, S.A. (2100) ; ES ; ESPAÑA ; 09 ; CATALUÑA           ; 43 ; Tarragona ; 054 ; ESPLUGA DE FRANCOLI (L') ; CL SANT BLAI 16 ; 43440 ; Operativas ; 
BP ; BANCOS ; 2100 ; CAIXABANK, S.A. (2100) ; ES ; ESPAÑA ; 09 ; CATALUÑA           ; 43 ; Tarragona ; 055 ; FALSET ; PZ DE LA QUARTERA 34 ; 43730 ; Operativas ; 
BP ; BANCOS ; 2100 ; CAIXABANK, S.A. (2100) ; ES ; ESPAÑA ; 09 ; CATALUÑA           ; 43 ; Tarragona ; 056 ; FATARELLA (LA) ; CL VALL D'ESTUDI S/N ; 43781 ; Operativas ; 
BP ; BANCOS ; 2100 ; CAIXABANK, S.A. (2100) ; ES ; ESPAÑA ; 09 ; CATALUÑA           ; 43 ; Tarragona ; 060 ; FLIX ; CL SANT JORDI 23 ; 43750 ; Operativas ; 
BP ; BANCOS ; 2100 ; CAIXABANK, S.A. (2100) ; ES ; ESPAÑA ; 09 ; CATALUÑA           ; 43 ; Tarragona ; 064 ; GANDESA ; PZ DEL COMERÇ 3 ; 43780 ; Operativas ; 
BP ; BANCOS ; 2100 ; CAIXABANK, S.A. (2100) ; ES ; ESPAÑA ; 09 ; CATALUÑA           ; 43 ; Tarragona ; 071 ; HORTA DE SANT JOAN ; PZ CATALUNYA 2 ; 43596 ; Operativas ; 
BP ; BANCOS ; 2100 ; CAIXABANK, S.A. (2100) ; ES ; ESPAÑA ; 09 ; CATALUÑA           ; 43 ; Tarragona ; 074 ; LLORENÇ DEL PENEDÈS ; RB MARINADA 4 ; 43712 ; Operativas ; 
BP ; BANCOS ; 2100 ; CAIXABANK, S.A. (2100) ; ES ; ESPAÑA ; 09 ; CATALUÑA           ; 43 ; Tarragona ; 086 ; MONTBLANC ; CL MURALLA SANTA TECLA 34 ; 43400 ; Operativas ; 
BP ; BANCOS ; 2100 ; CAIXABANK, S.A. (2100) ; ES ; ESPAÑA ; 09 ; CATALUÑA           ; 43 ; Tarragona ; 088 ; MONTBRIO DEL CAMP ; AV  SANT JORDI 00002 ; 43340 ; Operativas ; 
BP ; BANCOS ; 2100 ; CAIXABANK, S.A. (2100) ; ES ; ESPAÑA ; 09 ; CATALUÑA           ; 43 ; Tarragona ; 092 ; MONTROIG DEL CAMP ; AV  BARCELONA 00140 ; 43892 ; Operativas ; 
BP ; BANCOS ; 2100 ; CAIXABANK, S.A. (2100) ; ES ; ESPAÑA ; 09 ; CATALUÑA           ; 43 ; Tarragona ; 092 ; MONTROIG DEL CAMP ; AV  CATALUNYA 00017 ; 43300 ; Operativas ; 
BP ; BANCOS ; 2100 ; CAIXABANK, S.A. (2100) ; ES ; ESPAÑA ; 09 ; CATALUÑA           ; 43 ; Tarragona ; 093 ; MORA D'EBRE ; CL ANTONI ASENS 16 ; 43740 ; Operativas ; 
BP ; BANCOS ; 2100 ; CAIXABANK, S.A. (2100) ; ES ; ESPAÑA ; 09 ; CATALUÑA           ; 43 ; Tarragona ; 094 ; MORA LA NOVA ; CL MAJOR 70 ; 43770 ; Operativas ; 
BP ; BANCOS ; 2100 ; CAIXABANK, S.A. (2100) ; ES ; ESPAÑA ; 09 ; CATALUÑA           ; 43 ; Tarragona ; 095 ; MORELL (EL) ; AV Tarragona 11 ; 43760 ; Operativas ; 
BP ; BANCOS ; 2100 ; CAIXABANK, S.A. (2100) ; ES ; ESPAÑA ; 09 ; CATALUÑA           ; 43 ; Tarragona ; 100 ; PALLARESOS (ELS) ; ZZ CARRER ALT 00019 ; 43151 ; Operativas ; 
BP ; BANCOS ; 2100 ; CAIXABANK, S.A. (2100) ; ES ; ESPAÑA ; 09 ; CATALUÑA           ; 43 ; Tarragona ; 104 ; PERELLO (EL) ; CL LLUÍS COMPANYS 3 ; 43519 ; Operativas ; 
BP ; BANCOS ; 2100 ; CAIXABANK, S.A. (2100) ; ES ; ESPAÑA ; 09 ; CATALUÑA           ; 43 ; Tarragona ; 108 ; PLA DE SANTA MARIA (EL) ; CL RERIA 38 ; 43810 ; Operativas ; 
BP ; BANCOS ; 2100 ; CAIXABANK, S.A. (2100) ; ES ; ESPAÑA ; 09 ; CATALUÑA           ; 43 ; Tarragona ; 111 ; POBLA DE MONTORNÈS (LA) ; ZZ PASSATGE DE L'ESTACIO - POBLET  ; 43761 ; Operativas ; 
BP ; BANCOS ; 2100 ; CAIXABANK, S.A. (2100) ; ES ; ESPAÑA ; 09 ; CATALUÑA           ; 43 ; Tarragona ; 113 ; PONT D'ARMENTERA (EL) ; CL SANT JORDI 6 ; 43817 ; Operativas ; 
BP ; BANCOS ; 2100 ; CAIXABANK, S.A. (2100) ; ES ; ESPAÑA ; 09 ; CATALUÑA           ; 43 ; Tarragona ; 116 ; PRADES ; CL SANT ROC 15 ; 43364 ; Operativas ; 
BP ; BANCOS ; 2100 ; CAIXABANK, S.A. (2100) ; ES ; ESPAÑA ; 09 ; CATALUÑA           ; 43 ; Tarragona ; 123 ; REUS ; AV SAN BERNAT CALBÓ 27 ; 43205 ; Operativas ; 
BP ; BANCOS ; 2100 ; CAIXABANK, S.A. (2100) ; ES ; ESPAÑA ; 09 ; CATALUÑA           ; 43 ; Tarragona ; 123 ; REUS ; AV DOCTOR VILASECA 1 ; 43202 ; Operativas ; 
BP ; BANCOS ; 2100 ; CAIXABANK, S.A. (2100) ; ES ; ESPAÑA ; 09 ; CATALUÑA           ; 43 ; Tarragona ; 123 ; REUS ; PZ PINTOR FORTUNY 1 ; 43201 ; Operativas ; 
BP ; BANCOS ; 2100 ; CAIXABANK, S.A. (2100) ; ES ; ESPAÑA ; 09 ; CATALUÑA           ; 43 ; Tarragona ; 123 ; REUS ; PZ PRIM 12 ; 43201 ; Operativas ; 
BP ; BANCOS ; 2100 ; CAIXABANK, S.A. (2100) ; ES ; ESPAÑA ; 09 ; CATALUÑA           ; 43 ; Tarragona ; 123 ; REUS ; CL RIERA DE MIRO 48 ; 43201 ; Operativas ; 
BP ; BANCOS ; 2100 ; CAIXABANK, S.A. (2100) ; ES ; ESPAÑA ; 09 ; CATALUÑA           ; 43 ; Tarragona ; 123 ; REUS ; PZ De la Pastoreta 1 ; 43202 ; Operativas ; 
BP ; BANCOS ; 2100 ; CAIXABANK, S.A. (2100) ; ES ; ESPAÑA ; 09 ; CATALUÑA           ; 43 ; Tarragona ; 123 ; REUS ; AV PERE EL CERIMONIÓS 17 ; 43205 ; Operativas ; 
BP ; BANCOS ; 2100 ; CAIXABANK, S.A. (2100) ; ES ; ESPAÑA ; 09 ; CATALUÑA           ; 43 ; Tarragona ; 129 ; RIUDOMS ; PZ DE L' ESGLESIA 3 ; 43330 ; Operativas ; 
BP ; BANCOS ; 2100 ; CAIXABANK, S.A. (2100) ; ES ; ESPAÑA ; 09 ; CATALUÑA           ; 43 ; Tarragona ; 131 ; RODA DE BERÀ ; CL JOAN CARLES I 7 ; 43883 ; Operativas ; 
BP ; BANCOS ; 2100 ; CAIXABANK, S.A. (2100) ; ES ; ESPAÑA ; 09 ; CATALUÑA           ; 43 ; Tarragona ; 133 ; ROQUETES ; CL MAJOR 18 ; 43520 ; Operativas ; 
BP ; BANCOS ; 2100 ; CAIXABANK, S.A. (2100) ; ES ; ESPAÑA ; 09 ; CATALUÑA           ; 43 ; Tarragona ; 136 ; SANT CARLES DE LA RÀPITA ; PZ CARLOS III 27 ; 43540 ; Operativas ; 
BP ; BANCOS ; 2100 ; CAIXABANK, S.A. (2100) ; ES ; ESPAÑA ; 09 ; CATALUÑA           ; 43 ; Tarragona ; 137 ; SANT JAUME DELS DOMENYS ; CR CARRETERA 00010 ; 43713 ; Operativas ; 
BP ; BANCOS ; 2100 ; CAIXABANK, S.A. (2100) ; ES ; ESPAÑA ; 09 ; CATALUÑA           ; 43 ; Tarragona ; 138 ; SANTA BÀRBARA ; PZ CID I CID 4 ; 43570 ; Operativas ; 
BP ; BANCOS ; 2100 ; CAIXABANK, S.A. (2100) ; ES ; ESPAÑA ; 09 ; CATALUÑA           ; 43 ; Tarragona ; 139 ; SANTA COLOMA DE QUERALT ; CR DE MONTBLANC 19 ; 43420 ; Operativas ; 
BP ; BANCOS ; 2100 ; CAIXABANK, S.A. (2100) ; ES ; ESPAÑA ; 09 ; CATALUÑA           ; 43 ; Tarragona ; 142 ; SARRAL ; PZ DE L'ESTUDI 9 ; 43424 ; Operativas ; 
BP ; BANCOS ; 2100 ; CAIXABANK, S.A. (2100) ; ES ; ESPAÑA ; 09 ; CATALUÑA           ; 43 ; Tarragona ; 145 ; SELVA DEL CAMP (LA) ; ZZ PASSEIG JOSEP CRISTIA 00004 ; 43470 ; Operativas ; 
BP ; BANCOS ; 2100 ; CAIXABANK, S.A. (2100) ; ES ; ESPAÑA ; 09 ; CATALUÑA           ; 43 ; Tarragona ; 147 ; SOLIVELLA ; CL CARRETERA 50 ; 43412 ; Operativas ; 
BP ; BANCOS ; 2100 ; CAIXABANK, S.A. (2100) ; ES ; ESPAÑA ; 09 ; CATALUÑA           ; 43 ; Tarragona ; 148 ; TARRAGONA ; RB NOVA 100 ; 43001 ; Operativas ; 
BP ; BANCOS ; 2100 ; CAIXABANK, S.A. (2100) ; ES ; ESPAÑA ; 09 ; CATALUÑA           ; 43 ; Tarragona ; 148 ; TARRAGONA ; CL CRONISTA SESSE 11 ; 43002 ; Operativas ; 
BP ; BANCOS ; 2100 ; CAIXABANK, S.A. (2100) ; ES ; ESPAÑA ; 09 ; CATALUÑA           ; 43 ; Tarragona ; 148 ; TARRAGONA ; CL MONTBLANC 44 ; 43006 ; Operativas ; 
BP ; BANCOS ; 2100 ; CAIXABANK, S.A. (2100) ; ES ; ESPAÑA ; 09 ; CATALUÑA           ; 43 ; Tarragona ; 148 ; TARRAGONA ; CL RAMBLA NOVA 56 ; 43001 ; Operativas ; 
BP ; BANCOS ; 2100 ; CAIXABANK, S.A. (2100) ; ES ; ESPAÑA ; 09 ; CATALUÑA           ; 43 ; Tarragona ; 148 ; TARRAGONA ; RB PRESIDENT LLUIS COMPANYS 12 ; 43005 ; Operativas ; 
BP ; BANCOS ; 2100 ; CAIXABANK, S.A. (2100) ; ES ; ESPAÑA ; 09 ; CATALUÑA           ; 43 ; Tarragona ; 148 ; TARRAGONA ; CL EDIFICI EUROPA - A - S/N ; 43007 ; Operativas ; 
BP ; BANCOS ; 2100 ; CAIXABANK, S.A. (2100) ; ES ; ESPAÑA ; 09 ; CATALUÑA           ; 43 ; Tarragona ; 148 ; TARRAGONA ; RB NOVA 30 ; 43004 ; Operativas ; 
BP ; BANCOS ; 2100 ; CAIXABANK, S.A. (2100) ; ES ; ESPAÑA ; 09 ; CATALUÑA           ; 43 ; Tarragona ; 148 ; TARRAGONA ; PZ PONENT 6 ; 43001 ; Operativas ; 
BP ; BANCOS ; 2100 ; CAIXABANK, S.A. (2100) ; ES ; ESPAÑA ; 09 ; CATALUÑA           ; 43 ; Tarragona ; 148 ; TARRAGONA ; ZZ C. 21 - IMM. 33 BONAVISTA  ; 43100 ; Operativas ; 
BP ; BANCOS ; 2100 ; CAIXABANK, S.A. (2100) ; ES ; ESPAÑA ; 09 ; CATALUÑA           ; 43 ; Tarragona ; 148 ; TARRAGONA ; CL UNIO 29 ; 43001 ; Operativas ; 
BP ; BANCOS ; 2100 ; CAIXABANK, S.A. (2100) ; ES ; ESPAÑA ; 09 ; CATALUÑA           ; 43 ; Tarragona ; 148 ; TARRAGONA ; PZ JOSEP ROIG I RAVENTOS 13 ; 43005 ; Operativas ; 
BP ; BANCOS ; 2100 ; CAIXABANK, S.A. (2100) ; ES ; ESPAÑA ; 09 ; CATALUÑA           ; 43 ; Tarragona ; 148 ; TARRAGONA ; CL CRISTOFOL COLON 2 ; 43001 ; Operativas ; 
BP ; BANCOS ; 2100 ; CAIXABANK, S.A. (2100) ; ES ; ESPAÑA ; 09 ; CATALUÑA           ; 43 ; Tarragona ; 150 ; TIVISSA ; ZZ C. COSTA DE L'ERA 00011 ; 43746 ; Operativas ; 
BP ; BANCOS ; 2100 ; CAIXABANK, S.A. (2100) ; ES ; ESPAÑA ; 09 ; CATALUÑA           ; 43 ; Tarragona ; 153 ; TORREDEMBARRA ; ZZ PASSEIG DE LA SORT 17 ; 43830 ; Operativas ; 
BP ; BANCOS ; 2100 ; CAIXABANK, S.A. (2100) ; ES ; ESPAÑA ; 09 ; CATALUÑA           ; 43 ; Tarragona ; 155 ; TORTOSA ; CL ARNAU DE JARDI 00016 ; 43510 ; Operativas ; 
BP ; BANCOS ; 2100 ; CAIXABANK, S.A. (2100) ; ES ; ESPAÑA ; 09 ; CATALUÑA           ; 43 ; Tarragona ; 155 ; TORTOSA ; AV  MOLINS D'EN COMTE 00033 ; 43590 ; Operativas ; 
BP ; BANCOS ; 2100 ; CAIXABANK, S.A. (2100) ; ES ; ESPAÑA ; 09 ; CATALUÑA           ; 43 ; Tarragona ; 155 ; TORTOSA ; CL RICARD CIRERA 2 ; 43500 ; Operativas ; 
BP ; BANCOS ; 2100 ; CAIXABANK, S.A. (2100) ; ES ; ESPAÑA ; 09 ; CATALUÑA           ; 43 ; Tarragona ; 155 ; TORTOSA ; AV GENERALITAT 125 ; 43500 ; Operativas ; 
BP ; BANCOS ; 2100 ; CAIXABANK, S.A. (2100) ; ES ; ESPAÑA ; 09 ; CATALUÑA           ; 43 ; Tarragona ; 155 ; TORTOSA ; AV GENERALITAT 65 ; 43500 ; Operativas ; 
BP ; BANCOS ; 2100 ; CAIXABANK, S.A. (2100) ; ES ; ESPAÑA ; 09 ; CATALUÑA           ; 43 ; Tarragona ; 155 ; TORTOSA ; AV  COLON - VALENCIA  ; 43500 ; Operativas ; 
BP ; BANCOS ; 2100 ; CAIXABANK, S.A. (2100) ; ES ; ESPAÑA ; 09 ; CATALUÑA           ; 43 ; Tarragona ; 156 ; ULLDECONA ; CL SANT LLUC 2 ; 43550 ; Operativas ; 
BP ; BANCOS ; 2100 ; CAIXABANK, S.A. (2100) ; ES ; ESPAÑA ; 09 ; CATALUÑA           ; 43 ; Tarragona ; 157 ; ULLDEMOLINS ; ZZ C. MAJOR 00025 ; 43363 ; Operativas ; 
BP ; BANCOS ; 2100 ; CAIXABANK, S.A. (2100) ; ES ; ESPAÑA ; 09 ; CATALUÑA           ; 43 ; Tarragona ; 161 ; VALLS ; PZ EL PATI 15-A ; 43800 ; Operativas ; 
BP ; BANCOS ; 2100 ; CAIXABANK, S.A. (2100) ; ES ; ESPAÑA ; 09 ; CATALUÑA           ; 43 ; Tarragona ; 161 ; VALLS ; CL VALLVERA 3 ; 43800 ; Operativas ; 
BP ; BANCOS ; 2100 ; CAIXABANK, S.A. (2100) ; ES ; ESPAÑA ; 09 ; CATALUÑA           ; 43 ; Tarragona ; 162 ; VANDELLÒS I L'HOSPITALET DE L'INFANT ; ZZ VIA AUGUSTA 00039 ; 43890 ; Operativas ; 
BP ; BANCOS ; 2100 ; CAIXABANK, S.A. (2100) ; ES ; ESPAÑA ; 09 ; CATALUÑA           ; 43 ; Tarragona ; 163 ; VENDRELL (EL) ; AV CATALUNYA 1 ; 43700 ; Operativas ; 
BP ; BANCOS ; 2100 ; CAIXABANK, S.A. (2100) ; ES ; ESPAÑA ; 09 ; CATALUÑA           ; 43 ; Tarragona ; 163 ; VENDRELL (EL) ; CL SANT RAMON DE PENYAFORT 36 ; 43880 ; Operativas ; 
BP ; BANCOS ; 2100 ; CAIXABANK, S.A. (2100) ; ES ; ESPAÑA ; 09 ; CATALUÑA           ; 43 ; Tarragona ; 163 ; VENDRELL (EL) ; CR DOCTOR ROBERT 16 ; 43700 ; Operativas ; 
BP ; BANCOS ; 2100 ; CAIXABANK, S.A. (2100) ; ES ; ESPAÑA ; 09 ; CATALUÑA           ; 43 ; Tarragona ; 170 ; VILA-RODONA ; PZ CATALUNYA 1 ; 43814 ; Operativas ; 
BP ; BANCOS ; 2100 ; CAIXABANK, S.A. (2100) ; ES ; ESPAÑA ; 09 ; CATALUÑA           ; 43 ; Tarragona ; 171 ; VILA-SECA ; AV RAMON D'OLZINA - PARC RIERA S/N ; 43480 ; Operativas ; 
BP ; BANCOS ; 2100 ; CAIXABANK, S.A. (2100) ; ES ; ESPAÑA ; 09 ; CATALUÑA           ; 43 ; Tarragona ; 176 ; VIMBODI I POBLET ; CL MAJOR 70 ; 43430 ; Operativas ; 
BP ; BANCOS ; 2100 ; CAIXABANK, S.A. (2100) ; ES ; ESPAÑA ; 09 ; CATALUÑA           ; 43 ; Tarragona ; 178 ; VINYOLS I ELS ARCS ; AV  DE REUS 00002 ; 43391 ; Operativas ; 
BP ; BANCOS ; 2100 ; CAIXABANK, S.A. (2100) ; ES ; ESPAÑA ; 09 ; CATALUÑA           ; 43 ; Tarragona ; 901 ; DELTEBRE ; AV DE LES GOLES DE L 'EBRE 200 ; 43580 ; Operativas ; 
BP ; BANCOS ; 2100 ; CAIXABANK, S.A. (2100) ; ES ; ESPAÑA ; 09 ; CATALUÑA           ; 43 ; Tarragona ; 902 ; SANT JAUME D'ENVEJA ; CL MAJOR 122 ; 43877 ; Operativas ; 
BP ; BANCOS ; 2100 ; CAIXABANK, S.A. (2100) ; ES ; ESPAÑA ; 09 ; CATALUÑA           ; 43 ; Tarragona ; 903 ; CAMARLES ; PZ DIEGO DE LEÓN 2 ; 43894 ; Operativas ; 
BP ; BANCOS ; 2100 ; CAIXABANK, S.A. (2100) ; ES ; ESPAÑA ; 09 ; CATALUÑA           ; 43 ; Tarragona ; 904 ; ALDEA (L') ; AV  DE CATALUNYA 00314 ; 43896 ; Operativas ; 
BP ; BANCOS ; 2100 ; CAIXABANK, S.A. (2100) ; ES ; ESPAÑA ; 09 ; CATALUÑA           ; 43 ; Tarragona ; 905 ; SALOU ; ZZ VIA ROMA 00009 ; 43840 ; Operativas ; 
BP ; BANCOS ; 2100 ; CAIXABANK, S.A. (2100) ; ES ; ESPAÑA ; 09 ; CATALUÑA           ; 43 ; Tarragona ; 906 ; AMPOLLA (L') ; CL VITÒRIA 2 ; 43895 ; Operativas ; 
BP ; BANCOS ; 2100 ; CAIXABANK, S.A. (2100) ; ES ; ESPAÑA ; 09 ; CATALUÑA           ; 43 ; Tarragona ; 907 ; CANONJA (LA) ; CL RAVAL 84 ; 43110 ; Operativas ; 
BP ; BANCOS ; 2103 ; UNICAJA BANCO, S.A. (2103) ; ES ; ESPAÑA ; 09 ; CATALUÑA           ; 08 ; Barcelona ; 019 ; BARCELONA ; AV  DIAGONAL, 620 0 ; 08021 ; Operativas ; 
BP ; BANCOS ; 2103 ; UNICAJA BANCO, S.A. (2103) ; ES ; ESPAÑA ; 09 ; CATALUÑA           ; 08 ; Barcelona ; 019 ; BARCELONA ; PS FABRA Y PUIG 289 ; 08031 ; Operativas ; 
BP ; BANCOS ; 2103 ; UNICAJA BANCO, S.A. (2103) ; ES ; ESPAÑA ; 09 ; CATALUÑA           ; 08 ; Barcelona ; 019 ; BARCELONA ; CL ROCAFORT 2-4 ; 08015 ; Operativas ; 
BP ; BANCOS ; 2103 ; UNICAJA BANCO, S.A. (2103) ; ES ; ESPAÑA ; 09 ; CATALUÑA           ; 08 ; Barcelona ; 019 ; BARCELONA ; AV DIAGONAL 436 ; 08037 ; Operativas ; 
BP ; BANCOS ; 2103 ; UNICAJA BANCO, S.A. (2103) ; ES ; ESPAÑA ; 09 ; CATALUÑA           ; 08 ; Barcelona ; 019 ; BARCELONA ; CL DE LA INDUSTRIA 353 ; 08027 ; Operativas ; 
BP ; BANCOS ; 2103 ; UNICAJA BANCO, S.A. (2103) ; ES ; ESPAÑA ; 09 ; CATALUÑA           ; 08 ; Barcelona ; 019 ; BARCELONA ; CL ROGER DE LLURIA 37 ; 08009 ; Operativas ; 
BP ; BANCOS ; 2103 ; UNICAJA BANCO, S.A. (2103) ; ES ; ESPAÑA ; 09 ; CATALUÑA           ; 08 ; Barcelona ; 089 ; GAVÀ ; CL SANTACREU DE CALAFELL 82 ; 08850 ; Operativas ; 
BP ; BANCOS ; 2103 ; UNICAJA BANCO, S.A. (2103) ; ES ; ESPAÑA ; 09 ; CATALUÑA           ; 08 ; Barcelona ; 096 ; GRANOLLERS ; CL GIRONA 25 ; 08402 ; Operativas ; 
BP ; BANCOS ; 3183 ; ARQUIA BANK, S.A. (3183) ; ES ; ESPAÑA ; 09 ; CATALUÑA           ; 08 ; Barcelona ; 019 ; BARCELONA ; ZZ ARCS, 1  ; 08002 ; Operativas ; 
BP ; BANCOS ; 3183 ; ARQUIA BANK, S.A. (3183) ; ES ; ESPAÑA ; 09 ; CATALUÑA           ; 08 ; Barcelona ; 019 ; BARCELONA ; CL ROGER DE LLURIA 00104 ; 08037 ; Operativas ; 
BP ; BANCOS ; 3183 ; ARQUIA BANK, S.A. (3183) ; ES ; ESPAÑA ; 09 ; CATALUÑA           ; 08 ; Barcelona ; 019 ; BARCELONA ; CL VALENCIA 00223 ; 08007 ; Operativas ; 
BP ; BANCOS ; 3183 ; ARQUIA BANK, S.A. (3183) ; ES ; ESPAÑA ; 09 ; CATALUÑA           ; 08 ; Barcelona ; 019 ; BARCELONA ; CL BON PASTOR 00003 ; 08021 ; Operativas ; 
BP ; BANCOS ; 3183 ; ARQUIA BANK, S.A. (3183) ; ES ; ESPAÑA ; 09 ; CATALUÑA           ; 08 ; Barcelona ; 019 ; BARCELONA ; ZZ MANDRI, 51  ; 08022 ; Operativas ; 
BP ; BANCOS ; 3183 ; ARQUIA BANK, S.A. (3183) ; ES ; ESPAÑA ; 09 ; CATALUÑA           ; 08 ; Barcelona ; 019 ; BARCELONA ; CL ROGER DE LLURIA 104 ; 08038 ; Operativas ; 
BP ; BANCOS ; 3183 ; ARQUIA BANK, S.A. (3183) ; ES ; ESPAÑA ; 09 ; CATALUÑA           ; 17 ; Girona ; 079 ; GIRONA ; PZ PLAÇA DEL VI 4 ; 17004 ; Operativas ; 
BP ; BANCOS ; 3183 ; ARQUIA BANK, S.A. (3183) ; ES ; ESPAÑA ; 09 ; CATALUÑA           ; 25 ; Lleida ; 120 ; LLEIDA ; PZ SANT JOAN 00008 ; 25007 ; Operativas ; 
BP ; BANCOS ; 3183 ; ARQUIA BANK, S.A. (3183) ; ES ; ESPAÑA ; 09 ; CATALUÑA           ; 43 ; Tarragona ; 148 ; TARRAGONA ; CL ENGINYER CABESTANY 3 ; 43001 ; Operativas ; 
ECVM ; COMPRA VENTA M.E. ; 1702 ; EURODIVISAS, S.A. (1702) ; ES ; ESPAÑA ; 09 ; CATALUÑA           ; 08 ; Barcelona ; 019 ; BARCELONA ; CL RAMBLA 78 ; 08002 ; Operativas ; 
ECVM ; COMPRA VENTA M.E. ; 1702 ; EURODIVISAS, S.A. (1702) ; ES ; ESPAÑA ; 09 ; CATALUÑA           ; 08 ; Barcelona ; 019 ; BARCELONA ; CL LA RAMBLA 112 ; 08002 ; Operativas ; 
ECVM ; COMPRA VENTA M.E. ; 1702 ; EURODIVISAS, S.A. (1702) ; ES ; ESPAÑA ; 09 ; CATALUÑA           ; 08 ; Barcelona ; 019 ; BARCELONA ; ZZ AEROPUERTO JOSEP TARRADELLAS BARCELONA - EL PRAT 00101300179 S/N ; 08820 ; Operativas ; 
ECVM ; COMPRA VENTA M.E. ; 1702 ; EURODIVISAS, S.A. (1702) ; ES ; ESPAÑA ; 09 ; CATALUÑA           ; 08 ; Barcelona ; 019 ; BARCELONA ; ZZ AEROPUERTO JOSEP TARRADELLAS BARCELONA -  00311N30055 S/N ; 08820 ; Operativas ; 
ECVM ; COMPRA VENTA M.E. ; 1702 ; EURODIVISAS, S.A. (1702) ; ES ; ESPAÑA ; 09 ; CATALUÑA           ; 08 ; Barcelona ; 101 ; HOSPITALET DE LLOBREGAT(L') ; ZZ AEROPUERTO DE BARCELONA - EL PRAT T2 S/N ; 08820 ; Operativas ; 
ECVM ; COMPRA VENTA M.E. ; 1702 ; EURODIVISAS, S.A. (1702) ; ES ; ESPAÑA ; 09 ; CATALUÑA           ; 08 ; Barcelona ; 169 ; PRAT DE LLOBREGAT (EL) ; ZZ 10.	ZZ AEROPUERTO JOSEP TARRADELLAS BARCELONA - EL PRAT S/N ; 08820 ; Operativas ; 
ECVM ; COMPRA VENTA M.E. ; 1702 ; EURODIVISAS, S.A. (1702) ; ES ; ESPAÑA ; 09 ; CATALUÑA           ; 08 ; Barcelona ; 169 ; PRAT DE LLOBREGAT (EL) ; ZZ Aeropuerto Barcelona/El Prat S/N ; 08820 ; Operativas ; 
ECVM ; COMPRA VENTA M.E. ; 1702 ; EURODIVISAS, S.A. (1702) ; ES ; ESPAÑA ; 09 ; CATALUÑA           ; 08 ; Barcelona ; 169 ; PRAT DE LLOBREGAT (EL) ; ZZ Aeropuerto Barcelona-El Prat. Terminal 2. Salidas s/n ; 08820 ; Operativas ; 
ECVM ; COMPRA VENTA M.E. ; 1702 ; EURODIVISAS, S.A. (1702) ; ES ; ESPAÑA ; 09 ; CATALUÑA           ; 08 ; Barcelona ; 169 ; PRAT DE LLOBREGAT (EL) ; ZZ Aeropuerto Barcelona-El Prat. Terminal 1. Recogida Equipajes S/N ; 08820 ; Operativas ; 
ECVM ; COMPRA VENTA M.E. ; 1702 ; EURODIVISAS, S.A. (1702) ; ES ; ESPAÑA ; 09 ; CATALUÑA           ; 08 ; Barcelona ; 169 ; PRAT DE LLOBREGAT (EL) ; ZZ AEROPUERTO JOSEP TARRADELLAS BARCELONA - EL PRAT S/N ; 08820 ; Operativas ; 
ECVM ; COMPRA VENTA M.E. ; 1702 ; EURODIVISAS, S.A. (1702) ; ES ; ESPAÑA ; 09 ; CATALUÑA           ; 08 ; Barcelona ; 169 ; PRAT DE LLOBREGAT (EL) ; ZZ Aeropuerto Barcelona - El Prat. Terminal 1. Sky Centre. S/N ; 08820 ; Operativas ; 
ECVM ; COMPRA VENTA M.E. ; 1785 ; EUROCHANGE MONEY SERVICES, S.A. (1785) ; ES ; ESPAÑA ; 09 ; CATALUÑA           ; 08 ; Barcelona ; 019 ; BARCELONA ; CL CARRER DE SANTS 355 BAJO 5 ESQUINA CON CARRER DE BASSEGODA 355 ; 08028 ; Operativas ; 
ECVM ; COMPRA VENTA M.E. ; 1785 ; EUROCHANGE MONEY SERVICES, S.A. (1785) ; ES ; ESPAÑA ; 09 ; CATALUÑA           ; 08 ; Barcelona ; 056 ; CASTELLDEFELS ; CL JUAN DE LA CIERVA 17 ; 08860 ; Operativas ; 
ECVM ; COMPRA VENTA M.E. ; 1785 ; EUROCHANGE MONEY SERVICES, S.A. (1785) ; ES ; ESPAÑA ; 09 ; CATALUÑA           ; 17 ; Girona ; 095 ; LLORET DE MAR ; AV Vila de Blanes 10 ; 17310 ; Operativas ; 
ECVM ; COMPRA VENTA M.E. ; 1787 ; BEST AND FAST CHANGE ESPAÑA, S.A. (1787) ; ES ; ESPAÑA ; 09 ; CATALUÑA           ; 08 ; Barcelona ; 019 ; BARCELONA ; AV PORTAL DEL ANGEL 4 ; 08002 ; Operativas ; 
ECVM ; COMPRA VENTA M.E. ; 1787 ; BEST AND FAST CHANGE ESPAÑA, S.A. (1787) ; ES ; ESPAÑA ; 09 ; CATALUÑA           ; 08 ; Barcelona ; 019 ; BARCELONA ; CL LAS RAMBLAS 114 ; 08008 ; Operativas ; 
ECVM ; COMPRA VENTA M.E. ; 1788 ; EUROPOUND EXCHANGE, S.A. (1788) ; ES ; ESPAÑA ; 09 ; CATALUÑA           ; 08 ; Barcelona ; 019 ; BARCELONA ; CL PRINCESA 40 ; 08003 ; Operativas ; 
ECVM ; COMPRA VENTA M.E. ; 1788 ; EUROPOUND EXCHANGE, S.A. (1788) ; ES ; ESPAÑA ; 09 ; CATALUÑA           ; 08 ; Barcelona ; 019 ; BARCELONA ; CL CREU COBERTA 143 ; 08014 ; Operativas ; 
ECVM ; COMPRA VENTA M.E. ; 1788 ; EUROPOUND EXCHANGE, S.A. (1788) ; ES ; ESPAÑA ; 09 ; CATALUÑA           ; 08 ; Barcelona ; 019 ; BARCELONA ; AV GAUDI 87 ; 08025 ; Operativas ; 
ECVM ; COMPRA VENTA M.E. ; 1790 ; CHANGEGROUP SPAIN, S.A. (1790) ; ES ; ESPAÑA ; 09 ; CATALUÑA           ; 08 ; Barcelona ; 019 ; BARCELONA ; RB LA RAMBLA 88 ; 08002 ; Operativas ; 
ECVM ; COMPRA VENTA M.E. ; 1790 ; CHANGEGROUP SPAIN, S.A. (1790) ; ES ; ESPAÑA ; 09 ; CATALUÑA           ; 08 ; Barcelona ; 019 ; BARCELONA ; CL LAS RAMBLAS 129 ; 08002 ; Operativas ; 
ECVM ; COMPRA VENTA M.E. ; 1790 ; CHANGEGROUP SPAIN, S.A. (1790) ; ES ; ESPAÑA ; 09 ; CATALUÑA           ; 08 ; Barcelona ; 019 ; BARCELONA ; CL SARDENYA 311 ; 08025 ; Operativas ; 
ECVM ; COMPRA VENTA M.E. ; 1790 ; CHANGEGROUP SPAIN, S.A. (1790) ; ES ; ESPAÑA ; 09 ; CATALUÑA           ; 08 ; Barcelona ; 019 ; BARCELONA ; PS RAMBLAS 78 ; 08002 ; Operativas ; 
ECVM ; COMPRA VENTA M.E. ; 1793 ; CURRENCY MARKET, S.A. (1793) ; ES ; ESPAÑA ; 09 ; CATALUÑA           ; 08 ; Barcelona ; 019 ; BARCELONA ; CL VALENCIA 571 ; 08026 ; Operativas ; 
ECVM ; COMPRA VENTA M.E. ; 1793 ; CURRENCY MARKET, S.A. (1793) ; ES ; ESPAÑA ; 09 ; CATALUÑA           ; 08 ; Barcelona ; 019 ; BARCELONA ; CL Casanova 3 ; 08011 ; Operativas ; 
ECVM ; COMPRA VENTA M.E. ; 1793 ; CURRENCY MARKET, S.A. (1793) ; ES ; ESPAÑA ; 09 ; CATALUÑA           ; 08 ; Barcelona ; 187 ; SABADELL ; AV DE BARBERÁ 121 ; 08203 ; Operativas ; 
ECVM ; COMPRA VENTA M.E. ; 1793 ; CURRENCY MARKET, S.A. (1793) ; ES ; ESPAÑA ; 09 ; CATALUÑA           ; 08 ; Barcelona ; 194 ; SANT ADRIÀ DE BESÒS ; CL Mossen Josep Pons 1 ; 08930 ; Operativas ; 
ECVM ; COMPRA VENTA M.E. ; 1797 ; ASTRA EXCHANGE, S.A. (1797) ; ES ; ESPAÑA ; 09 ; CATALUÑA           ; 08 ; Barcelona ; 019 ; BARCELONA ; CL VALENCIA 425 ; 08013 ; Operativas ; 
ECVM ; COMPRA VENTA M.E. ; 1797 ; ASTRA EXCHANGE, S.A. (1797) ; ES ; ESPAÑA ; 09 ; CATALUÑA           ; 08 ; Barcelona ; 270 ; SITGES ; CL SINIA MORERA 5 ; 08870 ; Operativas ; 
CC ; COOPERATIVAS DE CREDITO ; 3025 ; CAIXA C. DELS ENGINYERS, S.C.C. (3025) ; ES ; ESPAÑA ; 09 ; CATALUÑA           ; 08 ; Barcelona ; 015 ; BADALONA ; AV President Companys 92 ; 08911 ; Operativas ; 
CC ; COOPERATIVAS DE CREDITO ; 3025 ; CAIXA C. DELS ENGINYERS, S.C.C. (3025) ; ES ; ESPAÑA ; 09 ; CATALUÑA           ; 08 ; Barcelona ; 019 ; BARCELONA ; CL CAMELIES 42 ; 08024 ; Operativas ; 
CC ; COOPERATIVAS DE CREDITO ; 3025 ; CAIXA C. DELS ENGINYERS, S.C.C. (3025) ; ES ; ESPAÑA ; 09 ; CATALUÑA           ; 08 ; Barcelona ; 019 ; BARCELONA ; AV VIA LAYETANA 39 ; 08003 ; Operativas ; 
CC ; COOPERATIVAS DE CREDITO ; 3025 ; CAIXA C. DELS ENGINYERS, S.C.C. (3025) ; ES ; ESPAÑA ; 09 ; CATALUÑA           ; 08 ; Barcelona ; 019 ; BARCELONA ; CL Córcega 408-410 S/N ; 08037 ; Operativas ; 
CC ; COOPERATIVAS DE CREDITO ; 3025 ; CAIXA C. DELS ENGINYERS, S.C.C. (3025) ; ES ; ESPAÑA ; 09 ; CATALUÑA           ; 08 ; Barcelona ; 019 ; BARCELONA ; PS MANUEL GIRONA 49 ; 08034 ; Operativas ; 
CC ; COOPERATIVAS DE CREDITO ; 3025 ; CAIXA C. DELS ENGINYERS, S.C.C. (3025) ; ES ; ESPAÑA ; 09 ; CATALUÑA           ; 08 ; Barcelona ; 019 ; BARCELONA ; RB RAMBLA CATALUNYA 8 ; 08007 ; Operativas ; 
CC ; COOPERATIVAS DE CREDITO ; 3025 ; CAIXA C. DELS ENGINYERS, S.C.C. (3025) ; ES ; ESPAÑA ; 09 ; CATALUÑA           ; 08 ; Barcelona ; 019 ; BARCELONA ; CL POTOSI 22 ; 08030 ; Operativas ; 
CC ; COOPERATIVAS DE CREDITO ; 3025 ; CAIXA C. DELS ENGINYERS, S.C.C. (3025) ; ES ; ESPAÑA ; 09 ; CATALUÑA           ; 08 ; Barcelona ; 019 ; BARCELONA ; AV GRAN VIA DE CARLES III 2 ; 08028 ; Operativas ; 
CC ; COOPERATIVAS DE CREDITO ; 3025 ; CAIXA C. DELS ENGINYERS, S.C.C. (3025) ; ES ; ESPAÑA ; 09 ; CATALUÑA           ; 08 ; Barcelona ; 019 ; BARCELONA ; AV VIA AUGUSTA 125 ; 08006 ; Operativas ; 
CC ; COOPERATIVAS DE CREDITO ; 3025 ; CAIXA C. DELS ENGINYERS, S.C.C. (3025) ; ES ; ESPAÑA ; 09 ; CATALUÑA           ; 08 ; Barcelona ; 019 ; BARCELONA ; CL CASP 88 ; 08010 ; Operativas ; 
CC ; COOPERATIVAS DE CREDITO ; 3025 ; CAIXA C. DELS ENGINYERS, S.C.C. (3025) ; ES ; ESPAÑA ; 09 ; CATALUÑA           ; 08 ; Barcelona ; 019 ; BARCELONA ; CL Compte Borrell 202-204 PB2 S/N ; 08029 ; Operativas ; 
CC ; COOPERATIVAS DE CREDITO ; 3025 ; CAIXA C. DELS ENGINYERS, S.C.C. (3025) ; ES ; ESPAÑA ; 09 ; CATALUÑA           ; 08 ; Barcelona ; 096 ; GRANOLLERS ; CL Alfons IV 86 ; 08401 ; Operativas ; 
CC ; COOPERATIVAS DE CREDITO ; 3025 ; CAIXA C. DELS ENGINYERS, S.C.C. (3025) ; ES ; ESPAÑA ; 09 ; CATALUÑA           ; 08 ; Barcelona ; 113 ; MANRESA ; CL MURALLA DEL CARME 20 ; 08241 ; Operativas ; 
CC ; COOPERATIVAS DE CREDITO ; 3025 ; CAIXA C. DELS ENGINYERS, S.C.C. (3025) ; ES ; ESPAÑA ; 09 ; CATALUÑA           ; 08 ; Barcelona ; 121 ; MATARO ; CM Ral de la Mercè 389 ; 08301 ; Operativas ; 
CC ; COOPERATIVAS DE CREDITO ; 3025 ; CAIXA C. DELS ENGINYERS, S.C.C. (3025) ; ES ; ESPAÑA ; 09 ; CATALUÑA           ; 08 ; Barcelona ; 187 ; SABADELL ; CL Indústria 18 ; 08202 ; Operativas ; 
CC ; COOPERATIVAS DE CREDITO ; 3025 ; CAIXA C. DELS ENGINYERS, S.C.C. (3025) ; ES ; ESPAÑA ; 09 ; CATALUÑA           ; 08 ; Barcelona ; 205 ; SANT CUGAT DEL VALLÈS ; CL ANGEL GUIMERA 5 ; 08172 ; Operativas ; 
CC ; COOPERATIVAS DE CREDITO ; 3025 ; CAIXA C. DELS ENGINYERS, S.C.C. (3025) ; ES ; ESPAÑA ; 09 ; CATALUÑA           ; 08 ; Barcelona ; 279 ; TERRASSA ; PS COMTE D'EGARA 1 ; 08221 ; Operativas ; 
CC ; COOPERATIVAS DE CREDITO ; 3025 ; CAIXA C. DELS ENGINYERS, S.C.C. (3025) ; ES ; ESPAÑA ; 09 ; CATALUÑA           ; 08 ; Barcelona ; 298 ; VIC ; RB RAMBLA DE L'HOSPITAL 4 ; 08500 ; Operativas ; 
CC ; COOPERATIVAS DE CREDITO ; 3025 ; CAIXA C. DELS ENGINYERS, S.C.C. (3025) ; ES ; ESPAÑA ; 09 ; CATALUÑA           ; 08 ; Barcelona ; 307 ; VILANOVA I LA GELTRU ; CL UNIÓ 104 ; 08800 ; Operativas ; 
CC ; COOPERATIVAS DE CREDITO ; 3025 ; CAIXA C. DELS ENGINYERS, S.C.C. (3025) ; ES ; ESPAÑA ; 09 ; CATALUÑA           ; 17 ; Girona ; 079 ; GIRONA ; CL EMILI GRAHIT 10 ; 17003 ; Operativas ; 
CC ; COOPERATIVAS DE CREDITO ; 3025 ; CAIXA C. DELS ENGINYERS, S.C.C. (3025) ; ES ; ESPAÑA ; 09 ; CATALUÑA           ; 25 ; Lleida ; 120 ; LLEIDA ; CL RAMON I CAJAL 4 ; 25003 ; Operativas ; 
CC ; COOPERATIVAS DE CREDITO ; 3025 ; CAIXA C. DELS ENGINYERS, S.C.C. (3025) ; ES ; ESPAÑA ; 09 ; CATALUÑA           ; 43 ; Tarragona ; 148 ; TARRAGONA ; AV MARQUES DE MONTOLIU 3 ; 43002 ; Operativas ; 
CC ; COOPERATIVAS DE CREDITO ; 3035 ; CAJA LABORAL POPULAR COOP. CREDITO (3035) ; ES ; ESPAÑA ; 09 ; CATALUÑA           ; 08 ; Barcelona ; 015 ; BADALONA ; CL CARRER DE FRANCESC LAYRET 179 ; 08911 ; Operativas ; 
CC ; COOPERATIVAS DE CREDITO ; 3035 ; CAJA LABORAL POPULAR COOP. CREDITO (3035) ; ES ; ESPAÑA ; 09 ; CATALUÑA           ; 08 ; Barcelona ; 019 ; BARCELONA ; RB DEL POBLENOU 120 ; 08005 ; Operativas ; 
CC ; COOPERATIVAS DE CREDITO ; 3035 ; CAJA LABORAL POPULAR COOP. CREDITO (3035) ; ES ; ESPAÑA ; 09 ; CATALUÑA           ; 08 ; Barcelona ; 019 ; BARCELONA ; AV DIAGONAL 382 ; 08037 ; Operativas ; 
CC ; COOPERATIVAS DE CREDITO ; 3035 ; CAJA LABORAL POPULAR COOP. CREDITO (3035) ; ES ; ESPAÑA ; 09 ; CATALUÑA           ; 08 ; Barcelona ; 019 ; BARCELONA ; CL MESTRE NICOLAU 00005 ; 08021 ; Operativas ; 
CC ; COOPERATIVAS DE CREDITO ; 3035 ; CAJA LABORAL POPULAR COOP. CREDITO (3035) ; ES ; ESPAÑA ; 09 ; CATALUÑA           ; 08 ; Barcelona ; 187 ; SABADELL ; RB RAMBLA 68 ; 08201 ; Operativas ; 
CC ; COOPERATIVAS DE CREDITO ; 3058 ; CAJAMAR CAJA RURAL, S.C.C. (3058) ; ES ; ESPAÑA ; 09 ; CATALUÑA           ; 08 ; Barcelona ; 015 ; BADALONA ; CL FRANCESC LAYRET 00149 ; 08911 ; Operativas ; 
CC ; COOPERATIVAS DE CREDITO ; 3058 ; CAJAMAR CAJA RURAL, S.C.C. (3058) ; ES ; ESPAÑA ; 09 ; CATALUÑA           ; 08 ; Barcelona ; 019 ; BARCELONA ; CL BALMES 00150 ; 08008 ; Operativas ; 
CC ; COOPERATIVAS DE CREDITO ; 3058 ; CAJAMAR CAJA RURAL, S.C.C. (3058) ; ES ; ESPAÑA ; 09 ; CATALUÑA           ; 08 ; Barcelona ; 019 ; BARCELONA ; PS FABRA I PUIG 00006 ; 08030 ; Operativas ; 
CC ; COOPERATIVAS DE CREDITO ; 3058 ; CAJAMAR CAJA RURAL, S.C.C. (3058) ; ES ; ESPAÑA ; 09 ; CATALUÑA           ; 08 ; Barcelona ; 019 ; BARCELONA ; PZ COMAS 00002 ; 08028 ; Operativas ; 
CC ; COOPERATIVAS DE CREDITO ; 3058 ; CAJAMAR CAJA RURAL, S.C.C. (3058) ; ES ; ESPAÑA ; 09 ; CATALUÑA           ; 08 ; Barcelona ; 056 ; CASTELLDEFELS ; PZ ESPANYA 00001 ; 08860 ; Operativas ; 
CC ; COOPERATIVAS DE CREDITO ; 3058 ; CAJAMAR CAJA RURAL, S.C.C. (3058) ; ES ; ESPAÑA ; 09 ; CATALUÑA           ; 08 ; Barcelona ; 073 ; CORNELLÀ DE LLOBREGAT ; AV ANSELMO CLAVE 00024 ; 08940 ; Operativas ; 
CC ; COOPERATIVAS DE CREDITO ; 3058 ; CAJAMAR CAJA RURAL, S.C.C. (3058) ; ES ; ESPAÑA ; 09 ; CATALUÑA           ; 08 ; Barcelona ; 096 ; GRANOLLERS ; CL ROGER DE FLOR 00103 ; 08400 ; Operativas ; 
CC ; COOPERATIVAS DE CREDITO ; 3058 ; CAJAMAR CAJA RURAL, S.C.C. (3058) ; ES ; ESPAÑA ; 09 ; CATALUÑA           ; 08 ; Barcelona ; 101 ; HOSPITALET DE LLOBREGAT(L') ; CL PROGRÉS 00038 ; 08903 ; Operativas ; 
CC ; COOPERATIVAS DE CREDITO ; 3058 ; CAJAMAR CAJA RURAL, S.C.C. (3058) ; ES ; ESPAÑA ; 09 ; CATALUÑA           ; 08 ; Barcelona ; 113 ; MANRESA ; CL PASSEIG PERE III 00020 ; 08240 ; Operativas ; 
CC ; COOPERATIVAS DE CREDITO ; 3058 ; CAJAMAR CAJA RURAL, S.C.C. (3058) ; ES ; ESPAÑA ; 09 ; CATALUÑA           ; 08 ; Barcelona ; 114 ; MARTORELL ; AV CAPITA FRANCES BATLLEVELL 00006 ; 08760 ; Operativas ; 
CC ; COOPERATIVAS DE CREDITO ; 3058 ; CAJAMAR CAJA RURAL, S.C.C. (3058) ; ES ; ESPAÑA ; 09 ; CATALUÑA           ; 08 ; Barcelona ; 121 ; MATARO ; CM RAL 00425 ; 08301 ; Operativas ; 
CC ; COOPERATIVAS DE CREDITO ; 3058 ; CAJAMAR CAJA RURAL, S.C.C. (3058) ; ES ; ESPAÑA ; 09 ; CATALUÑA           ; 08 ; Barcelona ; 123 ; MOLINS DE REI ; CL MAJOR 00024 ; 08750 ; Operativas ; 
CC ; COOPERATIVAS DE CREDITO ; 3058 ; CAJAMAR CAJA RURAL, S.C.C. (3058) ; ES ; ESPAÑA ; 09 ; CATALUÑA           ; 08 ; Barcelona ; 124 ; MOLLET DEL VALLÈS ; AV BURGOS 00007 ; 08100 ; Operativas ; 
CC ; COOPERATIVAS DE CREDITO ; 3058 ; CAJAMAR CAJA RURAL, S.C.C. (3058) ; ES ; ESPAÑA ; 09 ; CATALUÑA           ; 08 ; Barcelona ; 125 ; MONTCADA I REIXAC ; PZ LLUIS COMPANYS 00007 ; 08110 ; Operativas ; 
CC ; COOPERATIVAS DE CREDITO ; 3058 ; CAJAMAR CAJA RURAL, S.C.C. (3058) ; ES ; ESPAÑA ; 09 ; CATALUÑA           ; 08 ; Barcelona ; 184 ; RUBI ; PZ PROGRESO 00002 ; 08191 ; Operativas ; 
CC ; COOPERATIVAS DE CREDITO ; 3058 ; CAJAMAR CAJA RURAL, S.C.C. (3058) ; ES ; ESPAÑA ; 09 ; CATALUÑA           ; 08 ; Barcelona ; 187 ; SABADELL ; AV MATADEPERA 00054 ; 08207 ; Operativas ; 
CC ; COOPERATIVAS DE CREDITO ; 3058 ; CAJAMAR CAJA RURAL, S.C.C. (3058) ; ES ; ESPAÑA ; 09 ; CATALUÑA           ; 08 ; Barcelona ; 187 ; SABADELL ; CL LES TRES CREUS 00087 ; 08202 ; Operativas ; 
CC ; COOPERATIVAS DE CREDITO ; 3058 ; CAJAMAR CAJA RURAL, S.C.C. (3058) ; ES ; ESPAÑA ; 09 ; CATALUÑA           ; 08 ; Barcelona ; 245 ; SANTA COLOMA DE GRAMENET ; RB SANT SEBASTIA 36 ; 08922 ; Operativas ; 
CC ; COOPERATIVAS DE CREDITO ; 3058 ; CAJAMAR CAJA RURAL, S.C.C. (3058) ; ES ; ESPAÑA ; 09 ; CATALUÑA           ; 08 ; Barcelona ; 252 ; BARBERÀ DEL VALLÈS ; PS PINTOR MURILLO, ESQ. PASEO DEL DOCTOR MORAGAS 56 ; 08210 ; Operativas ; 
CC ; COOPERATIVAS DE CREDITO ; 3058 ; CAJAMAR CAJA RURAL, S.C.C. (3058) ; ES ; ESPAÑA ; 09 ; CATALUÑA           ; 08 ; Barcelona ; 266 ; CERDANYOLA DEL VALLÈS ; AV DE LA PRIMAVERA 24 ; 08290 ; Operativas ; 
CC ; COOPERATIVAS DE CREDITO ; 3058 ; CAJAMAR CAJA RURAL, S.C.C. (3058) ; ES ; ESPAÑA ; 09 ; CATALUÑA           ; 08 ; Barcelona ; 279 ; TERRASSA ; LG PORTAL SANT ROC 39 ; 08221 ; Operativas ; 
CC ; COOPERATIVAS DE CREDITO ; 3058 ; CAJAMAR CAJA RURAL, S.C.C. (3058) ; ES ; ESPAÑA ; 09 ; CATALUÑA           ; 08 ; Barcelona ; 298 ; VIC ; RB DAVALLADES 00002 ; 08500 ; Operativas ; 
CC ; COOPERATIVAS DE CREDITO ; 3058 ; CAJAMAR CAJA RURAL, S.C.C. (3058) ; ES ; ESPAÑA ; 09 ; CATALUÑA           ; 08 ; Barcelona ; 301 ; VILADECANS ; CL DOCTOR REIG 00034 ; 08840 ; Operativas ; 
CC ; COOPERATIVAS DE CREDITO ; 3058 ; CAJAMAR CAJA RURAL, S.C.C. (3058) ; ES ; ESPAÑA ; 09 ; CATALUÑA           ; 08 ; Barcelona ; 305 ; VILAFRANCA DEL PENEDÈS ; AV TARRAGONA 00033 ; 08720 ; Operativas ; 
CC ; COOPERATIVAS DE CREDITO ; 3058 ; CAJAMAR CAJA RURAL, S.C.C. (3058) ; ES ; ESPAÑA ; 09 ; CATALUÑA           ; 17 ; Girona ; 066 ; FIGUERES ; CL RUTLLA 19 ; 17600 ; Operativas ; 
CC ; COOPERATIVAS DE CREDITO ; 3058 ; CAJAMAR CAJA RURAL, S.C.C. (3058) ; ES ; ESPAÑA ; 09 ; CATALUÑA           ; 17 ; Girona ; 079 ; GIRONA ; ZZ GRAN VIA JAUME I 29 ; 17001 ; Operativas ; 
CC ; COOPERATIVAS DE CREDITO ; 3058 ; CAJAMAR CAJA RURAL, S.C.C. (3058) ; ES ; ESPAÑA ; 09 ; CATALUÑA           ; 17 ; Girona ; 114 ; OLOT ; CL Bisbe Lorenzana, Esq. J.P. Fontanella 6 ; 17800 ; Operativas ; 
CC ; COOPERATIVAS DE CREDITO ; 3058 ; CAJAMAR CAJA RURAL, S.C.C. (3058) ; ES ; ESPAÑA ; 09 ; CATALUÑA           ; 25 ; Lleida ; 120 ; LLEIDA ; RB Ferrán 20 ; 25007 ; Operativas ; 
CC ; COOPERATIVAS DE CREDITO ; 3058 ; CAJAMAR CAJA RURAL, S.C.C. (3058) ; ES ; ESPAÑA ; 09 ; CATALUÑA           ; 25 ; Lleida ; 217 ; TÀRREGA ; PZ DEL CARMEN 16 ; 25300 ; Operativas ; 
CC ; COOPERATIVAS DE CREDITO ; 3058 ; CAJAMAR CAJA RURAL, S.C.C. (3058) ; ES ; ESPAÑA ; 09 ; CATALUÑA           ; 43 ; Tarragona ; 038 ; CAMBRILS ; CL JUAN SEBASTIAN ELCANO 00011 ; 43850 ; Operativas ; 
CC ; COOPERATIVAS DE CREDITO ; 3058 ; CAJAMAR CAJA RURAL, S.C.C. (3058) ; ES ; ESPAÑA ; 09 ; CATALUÑA           ; 43 ; Tarragona ; 123 ; REUS ; PZ Mercadal 00017 ; 43201 ; Operativas ; 
CC ; COOPERATIVAS DE CREDITO ; 3058 ; CAJAMAR CAJA RURAL, S.C.C. (3058) ; ES ; ESPAÑA ; 09 ; CATALUÑA           ; 43 ; Tarragona ; 148 ; TARRAGONA ; AV PRAT DE LA RIBA 00035 ; 43001 ; Operativas ; 
CC ; COOPERATIVAS DE CREDITO ; 3058 ; CAJAMAR CAJA RURAL, S.C.C. (3058) ; ES ; ESPAÑA ; 09 ; CATALUÑA           ; 43 ; Tarragona ; 155 ; TORTOSA ; AV DE LA GENERALITAT 00151 ; 43500 ; Operativas ; 
CC ; COOPERATIVAS DE CREDITO ; 3058 ; CAJAMAR CAJA RURAL, S.C.C. (3058) ; ES ; ESPAÑA ; 09 ; CATALUÑA           ; 43 ; Tarragona ; 161 ; VALLS ; CL MOSSEN JACINT VERDAGUER 00001 ; 43800 ; Operativas ; 
CC ; COOPERATIVAS DE CREDITO ; 3060 ; C.R.BURGOS,FUENT.,SEGOV.Y CASTEL.SC (3060) ; ES ; ESPAÑA ; 09 ; CATALUÑA           ; 25 ; Lleida ; 067 ; CASTELLDANS ; CL BONAIRE 00011 ; 25154 ; Operativas ; 
CC ; COOPERATIVAS DE CREDITO ; 3067 ; C.R. DE JAEN, BARNA Y MADRID, SCC (3067) ; ES ; ESPAÑA ; 09 ; CATALUÑA           ; 08 ; Barcelona ; 101 ; HOSPITALET DE LLOBREGAT(L') ; CL DE BARCELONA 00146 ; 08901 ; Operativas ; 
CC ; COOPERATIVAS DE CREDITO ; 3080 ; CAJA R. DE TERUEL, S.C.C. (3080) ; ES ; ESPAÑA ; 09 ; CATALUÑA           ; 43 ; Tarragona ; 022 ; BATEA ; AV TERRA ALTA 8 ; 43786 ; Operativas ; 
CC ; COOPERATIVAS DE CREDITO ; 3080 ; CAJA R. DE TERUEL, S.C.C. (3080) ; ES ; ESPAÑA ; 09 ; CATALUÑA           ; 43 ; Tarragona ; 064 ; GANDESA ; CL MAYOR 4 ; 43780 ; Operativas ; 
CC ; COOPERATIVAS DE CREDITO ; 3140 ; CAJA R. DE GUISSONA, S.C.C. (3140) ; ES ; ESPAÑA ; 09 ; CATALUÑA           ; 08 ; Barcelona ; 019 ; BARCELONA ; CL DOCTOR FERRAN 3-5 ; 08034 ; Operativas ; 
CC ; COOPERATIVAS DE CREDITO ; 3140 ; CAJA R. DE GUISSONA, S.C.C. (3140) ; ES ; ESPAÑA ; 09 ; CATALUÑA           ; 25 ; Lleida ; 110 ; GUISSONA ; CL TRSPALAU 00008 ; 25210 ; Operativas ; 
CC ; COOPERATIVAS DE CREDITO ; 3140 ; CAJA R. DE GUISSONA, S.C.C. (3140) ; ES ; ESPAÑA ; 09 ; CATALUÑA           ; 25 ; Lleida ; 120 ; LLEIDA ; PS DE RONDA 00157 ; 25008 ; Operativas ; 
CC ; COOPERATIVAS DE CREDITO ; 3140 ; CAJA R. DE GUISSONA, S.C.C. (3140) ; ES ; ESPAÑA ; 09 ; CATALUÑA           ; 43 ; Tarragona ; 123 ; REUS ; CL RIERA MIRO 00019 ; 43205 ; Operativas ; 
CC ; COOPERATIVAS DE CREDITO ; 3191 ; CAJA RURAL DE ARAGON S.C.C. (3191) ; ES ; ESPAÑA ; 09 ; CATALUÑA           ; 08 ; Barcelona ; 019 ; BARCELONA ; RB GUIPUSCOA 109 ; 08020 ; Operativas ; 
CC ; COOPERATIVAS DE CREDITO ; 3191 ; CAJA RURAL DE ARAGON S.C.C. (3191) ; ES ; ESPAÑA ; 09 ; CATALUÑA           ; 25 ; Lleida ; 011 ; ALCARRÀS ; CL MAYOR 00124 ; 25180 ; Operativas ; 
CC ; COOPERATIVAS DE CREDITO ; 3191 ; CAJA RURAL DE ARAGON S.C.C. (3191) ; ES ; ESPAÑA ; 09 ; CATALUÑA           ; 25 ; Lleida ; 013 ; ALFARRÀS ; AV CATALUNYA 23 ; 25120 ; Operativas ; 
CC ; COOPERATIVAS DE CREDITO ; 3191 ; CAJA RURAL DE ARAGON S.C.C. (3191) ; ES ; ESPAÑA ; 09 ; CATALUÑA           ; 25 ; Lleida ; 021 ; ALMENAR ; CL CL SANT JOSEP . BAJOS 1 ; 25126 ; Operativas ; 
CC ; COOPERATIVAS DE CREDITO ; 3191 ; CAJA RURAL DE ARAGON S.C.C. (3191) ; ES ; ESPAÑA ; 09 ; CATALUÑA           ; 25 ; Lleida ; 040 ; BALAGUER ; CL URGELL 00074 ; 25600 ; Operativas ; 
CC ; COOPERATIVAS DE CREDITO ; 3191 ; CAJA RURAL DE ARAGON S.C.C. (3191) ; ES ; ESPAÑA ; 09 ; CATALUÑA           ; 25 ; Lleida ; 120 ; LLEIDA ; AV PRAT DE LA RIBA 00023 ; 25006 ; Operativas ; 
CC ; COOPERATIVAS DE CREDITO ; 3191 ; CAJA RURAL DE ARAGON S.C.C. (3191) ; ES ; ESPAÑA ; 09 ; CATALUÑA           ; 25 ; Lleida ; 120 ; LLEIDA ; CL RAMBLA FERRAN 41 ; 25007 ; Operativas ; 
CC ; COOPERATIVAS DE CREDITO ; 3191 ; CAJA RURAL DE ARAGON S.C.C. (3191) ; ES ; ESPAÑA ; 09 ; CATALUÑA           ; 25 ; Lleida ; 173 ; PONT DE SUERT (EL) ; CL MONESTIR LAVAIX 00008 ; 25520 ; Operativas ; 
EP ; ENTIDADES DE PAGO ; 6802 ; COMERCIA GLOBAL PAYMENTS, EP, S.L. (6802) ; ES ; ESPAÑA ; 09 ; CATALUÑA           ; 08 ; Barcelona ; 019 ; BARCELONA ; CL PROVENÇALS 39 ; 08019 ; Operativas ; 
EP ; ENTIDADES DE PAGO ; 6812 ; MONEY EXCHANGE, S.A. (6812) ; ES ; ESPAÑA ; 09 ; CATALUÑA           ; 08 ; Barcelona ; 019 ; BARCELONA ; CL Lepanto 271 ; 08013 ; Operativas ; 
EP ; ENTIDADES DE PAGO ; 6812 ; MONEY EXCHANGE, S.A. (6812) ; ES ; ESPAÑA ; 09 ; CATALUÑA           ; 08 ; Barcelona ; 019 ; BARCELONA ; CL REC COMTAL 5 ; 08003 ; Operativas ; 
EP ; ENTIDADES DE PAGO ; 6812 ; MONEY EXCHANGE, S.A. (6812) ; ES ; ESPAÑA ; 09 ; CATALUÑA           ; 08 ; Barcelona ; 019 ; BARCELONA ; CL MATA 1 ; 08004 ; Operativas ; 
EP ; ENTIDADES DE PAGO ; 6825 ; UNITED EUROPHIL EP, S.A. (6825) ; ES ; ESPAÑA ; 09 ; CATALUÑA           ; 08 ; Barcelona ; 015 ; BADALONA ; AV Alfonso XIII 554 ; 08913 ; Operativas ; 
EP ; ENTIDADES DE PAGO ; 6825 ; UNITED EUROPHIL EP, S.A. (6825) ; ES ; ESPAÑA ; 09 ; CATALUÑA           ; 08 ; Barcelona ; 019 ; BARCELONA ; CL Joaquin costa 12 ; 08001 ; Operativas ; 
EP ; ENTIDADES DE PAGO ; 6825 ; UNITED EUROPHIL EP, S.A. (6825) ; ES ; ESPAÑA ; 09 ; CATALUÑA           ; 08 ; Barcelona ; 019 ; BARCELONA ; CL Rio de Janeiro 3 ; 08016 ; Operativas ; 
EP ; ENTIDADES DE PAGO ; 6825 ; UNITED EUROPHIL EP, S.A. (6825) ; ES ; ESPAÑA ; 09 ; CATALUÑA           ; 08 ; Barcelona ; 019 ; BARCELONA ; CL Mallorca 364 ; 08013 ; Operativas ; 
EP ; ENTIDADES DE PAGO ; 6825 ; UNITED EUROPHIL EP, S.A. (6825) ; ES ; ESPAÑA ; 09 ; CATALUÑA           ; 08 ; Barcelona ; 019 ; BARCELONA ; AV Paralelo 138 ; 08015 ; Operativas ; 
EP ; ENTIDADES DE PAGO ; 6825 ; UNITED EUROPHIL EP, S.A. (6825) ; ES ; ESPAÑA ; 09 ; CATALUÑA           ; 08 ; Barcelona ; 019 ; BARCELONA ; CL Caceres 34 ; 08028 ; Operativas ; 
EP ; ENTIDADES DE PAGO ; 6825 ; UNITED EUROPHIL EP, S.A. (6825) ; ES ; ESPAÑA ; 09 ; CATALUÑA           ; 08 ; Barcelona ; 019 ; BARCELONA ; CL Muntaner 3 ; 08011 ; Operativas ; 
EP ; ENTIDADES DE PAGO ; 6825 ; UNITED EUROPHIL EP, S.A. (6825) ; ES ; ESPAÑA ; 09 ; CATALUÑA           ; 08 ; Barcelona ; 101 ; HOSPITALET DE LLOBREGAT(L') ; PZ De la libertad 10 ; 08905 ; Operativas ; 
EP ; ENTIDADES DE PAGO ; 6825 ; UNITED EUROPHIL EP, S.A. (6825) ; ES ; ESPAÑA ; 09 ; CATALUÑA           ; 08 ; Barcelona ; 101 ; HOSPITALET DE LLOBREGAT(L') ; CL Llobregat 114 ; 08904 ; Operativas ; 
EP ; ENTIDADES DE PAGO ; 6825 ; UNITED EUROPHIL EP, S.A. (6825) ; ES ; ESPAÑA ; 09 ; CATALUÑA           ; 08 ; Barcelona ; 245 ; SANTA COLOMA DE GRAMENET ; CL San Luis 55 ; 08921 ; Operativas ; 
EP ; ENTIDADES DE PAGO ; 6831 ; MACCORP EXACT CHANGE, E.P., S.A. (6831) ; ES ; ESPAÑA ; 09 ; CATALUÑA           ; 08 ; Barcelona ; 019 ; BARCELONA ; RB DE LAS FLORES 130 ; 08002 ; Operativas ; 
EP ; ENTIDADES DE PAGO ; 6831 ; MACCORP EXACT CHANGE, E.P., S.A. (6831) ; ES ; ESPAÑA ; 09 ; CATALUÑA           ; 08 ; Barcelona ; 019 ; BARCELONA ; AV DE LA CATEDRAL 1 ; 08002 ; Operativas ; 
EP ; ENTIDADES DE PAGO ; 6831 ; MACCORP EXACT CHANGE, E.P., S.A. (6831) ; ES ; ESPAÑA ; 09 ; CATALUÑA           ; 08 ; Barcelona ; 019 ; BARCELONA ; CL RAMBLA 125 ; 08002 ; Operativas ; 
EP ; ENTIDADES DE PAGO ; 6831 ; MACCORP EXACT CHANGE, E.P., S.A. (6831) ; ES ; ESPAÑA ; 09 ; CATALUÑA           ; 08 ; Barcelona ; 019 ; BARCELONA ; CL PROVENÇA 443 ; 08025 ; Operativas ; 
EP ; ENTIDADES DE PAGO ; 6831 ; MACCORP EXACT CHANGE, E.P., S.A. (6831) ; ES ; ESPAÑA ; 09 ; CATALUÑA           ; 08 ; Barcelona ; 019 ; BARCELONA ; CL RAMBLAS 128 ; 08002 ; Operativas ; 
EP ; ENTIDADES DE PAGO ; 6831 ; MACCORP EXACT CHANGE, E.P., S.A. (6831) ; ES ; ESPAÑA ; 09 ; CATALUÑA           ; 08 ; Barcelona ; 019 ; BARCELONA ; RB DE LOS ESTUDIOS 85 ; 08002 ; Operativas ; 
EP ; ENTIDADES DE PAGO ; 6842 ; RIA PAYMENT INSTITUTION, EP, S.A. (6842) ; ES ; ESPAÑA ; 09 ; CATALUÑA           ; 08 ; Barcelona ; 019 ; BARCELONA ; AV PARALLEL 76 ; 08001 ; Operativas ; 
EP ; ENTIDADES DE PAGO ; 6842 ; RIA PAYMENT INSTITUTION, EP, S.A. (6842) ; ES ; ESPAÑA ; 09 ; CATALUÑA           ; 08 ; Barcelona ; 019 ; BARCELONA ; CL LA RAMBLA 56 ; 08002 ; Operativas ; 
EP ; ENTIDADES DE PAGO ; 6842 ; RIA PAYMENT INSTITUTION, EP, S.A. (6842) ; ES ; ESPAÑA ; 09 ; CATALUÑA           ; 08 ; Barcelona ; 019 ; BARCELONA ; AV Las Ramblas 73 ; 08002 ; Operativas ; 
EP ; ENTIDADES DE PAGO ; 6852 ; BOA EUROSERVICES, S.A. (6852) ; ES ; ESPAÑA ; 09 ; CATALUÑA           ; 08 ; Barcelona ; 019 ; BARCELONA ; CL PUJADES 43 ; 08015 ; Operativas ; 
EFEP ; ESTABLEC. FINANC. CREDITO ENT. PAGO ; 8620 ; ABANCA SERVICIOS FINANCIEROS (8620) ; ES ; ESPAÑA ; 09 ; CATALUÑA           ; 08 ; Barcelona ; 019 ; BARCELONA ; AV GRAN VIA DE LES CORTS CATALANES 613 ; 08007 ; Operativas ; 
EFEP ; ESTABLEC. FINANC. CREDITO ENT. PAGO ; 8776 ; CAIXABANK PAYMENTS & CONSUMER (8776) ; ES ; ESPAÑA ; 09 ; CATALUÑA           ; 08 ; Barcelona ; 019 ; BARCELONA ; ZZ GRAN VIA CARLOS III 00087 ; 08028 ; Operativas ; 
EFC ; ESTABLECIMIENTOS FINANCIEROS ; 8308 ; FINANCIERA CARRION, S.A., E.F.C. (8308) ; ES ; ESPAÑA ; 09 ; CATALUÑA           ; 08 ; Barcelona ; 019 ; BARCELONA ; CL DEU I MATA 117 ; 08029 ; Operativas ; 
EFC ; ESTABLECIMIENTOS FINANCIEROS ; 8512 ; UNION CREDITOS INMOBILIARIOS (8512) ; ES ; ESPAÑA ; 09 ; CATALUÑA           ; 08 ; Barcelona ; 019 ; BARCELONA ; AV JOSEP TARRADELLAS 20-30 ; 08029 ; Operativas ; 
EFC ; ESTABLECIMIENTOS FINANCIEROS ; 8512 ; UNION CREDITOS INMOBILIARIOS (8512) ; ES ; ESPAÑA ; 09 ; CATALUÑA           ; 08 ; Barcelona ; 080 ; FIGOLS ; CL CALABRIA 169 ; 08015 ; Operativas ; 
EFC ; ESTABLECIMIENTOS FINANCIEROS ; 8596 ; UNION CTO. FIN. MOB. INM. CREDIFIMO (8596) ; ES ; ESPAÑA ; 09 ; CATALUÑA           ; 08 ; Barcelona ; 019 ; BARCELONA ; CL RIERA DE SAN MIGUEL 3 ; 08006 ; Operativas ; 
EFC ; ESTABLECIMIENTOS FINANCIEROS ; 8823 ; FINANCIERA ESPAÑOLA CREDITO DISTANC (8823) ; ES ; ESPAÑA ; 09 ; CATALUÑA           ; 08 ; Barcelona ; 019 ; BARCELONA ; ZZ ARAGON, 383, 5ª P 0 ; 08038 ; Operativas ; 
EFC ; ESTABLECIMIENTOS FINANCIEROS ; 8826 ; DEUTSCHE LEASING IBERICA, E.F.C, SA (8826) ; ES ; ESPAÑA ; 09 ; CATALUÑA           ; 08 ; Barcelona ; 101 ; HOSPITALET DE LLOBREGAT(L') ; PZ EUROPA, 9-11 8ª Planta (Edificio Inbisa) 9-11 ; 08908 ; Operativas ; 
SECC ; SUCURSALES COMUNITARIAS ; 0149 ; BNP PARIBAS S.A., S.E. (0149) ; ES ; ESPAÑA ; 09 ; CATALUÑA           ; 08 ; Barcelona ; 019 ; BARCELONA ; PS DE GRACIA 56 ; 08007 ; Operativas ; 
SECC ; SUCURSALES COMUNITARIAS ; 0220 ; BANCO FINANTIA, S.A., S.E. (0220) ; ES ; ESPAÑA ; 09 ; CATALUÑA           ; 08 ; Barcelona ; 019 ; BARCELONA ; PS  DE GRACIA 8-10 ; 08007 ; Operativas ; 
SECC ; SUCURSALES COMUNITARIAS ; 0226 ; UBS EUROPE SE, S.E. (0226) ; ES ; ESPAÑA ; 09 ; CATALUÑA           ; 08 ; Barcelona ; 019 ; BARCELONA ; ZZ AVDA. DIAGONAL, 640 - 2 A  ; 08017 ; Operativas ; 
SECC ; SUCURSALES COMUNITARIAS ; 1451 ; CAISSE REG.CREDIT AGRICOLE MUTUEL (1451) ; ES ; ESPAÑA ; 09 ; CATALUÑA           ; 08 ; Barcelona ; 019 ; BARCELONA ; CL CORCEGA 301 ; 08008 ; Operativas ; 
SECC ; SUCURSALES COMUNITARIAS ; 1465 ; ING BANK, N.V. S.E. (1465) ; ES ; ESPAÑA ; 09 ; CATALUÑA           ; 08 ; Barcelona ; 019 ; BARCELONA ; AV DIAGONAL 00475 ; 08036 ; Operativas ; 
SECC ; SUCURSALES COMUNITARIAS ; 1465 ; ING BANK, N.V. S.E. (1465) ; ES ; ESPAÑA ; 09 ; CATALUÑA           ; 08 ; Barcelona ; 019 ; BARCELONA ; AV MERIDIANA 126 ; 08027 ; Operativas ; 
SECC ; SUCURSALES COMUNITARIAS ; 1465 ; ING BANK, N.V. S.E. (1465) ; ES ; ESPAÑA ; 09 ; CATALUÑA           ; 08 ; Barcelona ; 187 ; SABADELL ; CL Pi i Margall 10-12 ; 08208 ; Operativas ; 
SECC ; SUCURSALES COMUNITARIAS ; 1473 ; EDMOND DE ROTHSCHILD (EUROPE), S.E. (1473) ; ES ; ESPAÑA ; 09 ; CATALUÑA           ; 08 ; Barcelona ; 019 ; BARCELONA ; AV DIAGONAL 618 ; 08021 ; Operativas ; 
SECC ; SUCURSALES COMUNITARIAS ; 1488 ; BANK PICTET & CIE (EUROPE) AG S.E. (1488) ; ES ; ESPAÑA ; 09 ; CATALUÑA           ; 08 ; Barcelona ; 019 ; BARCELONA ; AV  DIAGONAL, 477, 12 D  ; 08036 ; Operativas ; 
SECC ; SUCURSALES COMUNITARIAS ; 1491 ; TRIODOS BANK, N.V., S.E. (1491) ; ES ; ESPAÑA ; 09 ; CATALUÑA           ; 08 ; Barcelona ; 019 ; BARCELONA ; AV  DIAGONAL, 418  ; 08037 ; Operativas ; 
SECC ; SUCURSALES COMUNITARIAS ; 1500 ; BPCE LEASE, S.E. (1500) ; ES ; ESPAÑA ; 09 ; CATALUÑA           ; 08 ; Barcelona ; 019 ; BARCELONA ; TR DE GRACIA 62 ; 08006 ; Operativas ; 
SECC ; SUCURSALES COMUNITARIAS ; 1504 ; HONDA BANK GMBH, S.E. (1504) ; ES ; ESPAÑA ; 09 ; CATALUÑA           ; 08 ; Barcelona ; 169 ; PRAT DE LLOBREGAT (EL) ; ZZ LA SELVA 00004 ; 08820 ; Operativas ; 
SECC ; SUCURSALES COMUNITARIAS ; 1525 ; BANQUE CHAABI DU MAROC, S.E. (1525) ; ES ; ESPAÑA ; 09 ; CATALUÑA           ; 08 ; Barcelona ; 019 ; BARCELONA ; CL ÁLAVA 65 ; 08005 ; Operativas ; 
SECC ; SUCURSALES COMUNITARIAS ; 1525 ; BANQUE CHAABI DU MAROC, S.E. (1525) ; ES ; ESPAÑA ; 09 ; CATALUÑA           ; 43 ; Tarragona ; 148 ; TARRAGONA ; CL JOAQUIM ICART LEONILA 2 ; 43007 ; Operativas ; 
SECC ; SUCURSALES COMUNITARIAS ; 1538 ; INDUST.COMMERC. BANK CHINA (EUROPE) (1538) ; ES ; ESPAÑA ; 09 ; CATALUÑA           ; 08 ; Barcelona ; 019 ; BARCELONA ; AV Diagonal 605 ; 08028 ; Operativas ; 
SECC ; SUCURSALES COMUNITARIAS ; 1541 ; ATTIJARIWAFA BANK EUROPE, S.E. (1541) ; ES ; ESPAÑA ; 09 ; CATALUÑA           ; 08 ; Barcelona ; 019 ; BARCELONA ; AV DE ROMA 17 ; 08029 ; Operativas ; 
SECC ; SUCURSALES COMUNITARIAS ; 1541 ; ATTIJARIWAFA BANK EUROPE, S.E. (1541) ; ES ; ESPAÑA ; 09 ; CATALUÑA           ; 08 ; Barcelona ; 019 ; BARCELONA ; AV JOSEP TARRADELLAS 8 ; 08029 ; Operativas ; 
SECC ; SUCURSALES COMUNITARIAS ; 1541 ; ATTIJARIWAFA BANK EUROPE, S.E. (1541) ; ES ; ESPAÑA ; 09 ; CATALUÑA           ; 43 ; Tarragona ; 148 ; TARRAGONA ; AV ANDORRA 5 ; 43002 ; Operativas ; 
SECC ; SUCURSALES COMUNITARIAS ; 1543 ; COFIDIS, S.A. SUCURSAL EN ESPAÑA (1543) ; ES ; ESPAÑA ; 09 ; CATALUÑA           ; 08 ; Barcelona ; 073 ; CORNELLÀ DE LLOBREGAT ; PZ DE LA PAU S/N, EDIF.1 WTC ALMEDA PARK  ; 08940 ; Operativas ; 
SECC ; SUCURSALES COMUNITARIAS ; 1550 ; BANCA POPOLARE ETICA SCPA, SE (1550) ; ES ; ESPAÑA ; 09 ; CATALUÑA           ; 08 ; Barcelona ; 019 ; BARCELONA ; CL COSEGA 495 ; 08025 ; Operativas ; 
SECC ; SUCURSALES COMUNITARIAS ; 1560 ; YOUNITED, SUCURSAL EN ESPAÑA (1560) ; ES ; ESPAÑA ; 09 ; CATALUÑA           ; 08 ; Barcelona ; 019 ; BARCELONA ; CL CARABELA LA NIÑA 12 ; 08017 ; Operativas ; 
SECE ; SUCURSALES EXTRACOMUNITARIAS ; 1460 ; UBS AG, S.E. (1460) ; ES ; ESPAÑA ; 09 ; CATALUÑA           ; 08 ; Barcelona ; 019 ; BARCELONA ; AV  DIAGONAL, 605, 7  ; 08028 ; Operativas ; 
########;########;########;########;########;########;########
########;########;########;########;########;########;########
CRITERIOS DE CONSULTA
 Oficinas en:  ; España
Comunidad Autonoma:  ; CATALUÑA          
Fecha de obtención: 29/08/2026,09:53;;;;;;;;;Fecha de Referencia: 31/03/2026
